Date/Time;Environment:Site Outdoor Air Drybulb Temperature [C](Hourly);BUREAU:Zone Operative Temperature [C](Hourly);BUREAU IDEAL LOADS AIR SYSTEM:Zone Ideal Loads Zone Total Cooling Energy [J](Hourly);BUREAU:Zone Heat Index [C](Hourly) 
 01/01  01:00:00;23.849999999999998;26.160392032799226;0.0;0.0 
 01/01  02:00:00;24.458333333333332;26.446625816599788;0.0;0.0 
 01/01  03:00:00;23.416666666666668;25.818490272213893;0.0;0.0 
 01/01  04:00:00;23.0;25.459748670863245;0.0;0.0 
 01/01  05:00:00;21.833333333333332;24.737308020417583;0.0;0.0 
 01/01  06:00:00;22.166666666666668;24.699237609821534;0.0;0.0 
 01/01  07:00:00;22.883333333333336;24.987517084331085;0.0;0.0 
 01/01  08:00:00;22.741666666666664;24.85022023016256;0.0;0.0 
 01/01  09:00:00;22.583333333333332;24.803303122341585;0.0;0.0 
 01/01  10:00:00;23.958333333333332;25.652600127802007;0.0;0.0 
 01/01  11:00:00;26.75;26.99077982345285;11623259.004773937;0.0 
 01/01  12:00:00;29.691666666666666;27.45528543780047;48588896.60312857;0.0 
 01/01  13:00:00;31.366666666666664;27.863039877085516;70286330.29868425;0.0 
 01/01  14:00:00;32.225;28.238790222352037;81696885.09865865;0.0 
 01/01  15:00:00;33.06666666666667;28.571069050488763;92750603.1112449;0.0 
 01/01  16:00:00;33.75;28.825833507032595;101927608.51741362;0.0 
 01/01  17:00:00;33.35833333333334;28.923856570922243;97458854.90911485;0.0 
 01/01  18:00:00;32.25833333333333;28.835474405298125;83571267.59856991;0.0 
 01/01  19:00:00;29.583333333333332;28.616771190270104;49973156.68940055;0.0 
 01/01  20:00:00;26.833333333333332;28.390233528577152;14800283.908550756;0.0 
 01/01  21:00:00;24.775000000000002;27.741054728231415;0.0;0.0 
 01/01  22:00:00;23.375;26.799776720108607;0.0;0.0 
 01/01  23:00:00;23.0;26.375914730270193;0.0;0.0 
 01/01  24:00:00;22.475000000000005;25.920611349927427;0.0;0.0 
 01/02  01:00:00;21.925;25.436268830109622;0.0;0.0 
 01/02  02:00:00;21.566666666666666;25.0611239013088;0.0;0.0 
 01/02  03:00:00;21.224999999999998;24.696015981826474;0.0;0.0 
 01/02  04:00:00;20.75;24.268262062668935;0.0;0.0 
 01/02  05:00:00;20.208333333333332;23.79977140388959;0.0;0.0 
 01/02  06:00:00;18.891666666666666;22.9419273959117;0.0;0.0 
 01/02  07:00:00;17.458333333333332;25.907458467011196;40954.33260766623;0.0 
 01/02  08:00:00;17.583333333333332;26.358420129590687;137568.97290980088;0.0 
 01/02  09:00:00;19.575;26.495965063967606;283513.2743317241;0.0 
 01/02  10:00:00;23.791666666666668;26.77126749478988;717113.8497515876;0.0 
 01/02  11:00:00;27.75;27.14559610946618;1272458.497480226;0.0 
 01/02  12:00:00;30.108333333333334;27.538626570142927;2021140.3430632595;0.0 
 01/02  13:00:00;31.599999999999998;27.937836227602997;2951966.2892412543;0.0 
 01/02  14:00:00;32.741666666666674;28.32786940989354;3966093.240768644;0.0 
 01/02  15:00:00;33.9;28.67860929874234;4927487.641820543;0.0 
 01/02  16:00:00;34.166666666666664;28.935243971091268;5644896.467017095;0.0 
 01/02  17:00:00;34.0;29.031761706780248;5910507.354565488;0.0 
 01/02  18:00:00;33.300000000000004;28.946731457437036;5666067.533879261;0.0 
 01/02  19:00:00;30.991666666666664;28.728025033843128;5053485.630736375;0.0 
 01/02  20:00:00;27.949999999999992;28.493219960595127;4389328.728172976;0.0 
 01/02  21:00:00;24.891666666666666;28.280515891850953;3810897.7356928615;0.0 
 01/02  22:00:00;23.25;28.10004680011437;3328075.7067313194;0.0 
 01/02  23:00:00;22.416666666666668;26.255558956506515;0.0;0.0 
 01/02  24:00:00;21.88333333333334;25.69680122274852;0.0;0.0 
 01/03  01:00:00;21.741666666666664;25.401005788212743;0.0;0.0 
 01/03  02:00:00;21.700000000000003;25.184502477084976;0.0;0.0 
 01/03  03:00:00;21.641666666666666;24.97937465373931;0.0;0.0 
 01/03  04:00:00;21.25;24.612278585354318;0.0;0.0 
 01/03  05:00:00;21.0;24.299310947080738;0.0;0.0 
 01/03  06:00:00;19.600000000000005;23.421264436745005;0.0;0.0 
 01/03  07:00:00;17.666666666666668;26.070801571826166;154127.16217845425;0.0 
 01/03  08:00:00;16.416666666666668;26.422103580612998;219967.01056895184;0.0 
 01/03  09:00:00;18.333333333333332;26.536800999942233;332444.3639120414;0.0 
 01/03  10:00:00;22.333333333333332;26.798385789263985;746931.1586819695;0.0 
 01/03  11:00:00;26.916666666666668;27.16990473688641;1299657.192578724;0.0 
 01/03  12:00:00;29.7;27.575423877338086;2066914.7216901896;0.0 
 01/03  13:00:00;30.958333333333332;27.97835382342687;3014567.5339894025;0.0 
 01/03  14:00:00;32.20000000000001;28.37672740397791;4058423.7226406587;0.0 
 01/03  15:00:00;33.458333333333336;28.736243885425555;5048737.687028444;0.0 
 01/03  16:00:00;34.0;28.99736784112491;5779876.654525589;0.0 
 01/03  17:00:00;33.416666666666664;29.08244328468852;6027386.900962041;0.0 
 01/03  18:00:00;32.416666666666664;28.980127391517726;5747422.908654227;0.0 
 01/03  19:00:00;30.25;28.752995705229626;5110511.124703742;0.0 
 01/03  20:00:00;27.833333333333332;28.516416179052186;4428357.738348369;0.0 
 01/03  21:00:00;25.833333333333332;28.30765531902037;3836869.162166196;0.0 
 01/03  22:00:00;23.833333333333332;28.114468515623003;3327331.887106224;0.0 
 01/03  23:00:00;23.0;26.541445127377912;0.0;0.0 
 01/03  24:00:00;22.125;25.84071274782805;0.0;0.0 
 01/04  01:00:00;21.208333333333332;25.109617673071607;0.0;0.0 
 01/04  02:00:00;20.708333333333332;24.612260825490367;0.0;0.0 
 01/04  03:00:00;20.208333333333332;24.128499893003607;0.0;0.0 
 01/04  04:00:00;19.416666666666668;23.502977522628886;0.0;0.0 
 01/04  05:00:00;19.0;23.046093014506393;0.0;0.0 
 01/04  06:00:00;17.308333333333334;21.976372290320796;0.0;0.0 
 01/04  07:00:00;16.041666666666668;25.362228648343677;0.0;0.0 
 01/04  08:00:00;16.0;25.97468276577403;0.0;0.0 
 01/04  09:00:00;18.333333333333332;26.211586453179702;0.0;0.0 
 01/04  10:00:00;22.333333333333332;26.59756616706459;407278.14587874245;0.0 
 01/04  11:00:00;26.333333333333332;26.98179711822431;1051568.4018732174;0.0 
 01/04  12:00:00;29.28333333333333;27.403873108042955;1788454.2922247052;0.0 
 01/04  13:00:00;31.133333333333336;27.83201564180226;2754974.9312063754;0.0 
 01/04  14:00:00;32.675000000000004;28.25000445860124;3827008.508388574;0.0 
 01/04  15:00:00;34.23333333333333;28.628457788757302;4851403.040319059;0.0 
 01/04  16:00:00;34.666666666666664;28.898956879142744;5602345.419962757;0.0 
 01/04  17:00:00;34.208333333333336;28.98658069393096;5850272.071906581;0.0 
 01/04  18:00:00;33.416666666666664;28.888789389370398;5575466.399358144;0.0 
 01/04  19:00:00;30.666666666666668;28.660754763494648;4950599.528523691;0.0 
 01/04  20:00:00;27.833333333333332;28.425565388128945;4289259.047434774;0.0 
 01/04  21:00:00;25.833333333333332;28.221988333085125;3710963.8352113366;0.0 
 01/04  22:00:00;24.416666666666668;28.038824976962896;3212888.27505629;0.0 
 01/04  23:00:00;24.0;26.978045896246446;0.0;0.0 
 01/04  24:00:00;23.358333333333334;26.437915879404198;0.0;0.0 
 01/05  01:00:00;22.258333333333336;25.659618452430518;0.0;0.0 
 01/05  02:00:00;21.099999999999998;24.8338463513617;0.0;0.0 
 01/05  03:00:00;19.958333333333332;23.997440079662493;0.0;0.0 
 01/05  04:00:00;18.508333333333333;22.995494953570084;0.0;0.0 
 01/05  05:00:00;16.75;21.80123266481057;0.0;0.0 
 01/05  06:00:00;14.891666666666666;20.522320338519705;0.0;0.0 
 01/05  07:00:00;13.808333333333332;24.769019605727326;0.0;0.0 
 01/05  08:00:00;13.25;25.51205545757276;0.0;0.0 
 01/05  09:00:00;15.975;25.775989015903292;0.0;0.0 
 01/05  10:00:00;21.541666666666668;26.378313842892695;168949.80812865;0.0 
 01/05  11:00:00;26.333333333333332;26.84377089746954;873325.1643638975;0.0 
 01/05  12:00:00;28.991666666666664;27.27592188224685;1597542.9552111672;0.0 
 01/05  13:00:00;30.516666666666666;27.702454388067967;2534931.237723356;0.0 
 01/05  14:00:00;31.974999999999998;28.116189141061344;3571914.6355547076;0.0 
 01/05  15:00:00;33.416666666666664;28.484951424284148;4551249.523334065;0.0 
 01/05  16:00:00;34.0;28.75446780878592;5283490.07398001;0.0 
 01/05  17:00:00;34.0;28.86249065435622;5576353.607937221;0.0 
 01/05  18:00:00;33.53333333333333;28.791941672790553;5381553.360283364;0.0 
 01/05  19:00:00;30.166666666666668;28.56819825238311;4794105.0919005545;0.0 
 01/05  20:00:00;26.483333333333334;28.32200406350835;4133284.0089857136;0.0 
 01/05  21:00:00;23.88333333333333;28.11180171108359;3553223.0483168466;0.0 
 01/05  22:00:00;21.983333333333334;27.924043921510503;3057113.3357761293;0.0 
 01/05  23:00:00;20.583333333333332;25.1386639486939;0.0;0.0 
 01/05  24:00:00;19.650000000000002;24.277692749781703;0.0;0.0 
 01/06  01:00:00;19.224999999999998;23.76743883109752;0.0;0.0 
 01/06  02:00:00;18.983333333333334;23.389334625045034;0.0;0.0 
 01/06  03:00:00;18.725000000000005;23.03372698247905;0.0;0.0 
 01/06  04:00:00;18.25;22.580721012338653;0.0;0.0 
 01/06  05:00:00;18.0;22.232360867328904;0.0;0.0 
 01/06  06:00:00;17.3;21.681894469149015;0.0;0.0 
 01/06  07:00:00;15.166666666666666;24.98124409991742;0.0;0.0 
 01/06  08:00:00;14.0;25.516443334527974;0.0;0.0 
 01/06  09:00:00;15.75;25.74151268313196;0.0;0.0 
 01/06  10:00:00;21.083333333333332;26.320487082719932;157426.92971914692;0.0 
 01/06  11:00:00;26.916666666666668;26.802984987637547;832397.7612987065;0.0 
 01/06  12:00:00;29.816666666666666;27.246072902125388;1584553.9097473407;0.0 
 01/06  13:00:00;31.275000000000002;27.68382028572525;2555678.8708835496;0.0 
 01/06  14:00:00;32.71666666666667;28.116815948310727;3644271.047523667;0.0 
 01/06  15:00:00;34.175000000000004;28.502210514967572;4671618.095300127;0.0 
 01/06  16:00:00;34.916666666666664;28.79002906521527;5450312.08731854;0.0 
 01/06  17:00:00;35.0;28.91036422951072;5763354.360320155;0.0 
 01/06  18:00:00;34.125;28.832639609019708;5533898.744972905;0.0 
 01/06  19:00:00;30.875;28.600340039704463;4897937.707162679;0.0 
 01/06  20:00:00;27.425;28.348436259616275;4199089.315711525;0.0 
 01/06  21:00:00;24.724999999999998;28.127666472054887;3588070.8946411987;0.0 
 01/06  22:00:00;22.666666666666668;27.929521577129346;3067512.9396268646;0.0 
 01/06  23:00:00;20.833333333333332;25.259698276546242;0.0;0.0 
 01/06  24:00:00;19.183333333333337;24.024168092553555;0.0;0.0 
 01/07  01:00:00;17.900000000000002;23.02525236974728;0.0;0.0 
 01/07  02:00:00;16.7;22.081215730038213;0.0;0.0 
 01/07  03:00:00;15.5;21.13824333482308;0.0;0.0 
 01/07  04:00:00;14.416666666666666;20.250243013913494;0.0;0.0 
 01/07  05:00:00;14.0;19.70732707525667;0.0;0.0 
 01/07  06:00:00;13.475;19.170757367435673;0.0;0.0 
 01/07  07:00:00;13.041666666666666;23.643911270231744;0.0;0.0 
 01/07  08:00:00;15.799999999999999;24.5353644795113;0.0;0.0 
 01/07  09:00:00;17.391666666666666;24.917136060010918;0.0;0.0 
 01/07  10:00:00;21.708333333333332;25.652169088574926;0.0;0.0 
 01/07  11:00:00;27.333333333333332;26.50900931085826;488941.84262863314;0.0 
 01/07  12:00:00;31.099999999999998;27.001589248332394;1258381.2489534926;0.0 
 01/07  13:00:00;33.475;27.487262554951695;2273501.521733893;0.0 
 01/07  14:00:00;34.916666666666664;27.946583043191527;3394660.8547027414;0.0 
 01/07  15:00:00;36.375;28.357836760809054;4461646.326025408;0.0 
 01/07  16:00:00;37.0;28.665356508008827;5278170.325675959;0.0 
 01/07  17:00:00;37.0;28.81151237964791;5652729.621782509;0.0 
 01/07  18:00:00;36.00833333333333;28.762673493281095;5493511.208877694;0.0 
 01/07  19:00:00;31.625;28.541018097179357;75264765.74340197;0.0 
 01/07  20:00:00;27.775000000000002;28.302066438219786;26769073.684972435;0.0 
 01/07  21:00:00;25.675;27.973746570378154;3164291.0106886267;0.0 
 01/07  22:00:00;24.391666666666666;27.251761357883964;0.0;0.0 
 01/07  23:00:00;23.75;26.730599876311867;0.0;0.0 
 01/07  24:00:00;23.09166666666667;26.206617857600108;0.0;0.0 
 01/08  01:00:00;22.275000000000002;25.596426700674275;0.0;0.0 
 01/08  02:00:00;21.433333333333337;24.95922702096065;0.0;0.0 
 01/08  03:00:00;20.575;24.308707900278176;0.0;0.0 
 01/08  04:00:00;19.558333333333334;23.569280494462575;0.0;0.0 
 01/08  05:00:00;18.458333333333332;22.769952769613344;0.0;0.0 
 01/08  06:00:00;17.883333333333333;22.22317423355277;0.0;0.0 
 01/08  07:00:00;16.75;21.42740598388336;0.0;0.0 
 01/08  08:00:00;17.166666666666668;21.37932054988427;0.0;0.0 
 01/08  09:00:00;19.108333333333334;22.382808369943504;0.0;0.0 
 01/08  10:00:00;22.875;24.53179611893331;0.0;0.0 
 01/08  11:00:00;28.5;26.661908192626232;32369256.78943371;0.0 
 01/08  12:00:00;32.050000000000004;27.213343326923635;77347558.68804336;0.0 
 01/08  13:00:00;33.55833333333333;27.692898778503462;96685875.9319651;0.0 
 01/08  14:00:00;34.800000000000004;28.14018523045836;112756231.38265735;0.0 
 01/08  15:00:00;36.05833333333333;28.539286724648687;128833733.14176598;0.0 
 01/08  16:00:00;36.425000000000004;28.8390440958412;134139426.90612477;0.0 
 01/08  17:00:00;36.125;28.969029970206964;131132236.08458468;0.0 
 01/08  18:00:00;35.53333333333333;28.907962771176358;123629360.88947031;0.0 
 01/08  19:00:00;33.15833333333333;28.71277691118485;94188175.80348727;0.0 
 01/08  20:00:00;29.599999999999998;28.493242925730556;49806582.194475025;0.0 
 01/08  21:00:00;26.058333333333334;28.158437810351597;8099476.928256894;0.0 
 01/08  22:00:00;24.425;27.441600499847244;0.0;0.0 
 01/08  23:00:00;24.125;27.105162636838276;0.0;0.0 
 01/08  24:00:00;23.649999999999995;26.705234591085688;0.0;0.0 
 01/09  01:00:00;23.34166666666667;26.385418968814026;0.0;0.0 
 01/09  02:00:00;23.3;26.213847815916427;0.0;0.0 
 01/09  03:00:00;23.241666666666664;26.045602787365265;0.0;0.0 
 01/09  04:00:00;23.083333333333332;25.830156035489935;0.0;0.0 
 01/09  05:00:00;23.0;25.65583402422156;0.0;0.0 
 01/09  06:00:00;22.650000000000002;25.357165015657703;0.0;0.0 
 01/09  07:00:00;22.166666666666668;26.768357126974696;728231.5384718546;0.0 
 01/09  08:00:00;22.0;26.878205487805673;893141.8782791992;0.0 
 01/09  09:00:00;21.76666666666667;26.947006695500846;954817.23023191;0.0 
 01/09  10:00:00;23.583333333333332;27.136262393338438;1201211.021723932;0.0 
 01/09  11:00:00;26.166666666666668;27.42641116502656;1679989.7970311083;0.0 
 01/09  12:00:00;28.516666666666666;27.75456578963507;2333431.8438803754;0.0 
 01/09  13:00:00;30.066666666666666;28.095216726358814;3125774.4125372935;0.0 
 01/09  14:00:00;30.925;28.418519014953898;3966536.5062631886;0.0 
 01/09  15:00:00;31.76666666666667;28.704356648561916;4750631.488492077;0.0 
 01/09  16:00:00;32.041666666666664;28.90210031235352;5316736.369366858;0.0 
 01/09  17:00:00;31.416666666666668;28.942691938160795;5463147.025315368;0.0 
 01/09  18:00:00;30.358333333333334;28.827167583543797;5172697.907841505;0.0 
 01/09  19:00:00;28.208333333333332;28.625095893991045;4629078.721440349;0.0 
 01/09  20:00:00;26.3;28.421300583779484;4058408.5778872916;0.0 
 01/09  21:00:00;25.099999999999998;28.249345888240484;3571579.105411808;0.0 
 01/09  22:00:00;24.25;28.097067200320883;3163104.608043117;0.0 
 01/09  23:00:00;23.416666666666668;26.766388706643855;0.0;0.0 
 01/09  24:00:00;23.058333333333337;26.341493860308915;0.0;0.0 
 01/10  01:00:00;22.51666666666667;25.881183417825195;0.0;0.0 
 01/10  02:00:00;21.575;25.19118461562492;0.0;0.0 
 01/10  03:00:00;20.616666666666667;24.474992454186182;0.0;0.0 
 01/10  04:00:00;20.083333333333332;23.961237111116706;0.0;0.0 
 01/10  05:00:00;20.0;23.704605566528766;0.0;0.0 
 01/10  06:00:00;19.125;23.071642434662294;0.0;0.0 
 01/10  07:00:00;18.208333333333332;25.971914675770474;72703.794050328;0.0 
 01/10  08:00:00;17.416666666666668;26.385319848242137;121914.98385670604;0.0 
 01/10  09:00:00;19.391666666666666;26.506585059683214;257428.42769043383;0.0 
 01/10  10:00:00;23.375;26.76316439621107;676449.2926221513;0.0 
 01/10  11:00:00;26.166666666666668;26.667277120996776;556734.0636749727;0.0 
 01/10  12:00:00;28.34166666666667;26.246875574401184;56839.645488940005;0.0 
 01/10  13:00:00;30.233333333333334;26.09428935723457;0.0;0.0 
 01/10  14:00:00;31.775000000000002;26.879505085884897;690577.7826326257;0.0 
 01/10  15:00:00;33.333333333333336;26.85638932308268;879268.736117046;0.0 
 01/10  16:00:00;34.0;26.44137504712073;306257.2568160343;0.0 
 01/10  17:00:00;33.416666666666664;25.99619618680424;10238.788550748359;0.0 
 01/10  18:00:00;32.18333333333334;25.232418961735224;0.0;0.0 
 01/10  19:00:00;30.083333333333332;24.48543022464881;0.0;0.0 
 01/10  20:00:00;27.775000000000002;24.12443985230966;0.0;0.0 
 01/10  21:00:00;25.616666666666664;23.74987554277625;0.0;0.0 
 01/10  22:00:00;24.875;23.047380832628075;0.0;0.0 
 01/10  23:00:00;25.0;24.130984738862065;0.0;0.0 
 01/10  24:00:00;24.416666666666668;23.904684497792534;0.0;0.0 
 01/11  01:00:00;23.59166666666667;23.603389625007196;0.0;0.0 
 01/11  02:00:00;22.833333333333332;23.14648328736323;0.0;0.0 
 01/11  03:00:00;22.09166666666667;22.660072272594448;0.0;0.0 
 01/11  04:00:00;21.566666666666666;22.268403502039334;0.0;0.0 
 01/11  05:00:00;21.166666666666668;21.944240651534376;0.0;0.0 
 01/11  06:00:00;20.475000000000005;21.477425775473222;0.0;0.0 
 01/11  07:00:00;19.458333333333332;21.796889559573515;0.0;0.0 
 01/11  08:00:00;18.416666666666668;21.767311160287992;0.0;0.0 
 01/11  09:00:00;19.108333333333334;21.92519342390355;0.0;0.0 
 01/11  10:00:00;22.291666666666668;22.570432805166718;0.0;0.0 
 01/11  11:00:00;26.333333333333332;23.710886353609155;0.0;0.0 
 01/11  12:00:00;28.583333333333332;24.84685762316707;0.0;0.0 
 01/11  13:00:00;29.583333333333332;25.838970112116854;388032.2071924639;0.0 
 01/11  14:00:00;30.583333333333332;26.338316574992803;1420914.5321967038;0.0 
 01/11  15:00:00;31.583333333333332;26.75968833103335;2378497.720751694;0.0 
 01/11  16:00:00;31.416666666666668;27.068589873731813;3041795.642842541;0.0 
 01/11  17:00:00;31.0;27.207809718769074;3256598.00049861;0.0 
 01/11  18:00:00;30.53333333333333;27.167642262870107;3033839.603531133;0.0 
 01/11  19:00:00;28.916666666666668;27.014437121954177;2552262.0360106626;0.0 
 01/11  20:00:00;26.833333333333332;26.863094618206123;2057151.3725700488;0.0 
 01/11  21:00:00;24.833333333333332;26.73558003002536;1633228.0525401335;0.0 
 01/11  22:00:00;23.416666666666668;26.627519767610064;1270864.982716243;0.0 
 01/11  23:00:00;22.416666666666668;24.773080138089984;0.0;0.0 
 01/11  24:00:00;22.0;24.36166955854129;0.0;0.0 
 01/12  01:00:00;21.708333333333332;24.07097865202621;0.0;0.0 
 01/12  02:00:00;21.266666666666666;23.703672846110795;0.0;0.0 
 01/12  03:00:00;20.808333333333337;23.328189212167278;0.0;0.0 
 01/12  04:00:00;20.541666666666668;23.04484685425959;0.0;0.0 
 01/12  05:00:00;20.441666666666666;22.861284877541767;0.0;0.0 
 01/12  06:00:00;20.05;22.544098037739587;0.0;0.0 
 01/12  07:00:00;19.333333333333332;24.28064739630757;0.0;0.0 
 01/12  08:00:00;19.0;24.71734020863434;0.0;0.0 
 01/12  09:00:00;19.116666666666667;24.909620695905428;0.0;0.0 
 01/12  10:00:00;22.0;25.503187380496982;0.0;0.0 
 01/12  11:00:00;25.75;26.227351531288566;297874.0193715498;0.0 
 01/12  12:00:00;27.349999999999998;26.630399916821574;941593.455646819;0.0 
 01/12  13:00:00;28.358333333333334;27.03122779402678;1733577.4298904082;0.0 
 01/12  14:00:00;29.65833333333333;27.426961575251283;2616296.9593442352;0.0 
 01/12  15:00:00;30.958333333333332;27.772776395159323;3435336.433045038;0.0 
 01/12  16:00:00;31.208333333333332;28.000072144828337;3977411.803432588;0.0 
 01/12  17:00:00;31.0;28.055082245352818;4085069.7962012123;0.0 
 01/12  18:00:00;30.3;27.96923139718312;3818187.9623959307;0.0 
 01/12  19:00:00;28.75;27.81099819124488;3355397.0935350168;0.0 
 01/12  20:00:00;27.358333333333334;27.646100623649843;2872360.8772637662;0.0 
 01/12  21:00:00;26.258333333333336;27.503402759025033;2446348.237852678;0.0 
 01/12  22:00:00;25.333333333333332;27.372098554504657;2082988.608248182;0.0 
 01/12  23:00:00;25.0;26.822672256479464;0.0;0.0 
 01/12  24:00:00;24.416666666666668;26.395626794313063;0.0;0.0 
 01/13  01:00:00;23.708333333333332;25.883754471865092;0.0;0.0 
 01/13  02:00:00;23.26666666666667;25.50723563723322;0.0;0.0 
 01/13  03:00:00;22.808333333333337;25.129602154182667;0.0;0.0 
 01/13  04:00:00;22.25;24.702816533712607;0.0;0.0 
 01/13  05:00:00;22.583333333333332;24.723567743997574;0.0;0.0 
 01/13  06:00:00;22.241666666666664;24.465541637833372;0.0;0.0 
 01/13  07:00:00;21.291666666666668;25.87846139806875;26976.729048240308;0.0 
 01/13  08:00:00;21.0;26.2312681996854;54427.51145026123;0.0 
 01/13  09:00:00;21.0;26.305233938391808;129224.71582156688;0.0 
 01/13  10:00:00;22.166666666666668;26.48065436738715;378808.1687640999;0.0 
 01/13  11:00:00;25.333333333333332;26.790358794679673;797270.9194243938;0.0 
 01/13  12:00:00;28.166666666666668;27.169926023013016;1462164.8848918895;0.0 
 01/13  13:00:00;29.583333333333332;27.554388684137802;2302051.661249113;0.0 
 01/13  14:00:00;30.525000000000002;27.925860116235153;3225754.379398511;0.0 
 01/13  15:00:00;31.48333333333333;28.259446175557517;4106427.792705045;0.0 
 01/13  16:00:00;31.958333333333332;28.500183271828593;4754385.925764053;0.0 
 01/13  17:00:00;30.833333333333332;28.542249732844173;4893357.266574777;0.0 
 01/13  18:00:00;29.474999999999998;28.415879897402714;4554776.06183649;0.0 
 01/13  19:00:00;28.458333333333332;28.225819772594466;4013049.3889345303;0.0 
 01/13  20:00:00;26.891666666666666;28.03815307863016;3477212.225624255;0.0 
 01/13  21:00:00;25.05;27.875821762337356;3018214.090491201;0.0 
 01/13  22:00:00;22.958333333333332;27.713677443110527;2615231.883519981;0.0 
 01/13  23:00:00;22.0;25.623358419889808;0.0;0.0 
 01/13  24:00:00;22.46666666666667;25.57869673703267;0.0;0.0 
 01/14  01:00:00;22.21666666666667;25.2883212123884;0.0;0.0 
 01/14  02:00:00;21.216666666666665;24.584089451338418;0.0;0.0 
 01/14  03:00:00;20.216666666666665;23.854083042127403;0.0;0.0 
 01/14  04:00:00;19.566666666666666;23.285407690643876;0.0;0.0 
 01/14  05:00:00;19.166666666666668;22.86275192691434;0.0;0.0 
 01/14  06:00:00;19.0;22.572809629760062;0.0;0.0 
 01/14  07:00:00;18.416666666666668;25.12241186955228;0.0;0.0 
 01/14  08:00:00;17.416666666666668;25.654449379346996;0.0;0.0 
 01/14  09:00:00;18.866666666666667;25.84531077321449;0.0;0.0 
 01/14  10:00:00;22.416666666666668;26.35273242438571;172640.65462704387;0.0 
 01/14  11:00:00;25.75;26.76069575644784;777054.1465498075;0.0 
 01/14  12:00:00;28.28333333333333;27.172732675826992;1479987.476441888;0.0 
 01/14  13:00:00;29.900000000000002;27.59426848070547;2402977.117688161;0.0 
 01/14  14:00:00;31.099999999999998;28.003607230260304;3422115.5770832384;0.0 
 01/14  15:00:00;32.300000000000004;28.365627082054516;4371972.706620826;0.0 
 01/14  16:00:00;32.916666666666664;28.612436950789117;5034647.580666962;0.0 
 01/14  17:00:00;32.416666666666664;28.673263282286886;5198206.347242695;0.0 
 01/14  18:00:00;31.766666666666666;28.575469080619197;4910486.292337876;0.0 
 01/14  19:00:00;29.90833333333333;28.381210247833252;53503307.389196515;0.0 
 01/14  20:00:00;27.008333333333336;28.160289163711;16535586.856115464;0.0 
 01/14  21:00:00;24.108333333333334;27.145712912317965;0.0;0.0 
 01/14  22:00:00;22.666666666666668;26.138664771854845;0.0;0.0 
 01/14  23:00:00;22.208333333333332;25.676628138452376;0.0;0.0 
 01/14  24:00:00;21.3;25.014391742612954;0.0;0.0 
 01/15  01:00:00;20.683333333333334;24.483032382643913;0.0;0.0 
 01/15  02:00:00;20.483333333333334;24.18820408737029;0.0;0.0 
 01/15  03:00:00;20.283333333333335;23.90278284367427;0.0;0.0 
 01/15  04:00:00;20.083333333333332;23.62683249761524;0.0;0.0 
 01/15  05:00:00;18.833333333333332;22.827982885706806;0.0;0.0 
 01/15  06:00:00;17.533333333333335;21.92136922349103;0.0;0.0 
 01/15  07:00:00;17.083333333333332;21.44718655748521;0.0;0.0 
 01/15  08:00:00;17.0;21.214436095009603;0.0;0.0 
 01/15  09:00:00;17.233333333333334;21.283116687158113;0.0;0.0 
 01/15  10:00:00;22.53333333333333;24.07235224703057;419285.0997706584;0.0 
 01/15  11:00:00;25.5;26.180400396324334;97425.27904791058;0.0 
 01/15  12:00:00;25.933333333333337;26.756919945045265;2767891.403867785;0.0 
 01/15  13:00:00;27.708333333333332;27.30575743357531;23612567.92266526;0.0 
 01/15  14:00:00;29.55;27.7147842667641;47582149.410105094;0.0 
 01/15  15:00:00;31.40833333333333;28.052170390741352;71319282.46262833;0.0 
 01/15  16:00:00;32.666666666666664;28.276165668521088;87488160.02618562;0.0 
 01/15  17:00:00;32.416666666666664;28.346611622765465;84762144.71078175;0.0 
 01/15  18:00:00;31.125;28.26939187768321;68481326.07238224;0.0 
 01/15  19:00:00;29.041666666666668;28.110343815328363;42152444.29500152;0.0 
 01/15  20:00:00;26.833333333333332;27.938506492266075;13867709.845924236;0.0 
 01/15  21:00:00;24.891666666666666;27.356631081353058;0.0;0.0 
 01/15  22:00:00;23.458333333333332;26.45375433680466;0.0;0.0 
 01/15  23:00:00;22.416666666666668;25.7305255506447;0.0;0.0 
 01/15  24:00:00;22.0;25.316028245895925;0.0;0.0 
 01/16  01:00:00;21.53333333333333;24.91391370885172;0.0;0.0 
 01/16  02:00:00;20.675;24.298200191010547;0.0;0.0 
 01/16  03:00:00;19.833333333333332;23.67406441663604;0.0;0.0 
 01/16  04:00:00;19.208333333333332;23.148243117499987;0.0;0.0 
 01/16  05:00:00;18.416666666666668;22.540830399719084;0.0;0.0 
 01/16  06:00:00;17.416666666666668;21.805036933764352;0.0;0.0 
 01/16  07:00:00;16.708333333333332;21.199338710891606;0.0;0.0 
 01/16  08:00:00;16.208333333333332;20.735019934640373;0.0;0.0 
 01/16  09:00:00;17.691666666666666;21.41341458351087;0.0;0.0 
 01/16  10:00:00;21.875;23.762149977517534;0.0;0.0 
 01/16  11:00:00;26.916666666666668;26.268934831342033;15184389.679136112;0.0 
 01/16  12:00:00;30.108333333333334;26.964274013074817;53130517.19245057;0.0 
 01/16  13:00:00;31.65833333333333;27.462059105810706;73315464.12310289;0.0 
 01/16  14:00:00;32.958333333333336;27.930232477267918;90279908.85460189;0.0 
 01/16  15:00:00;34.25833333333333;28.348450409104625;107026335.12450929;0.0 
 01/16  16:00:00;34.916666666666664;28.669417887048624;115997242.45164913;0.0 
 01/16  17:00:00;34.416666666666664;28.81583765262479;110490507.7198528;0.0 
 01/16  18:00:00;33.300000000000004;28.75779731349111;96547760.10385099;0.0 
 01/16  19:00:00;30.583333333333332;28.55188893452056;62551537.65832119;0.0 
 01/16  20:00:00;27.541666666666668;28.326519856703158;23857558.177829042;0.0 
 01/16  21:00:00;25.099999999999998;27.80119834771892;863813.3042888716;0.0 
 01/16  22:00:00;24.625;27.368150112960844;0.0;0.0 
 01/16  23:00:00;24.416666666666668;27.110280234923305;0.0;0.0 
 01/16  24:00:00;24.641666666666666;27.04146827152849;0.0;0.0 
 01/17  01:00:00;24.458333333333332;26.83590110020512;0.0;0.0 
 01/17  02:00:00;23.358333333333334;26.115055897742593;0.0;0.0 
 01/17  03:00:00;22.258333333333336;25.361697431341288;0.0;0.0 
 01/17  04:00:00;21.275000000000002;24.647325649883598;0.0;0.0 
 01/17  05:00:00;20.375;23.96961398083152;0.0;0.0 
 01/17  06:00:00;19.358333333333334;23.22905852383057;0.0;0.0 
 01/17  07:00:00;18.958333333333332;26.04302012445112;145209.61607520876;0.0 
 01/17  08:00:00;19.0;26.41388612772351;242821.088044902;0.0 
 01/17  09:00:00;19.058333333333334;26.509362728612853;322596.80169694475;0.0 
 01/17  10:00:00;21.958333333333332;26.75010871218598;692203.5368557809;0.0 
 01/17  11:00:00;25.166666666666668;27.09515674594053;1205013.6594496837;0.0 
 01/17  12:00:00;27.28333333333333;27.46939438798151;1910710.43653864;0.0 
 01/17  13:00:00;29.074999999999992;27.865593673615148;2812227.4621707667;0.0 
 01/17  14:00:00;30.516666666666666;28.252503490069085;3803181.7098922525;0.0 
 01/17  15:00:00;31.974999999999998;28.60532069476118;4758150.452888386;0.0 
 01/17  16:00:00;32.25;28.85974754572133;5469118.423720708;0.0 
 01/17  17:00:00;31.416666666666668;28.935133161489436;5696128.613441635;0.0 
 01/17  18:00:00;30.53333333333333;28.830281978904356;5414848.80435759;0.0 
 01/17  19:00:00;28.916666666666668;28.620029010681346;4821079.165512807;0.0 
 01/17  20:00:00;26.71666666666667;28.407662906368802;4203749.154682206;0.0 
 01/17  21:00:00;24.516666666666666;28.21669210652657;3670533.8005024446;0.0 
 01/17  22:00:00;23.25;28.04787494695419;3218230.870498969;0.0 
 01/17  23:00:00;23.0;26.4998316564358;0.0;0.0 
 01/17  24:00:00;22.53333333333333;26.026639348810217;0.0;0.0 
 01/18  01:00:00;22.083333333333332;25.582814987417436;0.0;0.0 
 01/18  02:00:00;21.88333333333334;25.289351691794366;0.0;0.0 
 01/18  03:00:00;21.683333333333337;25.01247642688233;0.0;0.0 
 01/18  04:00:00;21.25;24.626141480891192;0.0;0.0 
 01/18  05:00:00;20.416666666666668;24.024098419625222;0.0;0.0 
 01/18  06:00:00;20.0;23.606462605076132;0.0;0.0 
 01/18  07:00:00;19.416666666666668;26.099062468117733;201289.99818745925;0.0 
 01/18  08:00:00;19.0;26.514922657929777;413564.693702199;0.0 
 01/18  09:00:00;18.533333333333335;26.591682609666076;492382.2663033244;0.0 
 01/18  10:00:00;20.416666666666668;26.764780678142287;714611.983705803;0.0 
 01/18  11:00:00;23.75;27.053471183559385;1110447.4923573367;0.0 
 01/18  12:00:00;26.63333333333334;27.401963249364098;1723234.3308450188;0.0 
 01/18  13:00:00;28.441666666666666;27.76252090816051;2504539.270961525;0.0 
 01/18  14:00:00;29.541666666666668;28.10733416000674;3360244.677836335;0.0 
 01/18  15:00:00;30.641666666666666;28.413602518584042;4174506.9649176653;0.0 
 01/18  16:00:00;31.041666666666668;28.63310498641636;4782043.649115938;0.0 
 01/18  17:00:00;31.0;28.698098803146717;4984598.813660422;0.0 
 01/18  18:00:00;29.891666666666666;28.59511732739332;4741664.657948703;0.0 
 01/18  19:00:00;28.458333333333332;28.40941974849487;4239175.590641437;0.0 
 01/18  20:00:00;27.125;28.228888063372576;3716422.683714195;0.0 
 01/18  21:00:00;25.625;28.060705044621482;3256512.545414831;0.0 
 01/18  22:00:00;25.0;27.915344528527186;2868183.16244697;0.0 
 01/18  23:00:00;25.0;27.38863738862781;0.0;0.0 
 01/18  24:00:00;24.416666666666668;26.946216858270457;0.0;0.0 
 01/19  01:00:00;23.649999999999995;26.385094089822417;0.0;0.0 
 01/19  02:00:00;22.991666666666664;25.87706252551799;0.0;0.0 
 01/19  03:00:00;22.349999999999998;25.37178329577694;0.0;0.0 
 01/19  04:00:00;22.041666666666668;25.03340810350853;0.0;0.0 
 01/19  05:00:00;21.416666666666668;24.55616980393612;0.0;0.0 
 01/19  06:00:00;21.291666666666668;24.30648327198109;0.0;0.0 
 01/19  07:00:00;21.208333333333332;26.320604821498815;305145.7279438153;0.0 
 01/19  08:00:00;21.0;26.587668357700746;504216.14914740314;0.0 
 01/19  09:00:00;21.11666666666667;26.65619160427794;574093.782382187;0.0 
 01/19  10:00:00;22.833333333333332;26.826572153461417;789606.5568857681;0.0 
 01/19  11:00:00;25.75;27.10959860482932;1176066.7262741118;0.0 
 01/19  12:00:00;27.875;27.42679992739923;1751232.0006692107;0.0 
 01/19  13:00:00;28.849999999999998;27.737575753141574;2434274.914415584;0.0 
 01/19  14:00:00;29.391666666666666;28.029351359845645;3154138.18295402;0.0 
 01/19  15:00:00;29.95;28.28210527472406;3819199.027170021;0.0 
 01/19  16:00:00;30.666666666666668;28.45437627997153;4287763.137153984;0.0 
 01/19  17:00:00;30.416666666666668;28.47883657967023;4386757.941940044;0.0 
 01/19  18:00:00;29.416666666666668;28.379193774267026;4152256.2890572287;0.0 
 01/19  19:00:00;28.241666666666664;28.230654770345378;3758282.087661824;0.0 
 01/19  20:00:00;26.883333333333336;28.078437713918756;3340606.848383177;0.0 
 01/19  21:00:00;25.541666666666668;27.935852928487957;2964988.533198125;0.0 
 01/19  22:00:00;24.416666666666668;27.79994214328551;2630583.4204348936;0.0 
 01/19  23:00:00;23.416666666666668;26.4607451365403;0.0;0.0 
 01/19  24:00:00;22.416666666666668;25.727267675963116;0.0;0.0 
 01/20  01:00:00;21.825;25.204257467491658;0.0;0.0 
 01/20  02:00:00;21.583333333333332;24.885242568255517;0.0;0.0 
 01/20  03:00:00;21.325000000000003;24.578083893326095;0.0;0.0 
 01/20  04:00:00;20.558333333333334;24.017534254946494;0.0;0.0 
 01/20  05:00:00;19.458333333333332;23.25862625405438;0.0;0.0 
 01/20  06:00:00;18.941666666666666;22.77871252113609;0.0;0.0 
 01/20  07:00:00;17.791666666666668;25.51928761745167;0.0;0.0 
 01/20  08:00:00;17.0;26.192670540160858;0.0;0.0 
 01/20  09:00:00;17.99166666666667;26.33967892936826;93922.73299212722;0.0 
 01/20  10:00:00;20.625;26.5701458418316;450819.1998476315;0.0 
 01/20  11:00:00;24.916666666666668;26.92521614323056;954062.2965161402;0.0 
 01/20  12:00:00;27.641666666666666;27.320183557843635;1661478.7379581966;0.0 
 01/20  13:00:00;29.09166666666667;27.70996010491505;2528209.421836928;0.0 
 01/20  14:00:00;30.791666666666668;28.10149995739823;3494727.339982066;0.0 
 01/20  15:00:00;32.49166666666667;28.45101595658905;4412846.507515479;0.0 
 01/20  16:00:00;33.083333333333336;28.704384629740975;5106410.099315124;0.0 
 01/20  17:00:00;33.0;28.789535793583365;5349907.480074573;0.0 
 01/20  18:00:00;31.95;28.701065568982244;5117011.241432124;0.0 
 01/20  19:00:00;28.75;28.491592858330083;4567707.992989704;0.0 
 01/20  20:00:00;26.183333333333337;28.280274044331815;3982076.9561635265;0.0 
 01/20  21:00:00;24.783333333333335;28.10750970432552;3479084.3154160054;0.0 
 01/20  22:00:00;23.850000000000005;27.960214493999164;3059162.5968314977;0.0 
 01/20  23:00:00;23.25;26.552434033588824;0.0;0.0 
 01/20  24:00:00;22.53333333333333;25.96366630313452;0.0;0.0 
 01/21  01:00:00;21.90833333333333;25.438633149938795;0.0;0.0 
 01/21  02:00:00;21.46666666666667;25.019614485830356;0.0;0.0 
 01/21  03:00:00;21.008333333333336;24.59999492603453;0.0;0.0 
 01/21  04:00:00;20.333333333333332;24.065958995959733;0.0;0.0 
 01/21  05:00:00;19.416666666666668;23.39446639999005;0.0;0.0 
 01/21  06:00:00;19.7;23.315312916719233;0.0;0.0 
 01/21  07:00:00;20.375;25.9961598295377;150337.8727732834;0.0 
 01/21  08:00:00;20.733333333333334;26.463931173805662;355560.93191876245;0.0 
 01/21  09:00:00;21.075;26.559237245875504;465891.6811310781;0.0 
 01/21  10:00:00;23.766666666666666;26.775570073656425;721126.624370805;0.0 
 01/21  11:00:00;28.166666666666668;27.116336726654563;1195432.3550184397;0.0 
 01/21  12:00:00;30.583333333333332;27.491139475241862;1904348.7068575476;0.0 
 01/21  13:00:00;31.758333333333336;27.86828831497266;2769166.3672460075;0.0 
 01/21  14:00:00;33.0;28.23839012648502;3711588.562649374;0.0 
 01/21  15:00:00;34.25833333333333;28.54990107727724;4549071.641890031;0.0 
 01/21  16:00:00;34.916666666666664;28.752773751112997;5110390.663629439;0.0 
 01/21  17:00:00;34.416666666666664;28.809574963777745;5278876.578477932;0.0 
 01/21  18:00:00;33.416666666666664;28.73978514706377;5084635.8728291765;0.0 
 01/21  19:00:00;30.666666666666668;28.579378887944628;63175508.36913796;0.0 
 01/21  20:00:00;27.891666666666666;28.395333255557848;28123094.540666178;0.0 
 01/21  21:00:00;26.050000000000008;28.185560893852397;5445119.5856072875;0.0 
 01/21  22:00:00;23.958333333333332;27.173117434501165;0.0;0.0 
 01/21  23:00:00;23.0;26.44106995711449;0.0;0.0 
 01/21  24:00:00;22.941666666666666;26.2197730645476;0.0;0.0 
 01/22  01:00:00;22.491666666666664;25.82598251511995;0.0;0.0 
 01/22  02:00:00;21.791666666666668;25.289531218342713;0.0;0.0 
 01/22  03:00:00;21.09166666666667;24.741167483283277;0.0;0.0 
 01/22  04:00:00;20.333333333333332;24.153935428863168;0.0;0.0 
 01/22  05:00:00;20.0;23.773801329439795;0.0;0.0 
 01/22  06:00:00;19.3;23.23846935532794;0.0;0.0 
 01/22  07:00:00;18.916666666666668;22.82856991026634;0.0;0.0 
 01/22  08:00:00;18.416666666666668;22.416737296614546;0.0;0.0 
 01/22  09:00:00;19.05;22.629170045690415;0.0;0.0 
 01/22  10:00:00;22.25;24.40448504076542;0.0;0.0 
 01/22  11:00:00;26.21666666666667;26.569339886603;7910497.525428523;0.0 
 01/22  12:00:00;30.016666666666666;27.29291274597648;52149154.90639564;0.0 
 01/22  13:00:00;31.65833333333333;27.780825593484053;73468498.12061381;0.0 
 01/22  14:00:00;31.758333333333336;28.218781052615956;75773879.55649512;0.0 
 01/22  15:00:00;31.858333333333334;28.60106784029574;78006084.5650794;0.0 
 01/22  16:00:00;34.875;28.92340270361065;115784646.31837764;0.0 
 01/22  17:00:00;37.0;29.1132101628386;142121478.19183552;0.0 
 01/22  18:00:00;36.416666666666664;29.094147333496835;134486851.11344653;0.0 
 01/22  19:00:00;34.25;28.93134559677;108052071.81281352;0.0 
 01/22  20:00:00;31.541666666666668;28.7280047141729;74518661.11855648;0.0 
 01/22  21:00:00;29.041666666666668;28.535754209747726;42755940.59394853;0.0 
 01/22  22:00:00;27.416666666666668;28.367701955531327;21897686.529503986;0.0 
 01/22  23:00:00;27.0;28.22930483471978;16247143.291272614;0.0 
 01/22  24:00:00;26.00833333333334;28.043623599439627;4602517.271825285;0.0 
 01/23  01:00:00;24.65833333333333;27.38379861789063;0.0;0.0 
 01/23  02:00:00;23.5;26.60593549267306;0.0;0.0 
 01/23  03:00:00;22.358333333333334;25.81511001177326;0.0;0.0 
 01/23  04:00:00;21.375;25.090711220452548;0.0;0.0 
 01/23  05:00:00;20.416666666666668;24.377859007214465;0.0;0.0 
 01/23  06:00:00;19.941666666666666;23.898477990484555;0.0;0.0 
 01/23  07:00:00;19.375;26.465164105399452;463712.22820171283;0.0 
 01/23  08:00:00;19.0;26.763530403316512;748758.8256008876;0.0 
 01/23  09:00:00;20.224999999999998;26.82476946356823;828806.2378690713;0.0 
 01/23  10:00:00;23.375;27.05044305406736;1076533.384286124;0.0 
 01/23  11:00:00;27.333333333333332;27.408886608372622;1635968.0247104636;0.0 
 01/23  12:00:00;31.275000000000002;27.838531753965242;2499550.2006695066;0.0 
 01/23  13:00:00;33.833333333333336;28.282042213311303;3575825.3420448536;0.0 
 01/23  14:00:00;35.49166666666667;28.71599619879271;4759487.34212004;0.0 
 01/23  15:00:00;37.13333333333333;29.11134651266413;5894656.5916581;0.0 
 01/23  16:00:00;37.916666666666664;29.399196909669172;6750144.764634298;0.0 
 01/23  17:00:00;36.833333333333336;29.5068568234213;7093986.39408562;0.0 
 01/23  18:00:00;35.53333333333333;29.43486988839869;6882451.553920286;0.0 
 01/23  19:00:00;33.333333333333336;29.24629622533672;6287903.606969289;0.0 
 01/23  20:00:00;31.183333333333334;29.034341101641804;5597758.120349724;0.0 
 01/23  21:00:00;29.78333333333333;28.848637095932634;4983191.808508224;0.0 
 01/23  22:00:00;28.266666666666666;28.673267012250744;4442172.528821521;0.0 
 01/23  23:00:00;26.666666666666668;28.50347509890828;12455638.000429077;0.0 
 01/23  24:00:00;25.3;28.12969509292425;192295.12437080266;0.0 
 01/24  01:00:00;24.275000000000002;27.43409917722823;0.0;0.0 
 01/24  02:00:00;23.316666666666663;26.743017549905243;0.0;0.0 
 01/24  03:00:00;22.375;26.042790502338875;0.0;0.0 
 01/24  04:00:00;22.0;25.628376331849278;0.0;0.0 
 01/24  05:00:00;20.833333333333332;24.858159645764133;0.0;0.0 
 01/24  06:00:00;20.116666666666667;24.238140967339337;0.0;0.0 
 01/24  07:00:00;20.083333333333332;26.77335029377973;782046.898658626;0.0 
 01/24  08:00:00;20.0;27.010996011933173;1078081.9472132688;0.0 
 01/24  09:00:00;20.116666666666667;27.065006955252944;1137055.9303943943;0.0 
 01/24  10:00:00;22.416666666666668;27.248737532911097;1354100.6072937625;0.0 
 01/24  11:00:00;26.333333333333332;27.576251981055947;1877947.110548611;0.0 
 01/24  12:00:00;30.099999999999998;27.979263420610824;2696442.8602882153;0.0 
 01/24  13:00:00;32.24166666666667;28.388708468363927;3698967.37407425;0.0 
 01/24  14:00:00;33.28333333333334;28.77210048355337;4756668.9875163175;0.0 
 01/24  15:00:00;34.34166666666667;29.1036926523746;5718884.268416603;0.0 
 01/24  16:00:00;33.166666666666664;29.287614788396812;6314592.885837744;0.0 
 01/24  17:00:00;33.75;29.333567852851363;6454550.986242843;0.0 
 01/24  18:00:00;33.833333333333336;29.269290252975566;6220956.662281087;0.0 
 01/24  19:00:00;31.833333333333332;29.084687105914735;5676490.915641183;0.0 
 01/24  20:00:00;29.95;28.877800205521456;5052424.080792489;0.0 
 01/24  21:00:00;28.208333333333332;28.687018353877036;4484006.553057339;0.0 
 01/24  22:00:00;27.208333333333332;28.520179906704808;4002417.288900946;0.0 
 01/24  23:00:00;25.833333333333332;28.268741131550325;3973050.3227793816;0.0 
 01/24  24:00:00;24.708333333333332;27.67997386061714;0.0;0.0 
 01/25  01:00:00;24.325000000000003;27.309388750630887;0.0;0.0 
 01/25  02:00:00;23.96666666666667;26.95815920202774;0.0;0.0 
 01/25  03:00:00;23.625;26.613472622385455;0.0;0.0 
 01/25  04:00:00;23.791666666666668;26.532378547951765;0.0;0.0 
 01/25  05:00:00;24.0;26.51281597215714;0.0;0.0 
 01/25  06:00:00;22.366666666666664;25.559938191296983;0.0;0.0 
 01/25  07:00:00;21.083333333333332;26.9806083788262;995392.5648323002;0.0 
 01/25  08:00:00;21.0;27.10073377577291;1199207.3043923914;0.0 
 01/25  09:00:00;21.175;27.126002373180224;1213284.7539054556;0.0 
 01/25  10:00:00;22.291666666666668;27.283996775108662;1403790.0923042295;0.0 
 01/25  11:00:00;24.166666666666668;27.56858781306322;1881728.1582186725;0.0 
 01/25  12:00:00;25.991666666666664;27.917545866375665;2609752.2207760205;0.0 
 01/25  13:00:00;27.574999999999992;28.287994028636557;3523239.49095764;0.0 
 01/25  14:00:00;29.074999999999992;28.657535596286532;4534104.903356595;0.0 
 01/25  15:00:00;30.574999999999992;28.988158143511942;5480061.754414195;0.0 
 01/25  16:00:00;31.433333333333334;29.21815714958524;6158776.838566028;0.0 
 01/25  17:00:00;31.833333333333332;29.30618000422365;6422235.352600582;0.0 
 01/25  18:00:00;31.59166666666667;29.248604715916724;6248735.633299948;0.0 
 01/25  19:00:00;30.541666666666668;29.06089343098006;5692704.688348197;0.0 
 01/25  20:00:00;29.183333333333337;28.845214495927788;5026775.742413756;0.0 
 01/25  21:00:00;27.84166666666667;28.653408838390675;4442216.634737823;0.0 
 01/25  22:00:00;27.125;28.498361418801835;3974271.2169016097;0.0 
 01/25  23:00:00;26.650000000000002;28.366699964017116;11891469.627513297;0.0 
 01/25  24:00:00;26.05;28.244271481192218;3904903.4462796855;0.0 
 01/26  01:00:00;25.45;27.969307212868156;0.0;0.0 
 01/26  02:00:00;24.90833333333333;27.55142098568433;0.0;0.0 
 01/26  03:00:00;24.349999999999998;27.114807615133625;0.0;0.0 
 01/26  04:00:00;24.041666666666668;26.790507094971904;0.0;0.0 
 01/26  05:00:00;23.416666666666668;26.318386436356292;0.0;0.0 
 01/26  06:00:00;23.0;25.92292858363984;0.0;0.0 
 01/26  07:00:00;23.0;27.175931965361723;1541162.119436412;0.0 
 01/26  08:00:00;23.0;27.208812662063433;1446473.3769015984;0.0 
 01/26  09:00:00;23.641666666666666;27.236706753369276;1381611.780387628;0.0 
 01/26  10:00:00;25.208333333333332;27.41039658306477;1592806.845623141;0.0 
 01/26  11:00:00;27.166666666666668;27.7026543059377;2103390.9081280404;0.0 
 01/26  12:00:00;29.108333333333334;28.064231266912202;2887822.76598939;0.0 
 01/26  13:00:00;30.48333333333333;28.448070336371828;3865754.408915215;0.0 
 01/26  14:00:00;31.541666666666668;28.82625549920584;4928771.20175385;0.0 
 01/26  15:00:00;32.583333333333336;29.162853296035024;5912629.849716269;0.0 
 01/26  16:00:00;33.0;29.394806118630985;6609573.217129181;0.0 
 01/26  17:00:00;32.416666666666664;29.470979338291425;6849351.080714974;0.0 
 01/26  18:00:00;31.766666666666666;29.395168705504304;6621647.070549542;0.0 
 01/26  19:00:00;30.666666666666668;29.2042565562559;6037753.752525926;0.0 
 01/26  20:00:00;29.066666666666666;28.98559431704419;5352066.32770608;0.0 
 01/26  21:00:00;27.46666666666667;28.788436936517286;4743919.294646147;0.0 
 01/26  22:00:00;26.333333333333332;28.618792048925602;4243767.401588506;0.0 
 01/26  23:00:00;26.0;28.47212544499737;5184408.787589715;0.0 
 01/26  24:00:00;25.53333333333333;28.22524179329082;484286.84958032274;0.0 
 01/27  01:00:00;24.675;27.635412042897382;0.0;0.0 
 01/27  02:00:00;23.833333333333332;27.014942575030364;0.0;0.0 
 01/27  03:00:00;22.974999999999998;26.377953963168363;0.0;0.0 
 01/27  04:00:00;22.133333333333336;25.737171722844824;0.0;0.0 
 01/27  05:00:00;21.333333333333332;25.11303440239789;0.0;0.0 
 01/27  06:00:00;20.766666666666666;24.603141940738762;0.0;0.0 
 01/27  07:00:00;20.25;26.83832543557799;1165200.1113677754;0.0 
 01/27  08:00:00;20.0;27.040623021493484;1300943.2582020268;0.0 
 01/27  09:00:00;20.0;27.080870353577577;1222721.6694263855;0.0 
 01/27  10:00:00;22.333333333333332;27.263613346604597;1396831.1017321825;0.0 
 01/27  11:00:00;26.333333333333332;27.58635234142456;1896762.8809155982;0.0 
 01/27  12:00:00;29.05;27.956591212956358;2651754.100597114;0.0 
 01/27  13:00:00;30.675000000000008;28.332322129791095;3574192.61943735;0.0 
 01/27  14:00:00;32.11666666666667;28.70850152874621;4600380.625204696;0.0 
 01/27  15:00:00;33.574999999999996;29.051485561704443;5583623.992343028;0.0 
 01/27  16:00:00;34.083333333333336;29.29743703330284;6319488.707978759;0.0 
 01/27  17:00:00;34.0;29.399818862610275;6635847.387359519;0.0 
 01/27  18:00:00;33.00833333333333;29.34529936188008;6483429.564785385;0.0 
 01/27  19:00:00;31.541666666666668;29.160380953423356;5938122.146615716;0.0 
 01/27  20:00:00;29.891666666666666;28.950381744836665;5279735.104874978;0.0 
 01/27  21:00:00;27.991666666666664;28.749825738157607;4671346.089720629;0.0 
 01/27  22:00:00;26.5;28.56891853707579;4150921.180325074;0.0 
 01/27  23:00:00;25.416666666666668;28.253143606745642;291145.21921171405;0.0 
 01/27  24:00:00;24.474999999999998;27.608222321715676;0.0;0.0 
 01/28  01:00:00;23.75;27.042617350063207;0.0;0.0 
 01/28  02:00:00;23.208333333333332;26.573451632894802;0.0;0.0 
 01/28  03:00:00;22.650000000000002;26.102837392766904;0.0;0.0 
 01/28  04:00:00;22.166666666666668;25.665275879210878;0.0;0.0 
 01/28  05:00:00;21.416666666666668;25.09517637198292;0.0;0.0 
 01/28  06:00:00;20.883333333333333;24.609682237778127;0.0;0.0 
 01/28  07:00:00;20.916666666666668;26.80676004015538;824504.9774616249;0.0 
 01/28  08:00:00;19.833333333333332;26.987385594154787;1057410.4296317394;0.0 
 01/28  09:00:00;21.216666666666665;27.040301670296866;1108253.9474468085;0.0 
 01/28  10:00:00;24.724999999999998;27.264067953176507;1363866.4532608772;0.0 
 01/28  11:00:00;28.083333333333332;27.60075111995594;1910361.3364108722;0.0 
 01/28  12:00:00;31.425;28.005805995439246;2754788.976962201;0.0 
 01/28  13:00:00;33.5;28.425070884339068;3792196.0526363645;0.0 
 01/28  14:00:00;34.75833333333333;28.82316466051006;4892930.786040549;0.0 
 01/28  15:00:00;36.0;29.162782867523703;5876132.037256835;0.0 
 01/28  16:00:00;36.791666666666664;29.381089717796925;6521473.76276176;0.0 
 01/28  17:00:00;35.833333333333336;29.43899907875391;6706030.266908425;0.0 
 01/28  18:00:00;34.53333333333333;29.358014781099655;6464214.086760141;0.0 
 01/28  19:00:00;32.916666666666664;29.1830025019332;92350484.3120139;0.0 
 01/28  20:00:00;31.125;28.993815039710253;70012174.38250434;0.0 
 01/28  21:00:00;29.566666666666666;28.825435745617355;50784236.41878823;0.0 
 01/28  22:00:00;28.958333333333332;28.683561070373766;44637355.83985305;0.0 
 01/28  23:00:00;28.416666666666668;28.55708013038731;39279671.89840106;0.0 
 01/28  24:00:00;28.0;28.437772378559842;32144029.74198608;0.0 
 01/29  01:00:00;27.825;28.331120125568987;29776783.14378238;0.0 
 01/29  02:00:00;27.583333333333332;28.224564161524686;25622600.69143814;0.0 
 01/29  03:00:00;27.325;28.118708993364834;21713268.93433463;0.0 
 01/29  04:00:00;26.849999999999998;28.01030567717794;14740650.474463545;0.0 
 01/29  05:00:00;26.25;27.90087834696691;6100588.900523052;0.0 
 01/29  06:00:00;25.416666666666668;27.589895963767503;36568.32929996704;0.0 
 01/29  07:00:00;24.416666666666668;26.956426169387274;0.0;0.0 
 01/29  08:00:00;24.291666666666668;26.753475202208705;0.0;0.0 
 01/29  09:00:00;24.850000000000005;27.035692344399;0.0;0.0 
 01/29  10:00:00;27.958333333333332;27.73536351324351;26954144.009351104;0.0 
 01/29  11:00:00;31.166666666666668;28.082185790072675;67752273.56472355;0.0 
 01/29  12:00:00;33.225;28.450451327724156;93841988.83097461;0.0 
 01/29  13:00:00;34.916666666666664;28.823658031273467;118202174.53464274;0.0 
 01/29  14:00:00;36.25833333333333;29.195356423912852;135055292.55082726;0.0 
 01/29  15:00:00;37.61666666666667;29.539545021109586;149266188.7732219;0.0 
 01/29  16:00:00;38.083333333333336;29.790321340496558;155888333.6067171;0.0 
 01/29  17:00:00;38.0;29.89839338628538;155575078.81106955;0.0 
 01/29  18:00:00;37.766666666666666;29.85480207961744;152522336.77122337;0.0 
 01/29  19:00:00;35.90833333333333;29.673143898400514;129235850.63641828;0.0 
 01/29  20:00:00;32.949999999999996;29.450735360701895;92936933.94311507;0.0 
 01/29  21:00:00;30.008333333333336;29.236620843384916;56139639.12359703;0.0 
 01/29  22:00:00;28.333333333333332;29.05104082225459;34744683.99966853;0.0 
 01/29  23:00:00;26.833333333333332;28.885343891845523;15291790.892098887;0.0 
 01/29  24:00:00;26.583333333333332;28.7421411478399;11690464.380251221;0.0 
 01/30  01:00:00;26.650000000000002;28.618429651211628;12190589.506977456;0.0 
 01/30  02:00:00;26.05;28.48866852520243;4240484.098644267;0.0 
 01/30  03:00:00;25.45;28.214520370817343;0.0;0.0 
 01/30  04:00:00;25.083333333333332;27.872754806845155;0.0;0.0 
 01/30  05:00:00;24.416666666666668;27.38369793148045;0.0;0.0 
 01/30  06:00:00;23.649999999999995;26.812930351768458;0.0;0.0 
 01/30  07:00:00;22.583333333333332;27.684686607375966;2035065.6661059044;0.0 
 01/30  08:00:00;22.0;27.64667749576277;2018029.4855659655;0.0 
 01/30  09:00:00;23.51666666666667;27.664805961653652;1995149.2055217298;0.0 
 01/30  10:00:00;26.0;27.845435369278068;2242551.476231342;0.0 
 01/30  11:00:00;28.75;28.146734402553733;2803682.4691081396;0.0 
 01/30  12:00:00;31.866666666666664;28.52581743575306;3664903.2699763505;0.0 
 01/30  13:00:00;34.541666666666664;28.932761679329236;4732774.226007611;0.0 
 01/30  14:00:00;36.78333333333333;29.341391950139055;5903355.257146912;0.0 
 01/30  15:00:00;39.041666666666664;29.71791038926231;7023758.805661686;0.0 
 01/30  16:00:00;40.0;29.98816934612829;7860885.226003209;0.0 
 01/30  17:00:00;39.416666666666664;30.09161701315969;8205191.936648285;0.0 
 01/30  18:00:00;38.416666666666664;30.034208919048922;8034260.123387707;0.0 
 01/30  19:00:00;36.833333333333336;29.845569045784355;7441197.326838937;0.0 
 01/30  20:00:00;34.71666666666667;29.622187807518173;6710060.114143923;0.0 
 01/30  21:00:00;32.458333333333336;29.40850413234192;6028504.972029361;0.0 
 01/30  22:00:00;31.208333333333332;29.224315732727707;5451875.01231139;0.0 
 01/30  23:00:00;29.833333333333332;29.057903444220386;64492525.13445971;0.0 
 01/30  24:00:00;28.416666666666668;28.89614074096021;38738282.02938487;0.0 
 01/31  01:00:00;27.474999999999998;28.747064234905494;25662061.661976974;0.0 
 01/31  02:00:00;26.575;28.602935532785636;13830456.903457195;0.0 
 01/31  03:00:00;25.675;28.39336646116003;1631893.2182122332;0.0 
 01/31  04:00:00;25.125;28.00708089400881;0.0;0.0 
 01/31  05:00:00;24.416666666666668;27.49203545568892;0.0;0.0 
 01/31  06:00:00;23.88333333333334;27.03264143829578;0.0;0.0 
 01/31  07:00:00;24.5;27.827612661678813;3076088.4699373767;0.0 
 01/31  08:00:00;23.833333333333332;27.78958224743664;2315804.298587655;0.0 
 01/31  09:00:00;23.700000000000003;27.785029655206486;2188057.759026655;0.0 
 01/31  10:00:00;25.833333333333332;27.949909825558503;2410983.3816758255;0.0 
 01/31  11:00:00;28.75;28.245287357152666;2966812.776358391;0.0 
 01/31  12:00:00;31.34166666666667;28.608745704278633;3807789.67465092;0.0 
 01/31  13:00:00;33.233333333333334;28.99123456871376;4830250.356178509;0.0 
 01/31  14:00:00;34.833333333333336;29.37208127676176;5936269.567430782;0.0 
 01/31  15:00:00;36.43333333333333;29.713780218642814;6965050.341916127;0.0 
 01/31  16:00:00;37.041666666666664;29.948226645513852;7696459.082467975;0.0 
 01/31  17:00:00;36.416666666666664;30.01574435268682;7929567.862112372;0.0 
 01/31  18:00:00;35.53333333333333;29.934085495654514;7685660.840186823;0.0 
 01/31  19:00:00;32.925000000000004;29.709324448169422;7025756.0042377245;0.0 
 01/31  20:00:00;30.541666666666668;29.45491063280836;6247808.409207013;0.0 
 01/31  21:00:00;29.53333333333333;29.246755437537416;5587176.641369217;0.0 
 01/31  22:00:00;28.03333333333333;29.05603714603903;5022071.690755605;0.0 
 01/31  23:00:00;25.858333333333334;28.77474494656238;5119066.489643005;0.0 
 01/31  24:00:00;23.208333333333332;27.424663041814085;0.0;0.0 
 02/01  01:00:00;20.191666666666666;25.547982112259366;0.0;0.0 
 02/01  02:00:00;17.966666666666665;23.97533133861991;0.0;0.0 
 02/01  03:00:00;16.541666666666668;22.837154903149017;0.0;0.0 
 02/01  04:00:00;15.475;21.901178576515708;0.0;0.0 
 02/01  05:00:00;14.924999999999999;21.254253071588767;0.0;0.0 
 02/01  06:00:00;15.383333333333335;21.164490923475274;0.0;0.0 
 02/01  07:00:00;14.75;25.83054345148938;17910.053542119567;0.0 
 02/01  08:00:00;14.583333333333334;26.484182931498662;165470.76581348994;0.0 
 02/01  09:00:00;17.625;26.62535883316451;329997.86579852994;0.0 
 02/01  10:00:00;22.125;26.90675625933409;816409.5496468828;0.0 
 02/01  11:00:00;26.916666666666668;27.308321991417788;1446798.9336978614;0.0 
 02/01  12:00:00;29.875;27.755709199695513;2265761.642799074;0.0 
 02/01  13:00:00;31.25833333333334;28.189881480116963;3296747.109870418;0.0 
 02/01  14:00:00;32.61666666666667;28.615213539307074;4443055.853101308;0.0 
 02/01  15:00:00;33.958333333333336;28.993712127742537;5526279.770928249;0.0 
 02/01  16:00:00;34.32500000000001;29.255819707828508;6311848.563144933;0.0 
 02/01  17:00:00;34.083333333333336;29.359359320905288;6634778.830532857;0.0 
 02/01  18:00:00;33.416666666666664;29.30519537560132;6476925.235484754;0.0 
 02/01  19:00:00;31.191666666666666;29.09603529601411;5880004.508737362;0.0 
 02/01  20:00:00;28.03333333333333;28.837313883534645;5131451.859001957;0.0 
 02/01  21:00:00;24.891666666666666;28.589972165680862;4439942.75891357;0.0 
 02/01  22:00:00;23.01666666666667;28.375354869430073;3855840.8435814967;0.0 
 02/01  23:00:00;21.958333333333332;26.293558324539408;0.0;0.0 
 02/01  24:00:00;20.916666666666668;25.41820404636898;0.0;0.0 
 02/02  01:00:00;20.383333333333333;24.848053712854778;0.0;0.0 
 02/02  02:00:00;20.125;24.462842525227245;0.0;0.0 
 02/02  03:00:00;19.883333333333333;24.107152784112728;0.0;0.0 
 02/02  04:00:00;18.866666666666667;23.37614048790122;0.0;0.0 
 02/02  05:00:00;17.266666666666666;22.291295969184898;0.0;0.0 
 02/02  06:00:00;15.666666666666666;21.167795020642192;0.0;0.0 
 02/02  07:00:00;15.641666666666671;25.371922643500707;0.0;0.0 
 02/02  08:00:00;16.683333333333337;26.17295919443592;0.0;0.0 
 02/02  09:00:00;17.741666666666667;26.356194127757192;43488.64957102379;0.0 
 02/02  10:00:00;21.0;26.634265427584825;469810.0895987904;0.0 
 02/02  11:00:00;24.75;27.01467939276013;1060474.8571433537;0.0 
 02/02  12:00:00;27.166666666666668;27.44271310286022;1835453.9735470323;0.0 
 02/02  13:00:00;28.816666666666666;27.878803859480797;2835325.5183936213;0.0 
 02/02  14:00:00;30.21666666666667;28.30565208223504;3949048.3500979426;0.0 
 02/02  15:00:00;31.616666666666664;28.689651833415912;5014309.326209554;0.0 
 02/02  16:00:00;32.43333333333334;28.966069142422782;5805978.05648756;0.0 
 02/02  17:00:00;32.833333333333336;29.083608455548543;6131111.366123261;0.0 
 02/02  18:00:00;32.18333333333334;29.020916768722916;5931852.380933044;0.0 
 02/02  19:00:00;29.90833333333333;28.809128421444655;5333871.477160009;0.0 
 02/02  20:00:00;27.066666666666666;28.567737765958764;4641021.90454157;0.0 
 02/02  21:00:00;24.208333333333332;28.341010935104297;4003303.876403108;0.0 
 02/02  22:00:00;22.825000000000003;28.146291656639548;3467799.3361734017;0.0 
 02/02  23:00:00;22.46666666666667;26.316999078052092;0.0;0.0 
 02/02  24:00:00;22.125;25.856067056461427;0.0;0.0 
 02/03  01:00:00;21.59166666666667;25.356327298870628;0.0;0.0 
 02/03  02:00:00;20.95;24.80114845757473;0.0;0.0 
 02/03  03:00:00;20.291666666666668;24.239638507576856;0.0;0.0 
 02/03  04:00:00;19.125;23.416688949515645;0.0;0.0 
 02/03  05:00:00;17.566666666666666;22.352938151140176;0.0;0.0 
 02/03  06:00:00;16.025000000000002;21.26285948468786;0.0;0.0 
 02/03  07:00:00;15.575000000000001;25.242295115841753;0.0;0.0 
 02/03  08:00:00;15.875;25.967781132318645;0.0;0.0 
 02/03  09:00:00;17.75;26.16253046093951;0.0;0.0 
 02/03  10:00:00;21.916666666666668;26.537529243830576;359860.7759355342;0.0 
 02/03  11:00:00;25.75;26.934390486397444;964932.4284538958;0.0 
 02/03  12:00:00;28.166666666666668;27.364585314986687;1736713.533185169;0.0 
 02/03  13:00:00;29.75833333333334;27.785260851125532;2690483.406963942;0.0 
 02/03  14:00:00;31.116666666666664;28.192615033115043;3734743.1048543947;0.0 
 02/03  15:00:00;32.458333333333336;28.567777871279123;4751271.326684767;0.0 
 02/03  16:00:00;33.0;28.842422231951044;5528018.088811126;0.0 
 02/03  17:00:00;33.0;28.96789745793247;5886608.9478205815;0.0 
 02/03  18:00:00;32.416666666666664;28.932359287044445;5772966.096015044;0.0 
 02/03  19:00:00;30.25;28.733938969634863;5216011.625729133;0.0 
 02/03  20:00:00;27.25;28.49025794732717;4518562.379358421;0.0 
 02/03  21:00:00;24.308333333333337;28.260043191040655;3873563.638549228;0.0 
 02/03  22:00:00;22.86666666666667;28.06280394840718;3332530.664455691;0.0 
 02/03  23:00:00;22.40833333333333;26.19756646792897;0.0;0.0 
 02/03  24:00:00;21.96666666666667;25.681815915783996;0.0;0.0 
 02/04  01:00:00;21.333333333333332;25.12499547473369;0.0;0.0 
 02/04  02:00:00;20.59166666666667;24.510661361651866;0.0;0.0 
 02/04  03:00:00;19.833333333333332;23.887925224857625;0.0;0.0 
 02/04  04:00:00;19.383333333333333;23.415756646426377;0.0;0.0 
 02/04  05:00:00;19.241666666666667;23.125205790471597;0.0;0.0 
 02/04  06:00:00;19.083333333333332;22.847395086369925;0.0;0.0 
 02/04  07:00:00;18.474999999999998;25.544365000418605;0.0;0.0 
 02/04  08:00:00;17.633333333333336;26.131485377890915;0.0;0.0 
 02/04  09:00:00;16.775000000000002;26.21329117381696;0.0;0.0 
 02/04  10:00:00;20.075;26.512986195215536;332097.7157711921;0.0 
 02/04  11:00:00;26.375;26.92496537147564;943217.8068946266;0.0 
 02/04  12:00:00;29.875;27.373885265751444;1727677.2153875793;0.0 
 02/04  13:00:00;31.25833333333334;27.798458638079836;2692615.5544071747;0.0 
 02/04  14:00:00;32.5;28.219239092681846;3778364.7777364543;0.0 
 02/04  15:00:00;33.75833333333333;28.612186979169177;4854819.672652498;0.0 
 02/04  16:00:00;34.24166666666667;28.903898352906108;5691029.372831528;0.0 
 02/04  17:00:00;34.083333333333336;29.035529214379267;6070116.92275505;0.0 
 02/04  18:00:00;33.125;28.992202347590517;5929159.689447103;0.0 
 02/04  19:00:00;31.15833333333333;28.790220572527762;70172520.35791463;0.0 
 02/04  20:00:00;28.858333333333334;28.551530757186395;40836022.917561784;0.0 
 02/04  21:00:00;26.558333333333334;28.320780394279097;11322041.752564093;0.0 
 02/04  22:00:00;25.833333333333332;28.142825344989774;1411952.654550909;0.0 
 02/04  23:00:00;25.416666666666668;27.825287544261688;175081.63079701771;0.0 
 02/04  24:00:00;24.650000000000002;27.27090331620008;0.0;0.0 
 02/05  01:00:00;23.875;26.699440796292908;0.0;0.0 
 02/05  02:00:00;22.974999999999998;26.048335663268915;0.0;0.0 
 02/05  03:00:00;22.075;25.382245487252366;0.0;0.0 
 02/05  04:00:00;21.291666666666668;24.76303990458283;0.0;0.0 
 02/05  05:00:00;20.533333333333335;24.15724322370492;0.0;0.0 
 02/05  06:00:00;19.791666666666668;23.555503270199;0.0;0.0 
 02/05  07:00:00;19.208333333333332;23.03548351646106;0.0;0.0 
 02/05  08:00:00;19.0;22.732418691666954;0.0;0.0 
 02/05  09:00:00;20.166666666666668;23.254416558883864;0.0;0.0 
 02/05  10:00:00;22.86666666666667;24.823086168488704;0.0;0.0 
 02/05  11:00:00;26.008333333333336;26.64946883336819;5541655.028284038;0.0 
 02/05  12:00:00;29.166666666666668;27.35425675021445;41939246.412560835;0.0 
 02/05  13:00:00;31.2;27.830473758274895;68368741.13368712;0.0 
 02/05  14:00:00;32.34166666666667;28.26688281969308;83491630.2330179;0.0 
 02/05  15:00:00;33.5;28.653646065960185;98617780.68276477;0.0 
 02/05  16:00:00;33.708333333333336;28.92523703977118;101859748.56943879;0.0 
 02/05  17:00:00;33.208333333333336;29.037225543446095;96047142.62691922;0.0 
 02/05  18:00:00;32.708333333333336;29.002431912024907;89771524.83517323;0.0 
 02/05  19:00:00;31.275000000000002;28.827631972760116;71641253.1124582;0.0 
 02/05  20:00:00;29.175;28.612650216024225;44917440.758908525;0.0 
 02/05  21:00:00;27.075;28.408249546546106;17823017.679511316;0.0 
 02/05  22:00:00;25.791666666666668;28.202156630541058;1665268.1881702184;0.0 
 02/05  23:00:00;25.03333333333333;27.712788959639028;0.0;0.0 
 02/05  24:00:00;24.291666666666668;27.151300955684775;0.0;0.0 
 02/06  01:00:00;23.416666666666668;26.51598962492734;0.0;0.0 
 02/06  02:00:00;22.416666666666668;25.797132278334505;0.0;0.0 
 02/06  03:00:00;21.416666666666668;25.0626669525911;0.0;0.0 
 02/06  04:00:00;20.708333333333332;24.46351311331915;0.0;0.0 
 02/06  05:00:00;20.150000000000002;23.95490631440343;0.0;0.0 
 02/06  06:00:00;19.608333333333334;23.45890959671097;0.0;0.0 
 02/06  07:00:00;19.283333333333335;26.086621383107225;201068.74919108453;0.0 
 02/06  08:00:00;19.083333333333332;26.53055842563765;369929.8260054718;0.0 
 02/06  09:00:00;20.400000000000002;26.612844698095753;452293.2926241545;0.0 
 02/06  10:00:00;24.083333333333332;26.86665623555953;830830.0125719842;0.0 
 02/06  11:00:00;27.75;27.2501253027085;1395175.7096227652;0.0 
 02/06  12:00:00;30.63333333333334;27.6914827297694;2252962.7772363643;0.0 
 02/06  13:00:00;32.5;28.124060148284794;3286422.818191322;0.0 
 02/06  14:00:00;33.75833333333333;28.53390026705402;4385378.334941073;0.0 
 02/06  15:00:00;35.0;28.914166858301922;5455172.090561047;0.0 
 02/06  16:00:00;35.791666666666664;29.20175720332679;6288293.67771711;0.0 
 02/06  17:00:00;36.0;29.340220344786104;6684986.172977679;0.0 
 02/06  18:00:00;35.06666666666667;29.304241718232433;6566806.644684136;0.0 
 02/06  19:00:00;33.0;29.11408857051428;6004758.79031008;0.0 
 02/06  20:00:00;30.65833333333333;28.89014039343958;5305031.361987319;0.0 
 02/06  21:00:00;28.3;28.678788948852212;4657905.384614644;0.0 
 02/06  22:00:00;27.066666666666666;28.496276071846825;4113160.8549588956;0.0 
 02/06  23:00:00;26.608333333333334;28.34418013794998;11437440.515963772;0.0 
 02/06  24:00:00;26.166666666666668;28.204562494043845;5411563.237521265;0.0 
 02/07  01:00:00;25.59166666666667;27.972391922244995;268245.87813654507;0.0 
 02/07  02:00:00;24.950000000000003;27.50300785228116;0.0;0.0 
 02/07  03:00:00;24.291666666666668;27.000469944469017;0.0;0.0 
 02/07  04:00:00;23.825;26.582928962331312;0.0;0.0 
 02/07  05:00:00;23.46666666666667;26.229935377882086;0.0;0.0 
 02/07  06:00:00;23.125;25.886944200751984;0.0;0.0 
 02/07  07:00:00;22.883333333333336;27.069832066328377;1104732.8350162501;0.0 
 02/07  08:00:00;22.741666666666664;27.098957864653716;1204120.2254334067;0.0 
 02/07  09:00:00;22.583333333333332;27.124065538689933;1217159.4640488997;0.0 
 02/07  10:00:00;25.125;27.32653527980896;1457279.362676619;0.0 
 02/07  11:00:00;28.75;27.67578775661852;2038198.7973114238;0.0 
 02/07  12:00:00;30.991666666666664;28.063817875969757;2866627.624806631;0.0 
 02/07  13:00:00;32.4;28.458825410209485;3867216.401097915;0.0 
 02/07  14:00:00;33.541666666666664;28.84867807710029;4956362.34303636;0.0 
 02/07  15:00:00;34.70000000000001;29.200166580150764;5973518.3448112095;0.0 
 02/07  16:00:00;35.666666666666664;29.452031401159065;6711319.593084447;0.0 
 02/07  17:00:00;35.416666666666664;29.544155397369593;6986561.7235318;0.0 
 02/07  18:00:00;34.416666666666664;29.47639356135117;6784490.11845697;0.0 
 02/07  19:00:00;34.0;29.294308342004726;6213554.747131225;0.0 
 02/07  20:00:00;31.78333333333333;29.065393296335028;5499945.7384636905;0.0 
 02/07  21:00:00;28.041666666666668;28.816907215439382;4805820.663821503;0.0 
 02/07  22:00:00;25.916666666666668;28.601226610646396;4221762.945600784;0.0 
 02/07  23:00:00;24.974999999999998;28.05953889715091;0.0;0.0 
 02/07  24:00:00;24.01666666666667;27.365235764814358;0.0;0.0 
 02/08  01:00:00;23.366666666666664;26.811477381674877;0.0;0.0 
 02/08  02:00:00;23.025000000000002;26.43033167537151;0.0;0.0 
 02/08  03:00:00;22.666666666666668;26.055522470910514;0.0;0.0 
 02/08  04:00:00;22.09166666666667;25.574215549657083;0.0;0.0 
 02/08  05:00:00;21.450000000000003;25.04621163747146;0.0;0.0 
 02/08  06:00:00;20.791666666666668;24.506394565129373;0.0;0.0 
 02/08  07:00:00;19.625;26.69761490581881;692349.8242257528;0.0 
 02/08  08:00:00;19.583333333333332;26.909099225362368;943189.30255024;0.0 
 02/08  09:00:00;20.875;26.976477599069597;1007358.7346692414;0.0 
 02/08  10:00:00;24.125;27.205697465253603;1293717.860339447;0.0 
 02/08  11:00:00;27.458333333333332;27.559251474035374;1832924.8485798268;0.0 
 02/08  12:00:00;29.958333333333332;27.95900128883878;2645959.1977056796;0.0 
 02/08  13:00:00;31.700000000000006;28.36209190295865;3639653.921587409;0.0 
 02/08  14:00:00;32.84166666666667;28.75318172642382;4724078.757585138;0.0 
 02/08  15:00:00;34.0;29.118619900445513;5783544.094321148;0.0 
 02/08  16:00:00;34.38333333333333;29.382369024290583;6581016.769074075;0.0 
 02/08  17:00:00;34.24166666666667;29.491041207660647;6919490.3157424815;0.0 
 02/08  18:00:00;34.083333333333336;29.44954139747966;6780756.038656496;0.0 
 02/08  19:00:00;32.6;29.258308566548507;6206013.213760319;0.0 
 02/08  20:00:00;30.14166666666667;29.018893704067505;5473617.3512662975;0.0 
 02/08  21:00:00;27.7;28.790348558272118;4796112.212263625;0.0 
 02/08  22:00:00;26.875;28.599832678268516;4233494.657472956;0.0 
 02/08  23:00:00;26.3;28.437602530753896;7600112.112337706;0.0 
 02/08  24:00:00;25.041666666666668;27.935047858574492;0.0;0.0 
 02/09  01:00:00;23.8;27.10637394284598;0.0;0.0 
 02/09  02:00:00;22.541666666666668;26.242146026308216;0.0;0.0 
 02/09  03:00:00;21.3;25.36163855213573;0.0;0.0 
 02/09  04:00:00;20.625;24.752960084562407;0.0;0.0 
 02/09  05:00:00;20.26666666666667;24.338202957458417;0.0;0.0 
 02/09  06:00:00;19.925;23.94633726478973;0.0;0.0 
 02/09  07:00:00;19.333333333333332;26.53405447449028;544458.1662605092;0.0 
 02/09  08:00:00;19.0;26.838358874750117;845157.2925853902;0.0 
 02/09  09:00:00;20.283333333333335;26.909706229469617;918185.4002288976;0.0 
 02/09  10:00:00;23.766666666666666;27.145489617660633;1210964.3051871909;0.0 
 02/09  11:00:00;28.166666666666668;27.521267727877643;1783471.5127648974;0.0 
 02/09  12:00:00;31.166666666666668;27.955443216773887;2668324.4827512647;0.0 
 02/09  13:00:00;32.875;28.389657945858705;3745398.415447602;0.0 
 02/09  14:00:00;34.375;28.813441510115297;4918218.078969405;0.0 
 02/09  15:00:00;35.875;29.196042567509096;6023435.244734079;0.0 
 02/09  16:00:00;35.916666666666664;29.457783741394152;6817194.900020292;0.0 
 02/09  17:00:00;34.916666666666664;29.552091210550937;7122167.666853331;0.0 
 02/09  18:00:00;33.916666666666664;29.489794088400505;6936861.634232953;0.0 
 02/09  19:00:00;31.925;29.291082832950774;6341014.756513766;0.0 
 02/09  20:00:00;29.224999999999998;29.052854135758153;5606069.801083047;0.0 
 02/09  21:00:00;26.525000000000002;28.826069717764167;4927023.142723347;0.0 
 02/09  22:00:00;25.28333333333333;28.630864862114105;4353112.094531708;0.0 
 02/09  23:00:00;25.083333333333332;28.162115244491805;0.0;0.0 
 02/09  24:00:00;24.53333333333333;27.7016818957796;0.0;0.0 
 02/10  01:00:00;23.96666666666667;27.217626660709907;0.0;0.0 
 02/10  02:00:00;23.566666666666666;26.824369425231577;0.0;0.0 
 02/10  03:00:00;23.166666666666668;26.436833881867276;0.0;0.0 
 02/10  04:00:00;22.59166666666667;25.963356228171694;0.0;0.0 
 02/10  05:00:00;21.833333333333332;25.385176144468378;0.0;0.0 
 02/10  06:00:00;21.09166666666667;24.80092155768462;0.0;0.0 
 02/10  07:00:00;20.566666666666666;26.875499294214052;876245.3986251015;0.0 
 02/10  08:00:00;20.166666666666668;27.047955765636207;1136386.4526220371;0.0 
 02/10  09:00:00;20.291666666666668;27.08619700089193;1179009.0674469252;0.0 
 02/10  10:00:00;22.65833333333333;27.257514878043498;1373470.8465048573;0.0 
 02/10  11:00:00;26.416666666666668;27.58515308515671;1898023.510413374;0.0 
 02/10  12:00:00;29.28333333333333;27.99031380854231;2749863.7170493742;0.0 
 02/10  13:00:00;31.191666666666666;28.419445348482103;3841952.4106497713;0.0 
 02/10  14:00:00;32.833333333333336;28.84749118916197;5047797.7118625725;0.0 
 02/10  15:00:00;34.49166666666667;29.230258201178795;6165586.678300886;0.0 
 02/10  16:00:00;35.14166666666667;29.490305713518854;6942187.347532197;0.0 
 02/10  17:00:00;35.1;29.590478823089473;7248744.336934393;0.0 
 02/10  18:00:00;35.041666666666664;29.553146780627298;7111576.359828813;0.0 
 02/10  19:00:00;33.425000000000004;29.391941361599795;6585384.149445824;0.0 
 02/10  20:00:00;30.78333333333333;29.163000829247924;5859173.2779927;0.0 
 02/10  21:00:00;28.125;28.93721095789043;5167260.042888438;0.0 
 02/10  22:00:00;26.416666666666668;28.734330137465932;4574350.924054118;0.0 
 02/10  23:00:00;25.416666666666668;28.41806026830119;357184.7974803153;0.0 
 02/10  24:00:00;24.416666666666668;27.74109555023934;0.0;0.0 
 02/11  01:00:00;23.708333333333332;27.17244928595227;0.0;0.0 
 02/11  02:00:00;23.208333333333332;26.711267559608718;0.0;0.0 
 02/11  03:00:00;22.708333333333332;26.253870917645116;0.0;0.0 
 02/11  04:00:00;21.975000000000005;25.681700867503096;0.0;0.0 
 02/11  05:00:00;21.01666666666667;24.979035121261305;0.0;0.0 
 02/11  06:00:00;20.075;24.265475926010367;0.0;0.0 
 02/11  07:00:00;19.525000000000002;26.77294995297464;793826.6450333348;0.0 
 02/11  08:00:00;19.166666666666668;27.0256703133046;1101949.167031847;0.0 
 02/11  09:00:00;19.875;27.07961027382328;1167266.9252027827;0.0 
 02/11  10:00:00;22.541666666666668;27.257955037426942;1372719.9627800828;0.0 
 02/11  11:00:00;25.399999999999995;27.556155479401042;1839087.649494459;0.0 
 02/11  12:00:00;27.8;27.92679125309707;2590552.2974182055;0.0 
 02/11  13:00:00;29.96666666666667;28.314907814450084;3539507.676455141;0.0 
 02/11  14:00:00;31.90833333333333;28.691860652048792;4566219.209090081;0.0 
 02/11  15:00:00;33.86666666666667;29.032405134246734;5530175.079170263;0.0 
 02/11  16:00:00;34.875;29.25946746065624;6198977.15637921;0.0 
 02/11  17:00:00;35.0;29.339597310964;6444920.265260266;0.0 
 02/11  18:00:00;34.300000000000004;29.286063378174052;6288061.526078495;0.0 
 02/11  19:00:00;31.583333333333332;29.11521673319388;75685007.20761439;0.0 
 02/11  20:00:00;29.416666666666668;28.913719039955172;48336135.46233438;0.0 
 02/11  21:00:00;28.416666666666668;28.740258587629825;35191591.19314351;0.0 
 02/11  22:00:00;27.358333333333334;28.580497350310576;21377189.109337807;0.0 
 02/11  23:00:00;26.2;28.42938065036172;6325869.163529599;0.0 
 02/11  24:00:00;25.058333333333334;27.95593935313477;0.0;0.0 
 02/12  01:00:00;24.599999999999998;27.546722000743358;0.0;0.0 
 02/12  02:00:00;24.541666666666668;27.364296050290278;0.0;0.0 
 02/12  03:00:00;24.5;27.202634059103428;0.0;0.0 
 02/12  04:00:00;24.03333333333333;26.83600158626267;0.0;0.0 
 02/12  05:00:00;23.175;26.238868883949806;0.0;0.0 
 02/12  06:00:00;22.333333333333332;25.625604752501257;0.0;0.0 
 02/12  07:00:00;22.0;25.259135936986308;0.0;0.0 
 02/12  08:00:00;22.0;25.1079023069517;0.0;0.0 
 02/12  09:00:00;22.291666666666668;25.20974993865202;0.0;0.0 
 02/12  10:00:00;23.958333333333332;26.144183474104636;0.0;0.0 
 02/12  11:00:00;26.75;27.421591730756706;12072982.673488267;0.0 
 02/12  12:00:00;29.575;27.877384030930433;47663798.18722458;0.0 
 02/12  13:00:00;31.28333333333333;28.29435003946544;69823641.53576468;0.0 
 02/12  14:00:00;32.34166666666667;28.69096444245454;83843376.25788182;0.0 
 02/12  15:00:00;33.38333333333333;29.032476598274766;97452365.8416926;0.0 
 02/12  16:00:00;33.625;29.239835425923218;100981113.61875442;0.0 
 02/12  17:00:00;33.38333333333333;29.297362113706896;98217070.39802095;0.0 
 02/12  18:00:00;33.125;29.244492876479857;94878312.47155723;0.0 
 02/12  19:00:00;31.775000000000002;29.08788574835629;77905715.06768811;0.0 
 02/12  20:00:00;29.73333333333333;28.883483426506842;52103232.244023934;0.0 
 02/12  21:00:00;27.675;28.685863816518292;25756351.34428168;0.0 
 02/12  22:00:00;25.75;28.415978969345478;3342047.043067217;0.0 
 02/12  23:00:00;24.416666666666668;27.698348876400285;0.0;0.0 
 02/12  24:00:00;23.59166666666667;27.076210527119695;0.0;0.0 
 02/13  01:00:00;23.008333333333336;26.571409472704914;0.0;0.0 
 02/13  02:00:00;22.508333333333336;26.12023867885027;0.0;0.0 
 02/13  03:00:00;22.008333333333336;25.673824486251224;0.0;0.0 
 02/13  04:00:00;21.625;25.282698932647524;0.0;0.0 
 02/13  05:00:00;21.383333333333336;24.97381619682042;0.0;0.0 
 02/13  06:00:00;21.125;24.67741718226678;0.0;0.0 
 02/13  07:00:00;20.416666666666668;26.771676966833315;756381.5970837412;0.0 
 02/13  08:00:00;20.583333333333332;26.971364227491534;1019974.9140406597;0.0 
 02/13  09:00:00;21.233333333333334;27.03264473062696;1087318.2981409314;0.0 
 02/13  10:00:00;23.616666666666664;27.18475227256179;1257775.1170555127;0.0 
 02/13  11:00:00;27.416666666666668;27.443309985602678;1643034.4817356614;0.0 
 02/13  12:00:00;30.63333333333334;27.764520370208505;2266393.6637331443;0.0 
 02/13  13:00:00;32.733333333333334;28.123612758833332;3105877.1725649917;0.0 
 02/13  14:00:00;34.275000000000006;28.509392649220256;4129293.1876218193;0.0 
 02/13  15:00:00;35.833333333333336;28.87664215799963;5171814.030014547;0.0 
 02/13  16:00:00;36.324999999999996;29.14508833908712;5973342.807094592;0.0 
 02/13  17:00:00;35.96666666666667;29.26086759986677;6341350.240862975;0.0 
 02/13  18:00:00;35.625;29.239041523051867;6268421.7172175255;0.0 
 02/13  19:00:00;34.041666666666664;29.10215274947039;5833587.6335185645;0.0 
 02/13  20:00:00;31.541666666666668;28.904884532343658;5226825.829659111;0.0 
 02/13  21:00:00;29.041666666666668;28.708876161578473;4642850.961019965;0.0 
 02/13  22:00:00;27.416666666666668;28.536389420908222;4140885.102537986;0.0 
 02/13  23:00:00;26.416666666666668;28.386835830827994;9027549.82823234;0.0 
 02/13  24:00:00;25.416666666666668;28.076794270285948;227913.26154307177;0.0 
 02/14  01:00:00;24.53333333333333;27.46799217100539;0.0;0.0 
 02/14  02:00:00;23.675;26.84990955578698;0.0;0.0 
 02/14  03:00:00;22.833333333333332;26.226798120142835;0.0;0.0 
 02/14  04:00:00;22.09166666666667;25.64699504026521;0.0;0.0 
 02/14  05:00:00;21.450000000000003;25.122337170000012;0.0;0.0 
 02/14  06:00:00;20.791666666666668;24.593666293346445;0.0;0.0 
 02/14  07:00:00;20.849999999999998;26.82198962625361;833453.2858921725;0.0 
 02/14  08:00:00;21.45;27.05010003234648;1123842.1715742943;0.0 
 02/14  09:00:00;22.05;27.101697166179473;1176231.3797965895;0.0 
 02/14  10:00:00;25.625;27.276133963718753;1383998.16588289;0.0 
 02/14  11:00:00;30.333333333333332;27.599504972721334;1903409.3323371778;0.0 
 02/14  12:00:00;31.88333333333334;27.969797388818165;2688773.722896645;0.0 
 02/14  13:00:00;32.5;28.342593421600792;3645797.923754319;0.0 
 02/14  14:00:00;33.70000000000001;28.722954040202325;4703105.748360461;0.0 
 02/14  15:00:00;34.9;29.072491796942774;5706930.264068273;0.0 
 02/14  16:00:00;35.86666666666667;29.32973908373019;6463887.190979709;0.0 
 02/14  17:00:00;36.666666666666664;29.455317013958553;6823361.019866866;0.0 
 02/14  18:00:00;36.125;29.43341155325305;6737981.017660407;0.0 
 02/14  19:00:00;34.21666666666667;29.292700408758645;6277682.565369889;0.0 
 02/14  20:00:00;32.074999999999996;29.10673096574033;5664922.69779796;0.0 
 02/14  21:00:00;29.916666666666668;28.91893664207159;5077804.405994174;0.0 
 02/14  22:00:00;28.53333333333333;28.748053658487024;4565918.751496775;0.0 
 02/14  23:00:00;27.733333333333334;28.602211194553774;26164161.507836197;0.0 
 02/14  24:00:00;26.933333333333334;28.467461166565624;15652682.95543738;0.0 
 02/15  01:00:00;25.78333333333333;28.25797121971299;2602940.324253831;0.0 
 02/15  02:00:00;24.325;27.46928178501049;0.0;0.0 
 02/15  03:00:00;22.883333333333336;26.53716683516666;0.0;0.0 
 02/15  04:00:00;22.24166666666667;25.978471458823027;0.0;0.0 
 02/15  05:00:00;22.141666666666666;25.731208293664995;0.0;0.0 
 02/15  06:00:00;22.041666666666668;25.508996836909727;0.0;0.0 
 02/15  07:00:00;22.175;27.209469201623914;1308797.1649398806;0.0 
 02/15  08:00:00;22.53333333333333;27.314711692632226;1504636.2370933315;0.0 
 02/15  09:00:00;22.875;27.36053357867782;1539263.5354104284;0.0 
 02/15  10:00:00;28.075;27.57120661796255;1822714.230969826;0.0 
 02/15  11:00:00;31.291666666666668;27.918084889714667;2463193.9511002316;0.0 
 02/15  12:00:00;32.80833333333333;28.297452462872855;3350829.000683254;0.0 
 02/15  13:00:00;35.266666666666666;28.735682693889853;4507786.56699451;0.0 
 02/15  14:00:00;37.208333333333336;29.177575552097966;5780545.774959136;0.0 
 02/15  15:00:00;39.166666666666664;29.58145370618449;6980620.776032511;0.0 
 02/15  16:00:00;40.0;29.86905903223592;7855535.612446412;0.0 
 02/15  17:00:00;40.0;29.994021802302132;8233772.93553319;0.0 
 02/15  18:00:00;39.300000000000004;29.96799784943944;8112818.616073318;0.0 
 02/15  19:00:00;37.225;29.80259393265634;7549301.639907198;0.0 
 02/15  20:00:00;34.525;29.57169703914961;6778721.859254987;0.0 
 02/15  21:00:00;31.825;29.34508140169197;6046488.158274487;0.0 
 02/15  22:00:00;29.941666666666666;29.14546570367057;5421524.201485986;0.0 
 02/15  23:00:00;28.583333333333332;28.970722393671753;37655451.75756179;0.0 
 02/15  24:00:00;27.650000000000002;28.809129916821515;25423614.67195306;0.0 
 02/16  01:00:00;26.816666666666666;28.65866804273618;14441298.80166285;0.0 
 02/16  02:00:00;25.875;28.487335444815855;2699737.3058686526;0.0 
 02/16  03:00:00;24.916666666666668;27.95095574229074;0.0;0.0 
 02/16  04:00:00;24.09166666666667;27.343139726823917;0.0;0.0 
 02/16  05:00:00;23.333333333333332;26.767532552289847;0.0;0.0 
 02/16  06:00:00;22.59166666666667;26.188586279346705;0.0;0.0 
 02/16  07:00:00;21.541666666666668;27.552315930673345;1816964.6789026042;0.0 
 02/16  08:00:00;21.0;27.56914182142685;1903817.9501562065;0.0 
 02/16  09:00:00;22.166666666666668;27.585083264901638;1892361.4051739215;0.0 
 02/16  10:00:00;24.75;27.74270843607677;2098122.469883777;0.0 
 02/16  11:00:00;28.333333333333332;28.057723684824072;2661149.7545399414;0.0 
 02/16  12:00:00;31.575000000000006;28.46452226547252;3585273.7433436643;0.0 
 02/16  13:00:00;34.333333333333336;28.897849088118495;4735718.863219979;0.0 
 02/16  14:00:00;37.07500000000001;29.33062486314272;5979265.867679024;0.0 
 02/16  15:00:00;39.833333333333336;29.734343661472355;7178648.618023983;0.0 
 02/16  16:00:00;41.0;30.03458624805919;8113259.832171438;0.0 
 02/16  17:00:00;41.0;30.179930836532368;8582289.660296373;0.0 
 02/16  18:00:00;39.71666666666667;30.15871355401276;8504458.798978828;0.0 
 02/16  19:00:00;37.75;29.9924682879634;7942959.427022272;0.0 
 02/16  20:00:00;35.541666666666664;29.765384858725966;7170772.112624645;0.0 
 02/16  21:00:00;33.041666666666664;29.539053994908773;6430610.952243353;0.0 
 02/16  22:00:00;31.416666666666668;29.34309408737572;5805828.473494919;0.0 
 02/16  23:00:00;30.416666666666668;29.17908883759385;61015390.37338516;0.0 
 02/16  24:00:00;29.708333333333332;29.03204311088469;51686335.07280061;0.0 
 02/17  01:00:00;29.03333333333333;28.89429145661103;42821141.75120726;0.0 
 02/17  02:00:00;28.175;28.76021339870138;31697532.84356698;0.0 
 02/17  03:00:00;27.333333333333332;28.62350186001311;20753611.615697943;0.0 
 02/17  04:00:00;26.53333333333333;28.48911787706199;10307910.421106173;0.0 
 02/17  05:00:00;25.675;28.288109307894427;1016760.5815077112;0.0 
 02/17  06:00:00;24.833333333333332;27.75907081764835;0.0;0.0 
 02/17  07:00:00;24.208333333333332;28.063048615847446;2717303.2259918405;0.0 
 02/17  08:00:00;24.0;27.987859323747074;2547722.6489008237;0.0 
 02/17  09:00:00;24.875;27.9916855161752;2511724.3269144697;0.0 
 02/17  10:00:00;27.075;28.133266228487475;2733725.120188672;0.0 
 02/17  11:00:00;29.833333333333332;28.42141214125994;3326532.636605455;0.0 
 02/17  12:00:00;33.333333333333336;28.811169780543015;4265575.896542926;0.0 
 02/17  13:00:00;36.108333333333334;29.207770828348355;5344500.740044148;0.0 
 02/17  14:00:00;38.00833333333333;29.577668294884706;6433071.417788431;0.0 
 02/17  15:00:00;39.90833333333333;29.93333180802151;7516832.373684185;0.0 
 02/17  16:00:00;40.175000000000004;30.196706839825875;8369628.772695947;0.0 
 02/17  17:00:00;39.275;30.30578250133661;8764661.314374061;0.0 
 02/17  18:00:00;38.375;30.269247388312166;8654935.523292834;0.0 
 02/17  19:00:00;36.6;30.106160927914573;8112685.787121138;0.0 
 02/17  20:00:00;34.199999999999996;29.881245650776364;7363382.402267536;0.0 
 02/17  21:00:00;31.8;29.662834486508018;6648487.293263735;0.0 
 02/17  22:00:00;30.275000000000002;29.47453338663725;6040913.5880996175;0.0 
 02/17  23:00:00;29.433333333333334;29.316890066714205;48842952.52963261;0.0 
 02/17  24:00:00;28.575;29.167984077743068;37689800.17786798;0.0 
 02/18  01:00:00;27.675;29.01825108529791;25969912.42685677;0.0 
 02/18  02:00:00;26.775000000000002;28.86838124378333;14207507.200472537;0.0 
 02/18  03:00:00;25.875;28.700748113446064;2917572.265485115;0.0 
 02/18  04:00:00;25.441666666666666;28.439724654993523;0.0;0.0 
 02/18  05:00:00;25.400000000000002;28.267151598223425;0.0;0.0 
 02/18  06:00:00;25.34166666666667;28.094591230219407;0.0;0.0 
 02/18  07:00:00;25.125;28.170172802791765;2882125.9507268085;0.0 
 02/18  08:00:00;25.058333333333337;28.08091323303526;2692436.997067772;0.0 
 02/18  09:00:00;25.21666666666667;28.077118703579917;2647965.6705265827;0.0 
 02/18  10:00:00;26.64166666666667;28.209262150729696;2863184.657170071;0.0 
 02/18  11:00:00;29.0;28.490503552316596;3451929.7822851315;0.0 
 02/18  12:00:00;31.400000000000002;28.865518626957854;4379269.979863521;0.0 
 02/18  13:00:00;33.56666666666667;29.272320526913656;5513472.786382925;0.0 
 02/18  14:00:00;35.56666666666667;29.67528948039137;6720891.249124091;0.0 
 02/18  15:00:00;37.56666666666667;30.043161951187347;7857982.722671881;0.0 
 02/18  16:00:00;38.225;30.302588837660043;8689858.850549735;0.0 
 02/18  17:00:00;37.925000000000004;30.397438340498926;9006054.411670584;0.0 
 02/18  18:00:00;37.625;30.33683534930293;8777453.750751568;0.0 
 02/18  19:00:00;36.50833333333333;30.15137243219162;137625944.398639;0.0 
 02/18  20:00:00;34.80833333333333;29.915792790606655;116569650.83690895;0.0 
 02/18  21:00:00;33.108333333333334;29.69768318465781;97662004.03085941;0.0 
 02/18  22:00:00;31.641666666666666;29.506958091023026;79407840.18666032;0.0 
 02/18  23:00:00;30.34166666666667;29.335979245987442;60229485.07822175;0.0 
 02/18  24:00:00;29.041666666666668;29.171184493127626;43563092.73947133;0.0 
 02/19  01:00:00;27.974999999999998;29.01502438752576;29749616.759949353;0.0 
 02/19  02:00:00;27.075;28.868907535273536;17996366.506358996;0.0 
 02/19  03:00:00;26.175;28.726518420298703;6212235.198614333;0.0 
 02/19  04:00:00;25.858333333333334;28.59485199853006;1874067.6225725678;0.0 
 02/19  05:00:00;25.900000000000002;28.47311478551099;2144333.6427090922;0.0 
 02/19  06:00:00;25.958333333333332;28.35326964137214;2649081.696375698;0.0 
 02/19  07:00:00;26.0;28.23819819546017;2960682.702483106;0.0 
 02/19  08:00:00;26.0;28.148542636012127;2779578.8036186104;0.0 
 02/19  09:00:00;26.0;28.149627506401583;2748886.8023145245;0.0 
 02/19  10:00:00;28.333333333333332;28.28276481368101;32552401.63001075;0.0 
 02/19  11:00:00;31.166666666666668;28.560535392538622;68554406.18418834;0.0 
 02/19  12:00:00;32.46666666666667;28.904972455146574;85454263.50145343;0.0 
 02/19  13:00:00;33.96666666666666;29.28811226053635;104830582.48624001;0.0 
 02/19  14:00:00;35.90833333333333;29.689585391059552;129311100.57390606;0.0 
 02/19  15:00:00;37.866666666666674;30.061663929165377;153639019.05197757;0.0 
 02/19  16:00:00;38.291666666666664;30.319037328250946;159715876.74419403;0.0 
 02/19  17:00:00;38.0;30.411807544337233;156780662.19180098;0.0 
 02/19  18:00:00;37.416666666666664;30.355910094990843;149338207.61601272;0.0 
 02/19  19:00:00;35.65833333333333;30.169964133974116;127553190.76910631;0.0 
 02/19  20:00:00;33.300000000000004;29.924319580796254;98345164.49027883;0.0 
 02/19  21:00:00;30.958333333333332;29.689086778092733;68942697.1686397;0.0 
 02/19  22:00:00;29.416666666666668;29.484284014656453;49202116.991996795;0.0 
 02/19  23:00:00;28.416666666666668;29.305476563698594;36146583.622545294;0.0 
 02/19  24:00:00;27.416666666666668;29.13767281072748;23060024.862177502;0.0 
 02/20  01:00:00;26.59166666666667;28.97801727811165;12163458.39092722;0.0 
 02/20  02:00:00;25.950000000000003;28.824537492350498;3597424.86825292;0.0 
 02/20  03:00:00;25.291666666666668;28.474597110211096;0.0;0.0 
 02/20  04:00:00;24.708333333333332;28.00276358094834;0.0;0.0 
 02/20  05:00:00;24.208333333333332;27.573676293836005;0.0;0.0 
 02/20  06:00:00;23.708333333333332;27.14655940049283;0.0;0.0 
 02/20  07:00:00;22.625;26.417404385062564;0.0;0.0 
 02/20  08:00:00;22.583333333333332;26.182476560491867;0.0;0.0 
 02/20  09:00:00;23.875;26.796527274310577;0.0;0.0 
 02/20  10:00:00;26.541666666666668;27.87516752541327;11237054.814952899;0.0 
 02/20  11:00:00;29.75;28.30038732770286;50458800.84182054;0.0 
 02/20  12:00:00;32.516666666666666;28.702160790028902;85662546.98758553;0.0 
 02/20  13:00:00;34.475;29.125888405695388;110642809.59290786;0.0 
 02/20  14:00:00;35.916666666666664;29.538028793766955;129094864.9834248;0.0 
 02/20  15:00:00;37.375;29.893298469858806;148053201.28445336;0.0 
 02/20  16:00:00;38.291666666666664;30.128015620650828;159484343.85999745;0.0 
 02/20  17:00:00;38.791666666666664;30.216629313111927;165430792.29206982;0.0 
 02/20  18:00:00;38.18333333333334;30.164110055529466;157722371.54228842;0.0 
 02/20  19:00:00;36.666666666666664;29.998586448931192;139315352.9204727;0.0 
 02/20  20:00:00;34.541666666666664;29.778347954987566;113256478.56778294;0.0 
 02/20  21:00:00;32.041666666666664;29.5536639380003;81972226.53329977;0.0 
 02/20  22:00:00;30.416666666666668;29.355835804766258;61386253.719663925;0.0 
 02/20  23:00:00;28.833333333333332;29.17398338206604;41128250.069643386;0.0 
 02/20  24:00:00;27.708333333333332;29.001386184752704;26464498.45310541;0.0 
 02/21  01:00:00;26.916666666666668;28.844578135568128;16010615.447762886;0.0 
 02/21  02:00:00;25.916666666666668;28.675997584545502;3398159.3489424237;0.0 
 02/21  03:00:00;24.916666666666668;28.147327169967372;0.0;0.0 
 02/21  04:00:00;24.09166666666667;27.53507530689443;0.0;0.0 
 02/21  05:00:00;23.450000000000003;27.006706956540736;0.0;0.0 
 02/21  06:00:00;22.791666666666668;26.475782536285397;0.0;0.0 
 02/21  07:00:00;22.208333333333332;27.75507323122187;2140250.237784266;0.0 
 02/21  08:00:00;22.291666666666668;27.783870749727075;2221000.8362521143;0.0 
 02/21  09:00:00;22.791666666666668;27.784644890917097;2184087.2520401888;0.0 
 02/21  10:00:00;25.333333333333332;27.873011049354144;2279317.725845678;0.0 
 02/21  11:00:00;28.75;28.059700693712;2581678.056129093;0.0 
 02/21  12:00:00;31.458333333333332;28.31321327464872;3100713.219618157;0.0 
 02/21  13:00:00;33.49166666666667;28.59422817081563;3777392.3067194656;0.0 
 02/21  14:00:00;35.13333333333333;28.88279051533637;4546998.369714161;0.0 
 02/21  15:00:00;36.791666666666664;29.152156102764092;5321259.646980069;0.0 
 02/21  16:00:00;37.32500000000001;29.340917219011715;5906085.1763776485;0.0 
 02/21  17:00:00;37.083333333333336;29.42912817503215;6213052.227922916;0.0 
 02/21  18:00:00;36.416666666666664;29.41853515487438;6219607.501065148;0.0 
 02/21  19:00:00;34.833333333333336;29.29447272849191;5885340.043451268;0.0 
 02/21  20:00:00;33.125;29.11974328238684;5372349.483204907;0.0 
 02/21  21:00:00;31.625;28.96358654062878;4895293.48266387;0.0 
 02/21  22:00:00;30.241666666666664;28.819260593561836;4479540.483372163;0.0 
 02/21  23:00:00;28.883333333333336;28.68212058516475;40614506.963148244;0.0 
 02/21  24:00:00;27.541666666666668;28.555057215454394;23397337.140081465;0.0 
 02/22  01:00:00;26.358333333333334;28.425228127399905;8058556.621231381;0.0 
 02/22  02:00:00;25.316666666666663;28.078914404160496;0.0;0.0 
 02/22  03:00:00;24.258333333333336;27.379435754654384;0.0;0.0 
 02/22  04:00:00;23.450000000000003;26.76972621348921;0.0;0.0 
 02/22  05:00:00;22.849999999999998;26.270375754965283;0.0;0.0 
 02/22  06:00:00;22.25;25.770203518836308;0.0;0.0 
 02/22  07:00:00;22.349999999999998;27.34164348950968;1491050.1663365306;0.0 
 02/22  08:00:00;22.95;27.43356503370137;1671671.8505860977;0.0 
 02/22  09:00:00;23.55;27.47421185532927;1698669.1306670764;0.0 
 02/22  10:00:00;25.608333333333334;27.640791942029278;1932626.117809546;0.0 
 02/22  11:00:00;28.708333333333332;27.966499405989865;2525526.0044063474;0.0 
 02/22  12:00:00;32.041666666666664;28.39003788845233;3483284.9444335643;0.0 
 02/22  13:00:00;34.141666666666666;28.8319077651235;4659510.85492752;0.0 
 02/22  14:00:00;35.24166666666667;29.25002325492008;5890443.159731484;0.0 
 02/22  15:00:00;36.34166666666667;29.624069449199524;7031848.509579454;0.0 
 02/22  16:00:00;37.5;29.901873462906305;7885652.703141837;0.0 
 02/22  17:00:00;36.71666666666667;30.01280454227069;8244109.116822681;0.0 
 02/22  18:00:00;34.516666666666666;29.947023320223668;8043282.662558677;0.0 
 02/22  19:00:00;32.725;29.752425751610673;7398524.093690953;0.0 
 02/22  20:00:00;31.166666666666668;29.508094453906825;6574086.893191915;0.0 
 02/22  21:00:00;29.625;29.277031292495465;5815089.363368193;0.0 
 02/22  22:00:00;28.416666666666668;29.071648085127475;5175445.141576308;0.0 
 02/22  23:00:00;27.416666666666668;28.89194396371654;22694631.8596945;0.0 
 02/22  24:00:00;26.53333333333333;28.731530397535238;11020826.953285296;0.0 
 02/23  01:00:00;25.675;28.52047479331757;1322652.8037198528;0.0 
 02/23  02:00:00;24.833333333333332;27.983521930924784;0.0;0.0 
 02/23  03:00:00;23.975000000000005;27.362048317700484;0.0;0.0 
 02/23  04:00:00;23.075;26.6997316454914;0.0;0.0 
 02/23  05:00:00;22.233333333333334;26.052499118538872;0.0;0.0 
 02/23  06:00:00;21.375;25.39100914082293;0.0;0.0 
 02/23  07:00:00;20.708333333333332;27.319992329420334;1475083.114818072;0.0 
 02/23  08:00:00;20.208333333333332;27.430896535024065;1688418.4740752869;0.0 
 02/23  09:00:00;22.333333333333332;27.482514157344497;1730834.7801571223;0.0 
 02/23  10:00:00;25.166666666666668;27.66639384257992;1970852.9415207275;0.0 
 02/23  11:00:00;28.333333333333332;27.98385363059221;2538629.1436740514;0.0 
 02/23  12:00:00;31.808333333333337;28.385363438994773;3437397.2464693375;0.0 
 02/23  13:00:00;34.208333333333336;28.79681158006557;4515390.7998865675;0.0 
 02/23  14:00:00;36.108333333333334;29.204992630635584;5679850.200895417;0.0 
 02/23  15:00:00;38.00833333333333;29.59230464646414;6835883.477074816;0.0 
 02/23  16:00:00;38.56666666666667;29.87568728476171;7731732.146599435;0.0 
 02/23  17:00:00;38.166666666666664;29.999340328700598;8138486.434095057;0.0 
 02/23  18:00:00;37.18333333333333;29.9667481968491;8022432.507165212;0.0 
 02/23  19:00:00;35.666666666666664;29.80966263997014;7493169.965685884;0.0 
 02/23  20:00:00;33.833333333333336;29.60056718512166;6782297.15177434;0.0 
 02/23  21:00:00;31.891666666666666;29.399133137620463;6108939.972727193;0.0 
 02/23  22:00:00;30.458333333333332;29.21079198955016;5511439.391146516;0.0 
 02/23  23:00:00;29.416666666666668;29.04026312056257;48220552.13389826;0.0 
 02/23  24:00:00;28.3;28.880188820193386;33735782.261193186;0.0 
 02/24  01:00:00;27.15833333333333;28.72314040424081;18884817.69224492;0.0 
 02/24  02:00:00;26.058333333333334;28.561437690126766;4766323.737607388;0.0 
 02/24  03:00:00;24.958333333333332;28.03895665066642;0.0;0.0 
 02/24  04:00:00;24.03333333333333;27.381367156691706;0.0;0.0 
 02/24  05:00:00;23.175;26.743857156699644;0.0;0.0 
 02/24  06:00:00;22.333333333333332;26.101978748605216;0.0;0.0 
 02/24  07:00:00;21.416666666666668;27.581123045337083;1866608.2537763875;0.0 
 02/24  08:00:00;21.0;27.621608826354628;1985480.835914591;0.0 
 02/24  09:00:00;22.925;27.664840532286785;2005859.6005392305;0.0 
 02/24  10:00:00;26.458333333333332;27.85262784249731;2266861.7899222337;0.0 
 02/24  11:00:00;29.166666666666668;28.169641194338283;2872491.9919432425;0.0 
 02/24  12:00:00;31.400000000000002;28.560226633227376;3799828.5022078836;0.0 
 02/24  13:00:00;33.275;28.977227713180298;4940649.502217377;0.0 
 02/24  14:00:00;34.833333333333336;29.39217483029611;6170670.271697513;0.0 
 02/24  15:00:00;36.375;29.771365132378502;7330497.88003044;0.0 
 02/24  16:00:00;36.82500000000001;30.039081261275815;8177564.729304843;0.0 
 02/24  17:00:00;36.46666666666667;30.149650434114722;8541851.461049132;0.0 
 02/24  18:00:00;36.125;30.117808865421406;8415278.920836039;0.0 
 02/24  19:00:00;34.65833333333333;29.95291526252214;7851352.9129220545;0.0 
 02/24  20:00:00;32.416666666666664;29.72015914015398;7072183.094197122;0.0 
 02/24  21:00:00;30.15833333333333;29.491948218121706;6329393.887746991;0.0 
 02/24  22:00:00;29.083333333333332;29.295008925212624;5698219.885297431;0.0 
 02/24  23:00:00;28.416666666666668;29.11932329866758;36552334.46354343;0.0 
 02/24  24:00:00;27.53333333333333;28.9517028382491;24215533.78188002;0.0 
 02/25  01:00:00;26.791666666666668;28.79697885231956;14382161.484037854;0.0 
 02/25  02:00:00;26.03333333333333;28.647836959610814;4351916.330016007;0.0 
 02/25  03:00:00;25.291666666666668;28.298824020588913;0.0;0.0 
 02/25  04:00:00;24.53333333333333;27.755433913246602;0.0;0.0 
 02/25  05:00:00;23.675;27.137671895304806;0.0;0.0 
 02/25  06:00:00;22.833333333333332;26.51347014731424;0.0;0.0 
 02/25  07:00:00;22.208333333333332;27.763270192637354;2167232.9033755963;0.0 
 02/25  08:00:00;21.416666666666668;27.77400378988501;2224853.1400345857;0.0 
 02/25  09:00:00;22.63333333333334;27.80233515745601;2224592.640240786;0.0 
 02/25  10:00:00;26.25;27.986350197765503;2488204.884288542;0.0 
 02/25  11:00:00;29.866666666666664;28.289829105031618;3070938.5537950783;0.0 
 02/25  12:00:00;33.06666666666667;28.64955662729321;3910615.785072345;0.0 
 02/25  13:00:00;35.333333333333336;29.029737830058526;4933730.2062038835;0.0 
 02/25  14:00:00;36.99166666666667;29.409322483913783;6048859.94860615;0.0 
 02/25  15:00:00;38.63333333333333;29.76473460462596;7134114.3249217;0.0 
 02/25  16:00:00;39.008333333333326;30.026694153779;7978815.226518214;0.0 
 02/25  17:00:00;38.50833333333333;30.146200295059668;8391487.95618215;0.0 
 02/25  18:00:00;38.008333333333326;30.12779686777597;8329077.910562855;0.0 
 02/25  19:00:00;36.69166666666667;29.981422052568632;139609899.184231;0.0 
 02/25  20:00:00;34.733333333333334;29.769612501495732;115452296.42914067;0.0 
 02/25  21:00:00;32.791666666666664;29.56194077929264;91256563.07199581;0.0 
 02/25  22:00:00;31.416666666666668;29.37393500334227;73886915.9825401;0.0 
 02/25  23:00:00;29.833333333333332;29.202519933473038;55027498.9399859;0.0 
 02/25  24:00:00;28.88333333333334;29.049043410790304;43955635.89233032;0.0 
 02/26  01:00:00;28.275000000000002;28.91073741511755;33748893.423572786;0.0 
 02/26  02:00:00;27.316666666666666;28.771042244415828;20890591.44128794;0.0 
 02/26  03:00:00;26.375;28.627967913188083;8590235.642018083;0.0 
 02/26  04:00:00;25.416666666666668;28.325946791295763;249124.8784482392;0.0 
 02/26  05:00:00;24.416666666666668;27.663464249997528;0.0;0.0 
 02/26  06:00:00;23.416666666666668;26.95662373510169;0.0;0.0 
 02/26  07:00:00;23.583333333333332;26.83117192455239;0.0;0.0 
 02/26  08:00:00;24.583333333333332;27.245760793799423;0.0;0.0 
 02/26  09:00:00;25.583333333333332;27.76995701705332;444729.06932433543;0.0 
 02/26  10:00:00;28.333333333333332;28.07242678935177;32190803.592436854;0.0 
 02/26  11:00:00;32.333333333333336;28.351039065265372;82496535.00706965;0.0 
 02/26  12:00:00;35.166666666666664;28.698268989575666;117812768.9646975;0.0 
 02/26  13:00:00;36.70000000000001;29.06010952112851;137092505.965009;0.0 
 02/26  14:00:00;37.84166666666667;29.432191001879882;151614519.60436913;0.0 
 02/26  15:00:00;39.0;29.796043964269202;166235140.8541197;0.0 
 02/26  16:00:00;39.324999999999996;30.07141668284844;170844272.49801898;0.0 
 02/26  17:00:00;39.025;30.20102179187343;167729798.36960825;0.0 
 02/26  18:00:00;38.725;30.189681573658774;164089254.1542514;0.0 
 02/26  19:00:00;37.141666666666666;30.040854231053913;144873296.38147733;0.0 
 02/26  20:00:00;34.583333333333336;29.816924296449656;113595331.89893536;0.0 
 02/26  21:00:00;32.041666666666664;29.59366769602128;82026442.80338468;0.0 
 02/26  22:00:00;30.3;29.394930725084865;60090641.46901363;0.0 
 02/26  23:00:00;29.100000000000005;29.220933466933243;46574524.088785976;0.0 
 02/26  24:00:00;27.900000000000002;29.05767516379123;29201085.628682405;0.0 
 02/27  01:00:00;26.816666666666666;28.901481570628146;14879283.52922184;0.0 
 02/27  02:00:00;25.875;28.734233961211245;2991596.2860146426;0.0 
 02/27  03:00:00;24.916666666666668;28.210840294069826;0.0;0.0 
 02/27  04:00:00;24.208333333333332;27.6610528517391;0.0;0.0 
 02/27  05:00:00;23.708333333333332;27.21684550526282;0.0;0.0 
 02/27  06:00:00;23.208333333333332;26.77219812134115;0.0;0.0 
 02/27  07:00:00;23.291666666666668;27.862369527153195;2316635.9919849606;0.0 
 02/27  08:00:00;23.791666666666668;27.87996680283941;2369090.7595254118;0.0 
 02/27  09:00:00;24.291666666666668;27.909144764908433;2373462.2477243994;0.0 
 02/27  10:00:00;27.00833333333334;28.075730702111105;2629058.68614359;0.0 
 02/27  11:00:00;31.25;28.41115202850899;3291117.903934894;0.0 
 02/27  12:00:00;34.925000000000004;28.836260724531485;4314169.222540703;0.0 
 02/27  13:00:00;37.40833333333333;29.277363664532803;5538371.185289369;0.0 
 02/27  14:00:00;39.30833333333334;29.708445565729587;6839619.64982461;0.0 
 02/27  15:00:00;41.208333333333336;30.108945445575458;8086451.475832814;0.0 
 02/27  16:00:00;42.0;30.406415399738837;9036983.00742091;0.0 
 02/27  17:00:00;41.53333333333333;30.53354152630347;9460138.327891052;0.0 
 02/27  18:00:00;40.675000000000004;30.503925867696;9343207.226118712;0.0 
 02/27  19:00:00;38.84166666666666;30.33925295091913;8768133.109157367;0.0 
 02/27  20:00:00;36.28333333333333;30.10467059671843;7961729.038701337;0.0 
 02/27  21:00:00;33.741666666666674;29.874587724178877;7189606.538247818;0.0 
 02/27  22:00:00;32.233333333333334;29.67600430646225;6533481.870274878;0.0 
 02/27  23:00:00;31.375;29.507521218010353;80590499.29632567;0.0 
 02/27  24:00:00;30.650000000000002;29.35275921071832;72725070.27238536;0.0 
 02/28  01:00:00;29.7;29.201711683679523;54256520.97178645;0.0 
 02/28  02:00:00;28.5;29.049355282774936;36394226.33284992;0.0 
 02/28  03:00:00;27.3;28.897767863491186;21905500.29629897;0.0 
 02/28  04:00:00;26.45;28.751261839209025;9909973.899036001;0.0 
 02/28  05:00:00;25.849999999999998;28.60081221786577;2081528.352054174;0.0 
 02/28  06:00:00;25.25;28.2331431692585;0.0;0.0 
 02/28  07:00:00;24.416666666666668;28.31522901864469;3144025.3658806626;0.0 
 02/28  08:00:00;24.0;28.219182842272748;2940307.548503617;0.0 
 02/28  09:00:00;25.166666666666668;28.224100402750114;2901664.9634981044;0.0 
 02/28  10:00:00;28.333333333333332;28.38027894896003;3156162.6819520527;0.0 
 02/28  11:00:00;32.333333333333336;28.69988579446691;3827988.293953656;0.0 
 02/28  12:00:00;36.041666666666664;29.117607894645463;4869755.4348471835;0.0 
 02/28  13:00:00;38.20000000000001;29.550527704074913;6110235.560717292;0.0 
 02/28  14:00:00;39.34166666666667;29.964719747721414;7402129.631307199;0.0 
 02/28  15:00:00;40.5;30.33904008568821;8599518.03493194;0.0 
 02/28  16:00:00;40.59166666666667;30.59852347984983;9457856.38588027;0.0 
 02/28  17:00:00;39.949999999999996;30.697125923473106;9801586.656319052;0.0 
 02/28  18:00:00;39.291666666666664;30.651625131631004;9633250.035737438;0.0 
 02/28  19:00:00;35.38333333333333;30.43331732566374;8941673.189589107;0.0 
 02/28  20:00:00;31.691666666666666;30.145602554870617;8019764.13960701;0.0 
 02/28  21:00:00;30.141666666666666;29.903720309175203;7207018.556153959;0.0 
 02/28  22:00:00;28.55;29.68789804274033;6514347.987931457;0.0 
 02/28  23:00:00;26.808333333333334;29.485811502267627;16201310.703521112;0.0 
 02/28  24:00:00;25.166666666666668;29.070066372241826;577108.4950451362;0.0 
 03/01  01:00:00;23.450000000000003;27.983063959655055;0.0;0.0 
 03/01  02:00:00;22.291666666666668;27.090339205891436;0.0;0.0 
 03/01  03:00:00;21.53333333333333;26.421561007187393;0.0;0.0 
 03/01  04:00:00;20.849999999999998;25.79700778277622;0.0;0.0 
 03/01  05:00:00;20.366666666666667;25.28617720644071;0.0;0.0 
 03/01  06:00:00;20.433333333333334;25.066894371742034;0.0;0.0 
 03/01  07:00:00;20.25;27.48855092299182;1721775.6922264423;0.0 
 03/01  08:00:00;20.0;27.63644302223304;2013103.7344735085;0.0 
 03/01  09:00:00;21.400000000000002;27.68633759340068;2056301.0438493001;0.0 
 03/01  10:00:00;25.083333333333332;27.876064902174992;2300367.7895540106;0.0 
 03/01  11:00:00;29.333333333333332;28.215613624998394;2899729.539718222;0.0 
 03/01  12:00:00;32.75;28.631523046955028;3848229.0948252347;0.0 
 03/01  13:00:00;34.70000000000001;29.057175160157502;5004028.313843022;0.0 
 03/01  14:00:00;35.958333333333336;29.469527040353743;6237649.97090031;0.0 
 03/01  15:00:00;37.199999999999996;29.84396983062111;7399780.956371706;0.0 
 03/01  16:00:00;37.875;30.114344855758322;8267115.32950905;0.0 
 03/01  17:00:00;37.416666666666664;30.22662509644661;8652670.308520326;0.0 
 03/01  18:00:00;36.300000000000004;30.17230205981689;8478142.090548975;0.0 
 03/01  19:00:00;34.166666666666664;29.97267899328898;7830833.815584918;0.0 
 03/01  20:00:00;31.36666666666666;29.71317151623971;7000253.018547457;0.0 
 03/01  21:00:00;28.566666666666666;29.465143697981887;6229397.259725494;0.0 
 03/01  22:00:00;27.166666666666668;29.252383098296786;5579502.90163394;0.0 
 03/01  23:00:00;26.416666666666668;29.069401728468886;10357424.569955118;0.0 
 03/01  24:00:00;25.766666666666666;28.894860228344978;1705042.078992006;0.0 
 03/02  01:00:00;25.191666666666663;28.499519066659758;0.0;0.0 
 03/02  02:00:00;24.491666666666664;27.952075956192285;0.0;0.0 
 03/02  03:00:00;23.791666666666668;27.38998247155092;0.0;0.0 
 03/02  04:00:00;23.208333333333332;26.87841068453803;0.0;0.0 
 03/02  05:00:00;22.708333333333332;26.4134353095143;0.0;0.0 
 03/02  06:00:00;22.208333333333332;25.951988311245454;0.0;0.0 
 03/02  07:00:00;22.0;27.520801603997086;1761764.586491998;0.0 
 03/02  08:00:00;20.833333333333332;27.56921383722163;1897559.4292378465;0.0 
 03/02  09:00:00;22.333333333333332;27.61413470048973;1928953.7779108877;0.0 
 03/02  10:00:00;26.916666666666668;27.82697310560776;2216777.0776656237;0.0 
 03/02  11:00:00;30.75;28.15369126784039;2832417.655572583;0.0 
 03/02  12:00:00;33.28333333333333;28.54536108931109;3763222.2212685714;0.0 
 03/02  13:00:00;35.30833333333334;28.975929017211598;4942581.304838175;0.0 
 03/02  14:00:00;37.266666666666666;29.414243083146463;6240441.94951431;0.0 
 03/02  15:00:00;39.208333333333336;29.81239544986866;7452839.869103438;0.0 
 03/02  16:00:00;40.0;30.09483802988197;8329837.273326283;0.0 
 03/02  17:00:00;39.416666666666664;30.212751707248913;8700245.126226021;0.0 
 03/02  18:00:00;38.00833333333333;30.17558335734083;8563218.002389578;0.0 
 03/02  19:00:00;35.958333333333336;30.000477576835447;7977381.225939351;0.0 
 03/02  20:00:00;33.775;29.760979210303617;7170854.565332801;0.0 
 03/02  21:00:00;31.675;29.527090576743927;6401660.797802099;0.0 
 03/02  22:00:00;30.333333333333332;29.319777401170956;5744250.720753035;0.0 
 03/02  23:00:00;30.0;29.151642400365123;55740389.61321707;0.0 
 03/02  24:00:00;29.3;28.999890989650027;46487876.1956491;0.0 
 03/03  01:00:00;28.45;28.85112216896687;35392319.81153204;0.0 
 03/03  02:00:00;27.90833333333333;28.708774215530344;28217770.879769783;0.0 
 03/03  03:00:00;27.349999999999998;28.570874965018373;20845221.53305755;0.0 
 03/03  04:00:00;26.400000000000002;28.437947915919377;8502470.51210008;0.0 
 03/03  05:00:00;25.2;28.027528857739508;0.0;0.0 
 03/03  06:00:00;24.0;27.241901111538287;0.0;0.0 
 03/03  07:00:00;22.625;27.911191570556156;2403821.00152236;0.0 
 03/03  08:00:00;22.583333333333332;27.883056664908732;2388716.124791577;0.0 
 03/03  09:00:00;24.400000000000002;27.920598315098502;2395511.9480976267;0.0 
 03/03  10:00:00;28.666666666666668;28.110460832009533;2687545.4140065545;0.0 
 03/03  11:00:00;32.75;28.428874000456315;3338655.444055243;0.0 
 03/03  12:00:00;35.57500000000001;28.80160698147769;4263037.223507382;0.0 
 03/03  13:00:00;37.458333333333336;29.20758097850167;5403261.841577986;0.0 
 03/03  14:00:00;38.699999999999996;29.61657845985533;6657320.18640902;0.0 
 03/03  15:00:00;39.958333333333336;29.998964965918574;7871236.979900513;0.0 
 03/03  16:00:00;40.791666666666664;30.296633495047057;8819144.26335256;0.0 
 03/03  17:00:00;40.416666666666664;30.445930008748608;9291846.65215256;0.0 
 03/03  18:00:00;38.95000000000001;30.416640641620877;9183682.919263246;0.0 
 03/03  19:00:00;36.333333333333336;30.236338583470427;8571027.979940198;0.0 
 03/03  20:00:00;33.71666666666667;29.993360996359296;7739455.998361865;0.0 
 03/03  21:00:00;31.516666666666666;29.758837315371952;6951950.095954805;0.0 
 03/03  22:00:00;30.25;29.554500060708467;6281841.736068648;0.0 
 03/03  23:00:00;30.0;29.380398288672477;56252696.57603906;0.0 
 03/03  24:00:00;30.583333333333332;29.233089461910286;62973537.03087005;0.0 
 03/04  01:00:00;30.416666666666668;29.09401395459413;60441771.04446338;0.0 
 03/04  02:00:00;29.416666666666668;28.952840582229857;47611862.620169945;0.0 
 03/04  03:00:00;28.416666666666668;28.815405029855032;34747346.218947254;0.0 
 03/04  04:00:00;27.59166666666667;28.677792265961198;24050114.402572453;0.0 
 03/04  05:00:00;26.95;28.546693603017868;15652580.756259797;0.0 
 03/04  06:00:00;26.291666666666668;28.417191684144388;7030372.982750399;0.0 
 03/04  07:00:00;26.0;28.290226602227175;3074960.7745594066;0.0 
 03/04  08:00:00;26.583333333333332;28.21171465906148;2898064.4423239757;0.0 
 03/04  09:00:00;27.0;28.222805748777233;2884405.7269533686;0.0 
 03/04  10:00:00;28.75;28.352952010607208;3121086.8006391255;0.0 
 03/04  11:00:00;32.916666666666664;28.632779019807867;3715945.425256324;0.0 
 03/04  12:00:00;35.583333333333336;29.00093120720653;4652368.953920709;0.0 
 03/04  13:00:00;36.875;29.40667686242271;5835060.781940656;0.0 
 03/04  14:00:00;38.43333333333334;29.81936801638717;7110859.494487707;0.0 
 03/04  15:00:00;39.975;30.17899139571931;8245174.085073291;0.0 
 03/04  16:00:00;40.25;30.421835359295716;9020988.457811475;0.0 
 03/04  17:00:00;39.53333333333333;30.52822388509871;9363817.80163159;0.0 
 03/04  18:00:00;38.733333333333334;30.497378284598827;9238778.050181175;0.0 
 03/04  19:00:00;36.88333333333333;30.321135224842905;142305613.79856;0.0 
 03/04  20:00:00;34.225;30.071995356922272;109766463.07670896;0.0 
 03/04  21:00:00;31.583333333333332;29.83087301164458;76859493.5809642;0.0 
 03/04  22:00:00;29.625;29.617267335914168;52103112.24683888;0.0 
 03/04  23:00:00;28.241666666666664;29.432249703954085;34235505.435507275;0.0 
 03/04  24:00:00;26.941666666666666;29.260556536575532;17278405.158070877;0.0 
 03/05  01:00:00;25.816666666666666;29.07297452228666;3147601.7716367384;0.0 
 03/05  02:00:00;24.875;28.550304942559308;0.0;0.0 
 03/05  03:00:00;23.916666666666668;27.857874879119418;0.0;0.0 
 03/05  04:00:00;23.09166666666667;27.20439982958595;0.0;0.0 
 03/05  05:00:00;22.45;26.645459020703527;0.0;0.0 
 03/05  06:00:00;21.791666666666668;26.084070087654016;0.0;0.0 
 03/05  07:00:00;21.325000000000003;25.61185399461281;0.0;0.0 
 03/05  08:00:00;21.083333333333332;25.298195342532107;0.0;0.0 
 03/05  09:00:00;23.21666666666667;26.30801890218342;0.0;0.0 
 03/05  10:00:00;28.416666666666668;27.914479410311372;33006464.74119471;0.0 
 03/05  11:00:00;33.333333333333336;28.3394731859469;94756918.83072528;0.0 
 03/05  12:00:00;35.525;28.76424743265647;122200359.4288597;0.0 
 03/05  13:00:00;36.6;29.18632112392467;136040657.40045547;0.0 
 03/05  14:00:00;37.858333333333334;29.596950527479976;152086730.9650076;0.0 
 03/05  15:00:00;39.1;29.962133250594803;167684976.21328798;0.0 
 03/05  16:00:00;39.25;30.225800545942423;170694368.43059087;0.0 
 03/05  17:00:00;39.583333333333336;30.374395630095734;175420570.7852043;0.0 
 03/05  18:00:00;38.833333333333336;30.37499731906895;166008822.63399455;0.0 
 03/05  19:00:00;35.666666666666664;30.197257576711195;127926573.10385765;0.0 
 03/05  20:00:00;32.833333333333336;29.948812026586438;93015805.50843693;0.0 
 03/05  21:00:00;30.833333333333332;29.71565530369871;67491997.4255101;0.0 
 03/05  22:00:00;29.416666666666668;29.507632313046447;49315818.132668994;0.0 
 03/05  23:00:00;29.0;29.33241114523075;43636801.278639644;0.0 
 03/05  24:00:00;28.416666666666668;29.174477683061514;35767526.62922203;0.0 
 03/06  01:00:00;28.0;29.025824835623187;30065905.79986031;0.0 
 03/06  02:00:00;28.0;28.891641331794006;29697739.84800497;0.0 
 03/06  03:00:00;28.0;28.762332764463565;29368908.82745439;0.0 
 03/06  04:00:00;27.708333333333332;28.62998542704143;25393593.59806538;0.0 
 03/06  05:00:00;27.208333333333332;28.495820809505087;18807493.246943906;0.0 
 03/06  06:00:00;26.708333333333332;28.365491803613807;12220154.615426483;0.0 
 03/06  07:00:00;26.208333333333332;28.243956257371362;2977584.463311179;0.0 
 03/06  08:00:00;26.583333333333332;28.166979747276102;2808161.3335088002;0.0 
 03/06  09:00:00;27.525000000000002;28.194338857102466;2823715.1764160753;0.0 
 03/06  10:00:00;30.875;28.374884459664738;3155377.0654767915;0.0 
 03/06  11:00:00;34.75;28.696602506314722;3873151.9203085005;0.0 
 03/06  12:00:00;38.041666666666664;29.11038908937093;4949476.665901;0.0 
 03/06  13:00:00;39.85;29.558585679666447;6260061.084643381;0.0 
 03/06  14:00:00;40.391666666666666;29.984858538627886;7613840.794607781;0.0 
 03/06  15:00:00;40.949999999999996;30.362598889284104;8848335.725191498;0.0 
 03/06  16:00:00;41.083333333333336;30.64299940260329;9768187.680500435;0.0 
 03/06  17:00:00;41.0;30.786212914697057;10215224.30886661;0.0 
 03/06  18:00:00;40.300000000000004;30.76747081326472;10106073.1811596;0.0 
 03/06  19:00:00;38.75;30.600577296176823;9491847.171780068;0.0 
 03/06  20:00:00;36.65833333333333;30.364112981969118;8636244.785411395;0.0 
 03/06  21:00:00;34.358333333333334;30.122278726522552;7796562.324967952;0.0 
 03/06  22:00:00;33.166666666666664;29.910415597442903;7073240.317286391;0.0 
 03/06  23:00:00;33.0;29.732444824251875;94035810.54878482;0.0 
 03/06  24:00:00;31.833333333333332;29.554639913205662;79084371.93447869;0.0 
 03/07  01:00:00;30.3;29.369602210080917;59571441.218746275;0.0 
 03/07  02:00:00;29.15833333333333;29.192756901204884;44879323.96626257;0.0 
 03/07  03:00:00;28.0;29.022025627579733;29920913.96941997;0.0 
 03/07  04:00:00;26.916666666666668;28.85717280538468;15855175.108669333;0.0 
 03/07  05:00:00;25.974999999999998;28.692081328105942;3768391.2745155916;0.0 
 03/07  06:00:00;25.01666666666667;28.198622544974796;0.0;0.0 
 03/07  07:00:00;24.833333333333332;28.382005041841108;3258561.0302974894;0.0 
 03/07  08:00:00;25.583333333333332;28.31607297053792;3079047.162456462;0.0 
 03/07  09:00:00;26.583333333333332;28.34243315920804;3082944.328952326;0.0 
 03/07  10:00:00;29.916666666666668;28.51406597188836;3393649.4548705155;0.0 
 03/07  11:00:00;33.166666666666664;28.818204521353675;4075210.1751709622;0.0 
 03/07  12:00:00;35.4;29.19079059984952;5060280.757899821;0.0 
 03/07  13:00:00;37.15833333333333;29.60184008788995;6268615.813449221;0.0 
 03/07  14:00:00;38.4;30.013301811725626;7564782.911152521;0.0 
 03/07  15:00:00;39.65833333333333;30.386680504770908;8774426.809259126;0.0 
 03/07  16:00:00;40.083333333333336;30.664836699324763;9690053.712223379;0.0 
 03/07  17:00:00;39.416666666666664;30.794089523900936;10120726.405318253;0.0 
 03/07  18:00:00;38.416666666666664;30.76154726281145;9991086.982500538;0.0 
 03/07  19:00:00;36.25;30.57140652425368;9336098.344255166;0.0 
 03/07  20:00:00;34.300000000000004;30.31733622718163;8449781.419681339;0.0 
 03/07  21:00:00;33.041666666666664;30.080765925342686;7621575.083176512;0.0 
 03/07  22:00:00;31.625;29.85595713228302;6882954.32545874;0.0 
 03/07  23:00:00;30.416666666666668;29.6450911356237;61946117.737819366;0.0 
 03/07  24:00:00;29.416666666666668;29.4542957501944;48901735.08297174;0.0 
 03/08  01:00:00;28.825;29.279951667694217;40995038.794947974;0.0 
 03/08  02:00:00;28.46666666666667;29.117729158480927;36063166.52997538;0.0 
 03/08  03:00:00;28.125;28.964552561511898;31382423.256486308;0.0 
 03/08  04:00:00;27.416666666666668;28.81318929896352;22096940.898895763;0.0 
 03/08  05:00:00;26.416666666666668;28.659201006104833;9081058.007537495;0.0 
 03/08  06:00:00;25.416666666666668;28.345716818995637;242768.33339485747;0.0 
 03/08  07:00:00;24.416666666666668;28.34065571373344;3174173.765482718;0.0 
 03/08  08:00:00;23.416666666666668;28.23511614140652;2960064.0575181134;0.0 
 03/08  09:00:00;24.75;28.24833219119383;2938945.7812465117;0.0 
 03/08  10:00:00;28.333333333333332;28.422886266408515;3231249.489635831;0.0 
 03/08  11:00:00;31.75;28.721824165988583;3882839.1153590013;0.0 
 03/08  12:00:00;34.166666666666664;29.092740097212737;4842240.476079989;0.0 
 03/08  13:00:00;35.75833333333333;29.49356696888241;6008546.551811565;0.0 
 03/08  14:00:00;37.11666666666667;29.89102204016291;7243480.50927906;0.0 
 03/08  15:00:00;38.458333333333336;30.24750740181196;8380493.015457207;0.0 
 03/08  16:00:00;39.0;30.508109734064945;9222742.781735638;0.0 
 03/08  17:00:00;39.0;30.62908172706666;9606272.443722185;0.0 
 03/08  18:00:00;38.00833333333333;30.584582125215338;9445137.960806865;0.0 
 03/08  19:00:00;35.958333333333336;30.38891059222043;8793578.853061598;0.0 
 03/08  20:00:00;33.833333333333336;30.12756693624326;7914376.835835375;0.0 
 03/08  21:00:00;31.891666666666666;29.871176512456174;7074720.192725504;0.0 
 03/08  22:00:00;30.458333333333332;29.645745786028613;6365699.424332996;0.0 
 03/08  23:00:00;30.0;29.454335057108135;56307337.14280473;0.0 
 03/08  24:00:00;28.71666666666667;29.266320877919338;39674448.65450154;0.0 
 03/09  01:00:00;27.15833333333333;29.075249959811913;19516505.592870984;0.0 
 03/09  02:00:00;26.058333333333334;28.8908049181013;5248856.47957261;0.0 
 03/09  03:00:00;24.958333333333332;28.360832768356527;0.0;0.0 
 03/09  04:00:00;23.916666666666668;27.61818884541296;0.0;0.0 
 03/09  05:00:00;22.916666666666668;26.87593555867879;0.0;0.0 
 03/09  06:00:00;21.916666666666668;26.119504492105037;0.0;0.0 
 03/09  07:00:00;23.541666666666668;27.794372113518758;2178335.0193374325;0.0 
 03/09  08:00:00;22.666666666666668;27.86243833255142;2347749.187310107;0.0 
 03/09  09:00:00;23.099999999999998;27.884214632581116;2348346.7737086024;0.0 
 03/09  10:00:00;27.75;28.08847587371117;2635848.960418484;0.0 
 03/09  11:00:00;31.166666666666668;28.405701056474328;3259671.1731279176;0.0 
 03/09  12:00:00;33.166666666666664;28.77733078953103;4177398.1967045106;0.0 
 03/09  13:00:00;34.75833333333333;29.18026329345443;5309216.600526202;0.0 
 03/09  14:00:00;36.11666666666667;29.579242569917017;6517859.930035818;0.0 
 03/09  15:00:00;37.458333333333336;29.940827107718203;7650190.998686425;0.0 
 03/09  16:00:00;38.0;30.209862759119783;8510815.243860887;0.0 
 03/09  17:00:00;36.833333333333336;30.321068217457533;8891310.233090062;0.0 
 03/09  18:00:00;35.416666666666664;30.27492490047811;8744152.140978351;0.0 
 03/09  19:00:00;33.833333333333336;30.085027113190353;8113231.65132175;0.0 
 03/09  20:00:00;32.125;29.83004292719308;7258870.18535327;0.0 
 03/09  21:00:00;30.625;29.591694300450843;6473814.43897853;0.0 
 03/09  22:00:00;29.416666666666668;29.378455542445906;5806507.667108684;0.0 
 03/09  23:00:00;27.833333333333332;29.178096434588483;28545047.03335957;0.0 
 03/09  24:00:00;26.708333333333332;28.9943618606534;13776399.047935214;0.0 
 03/10  01:00:00;26.03333333333333;28.829397843501667;4743760.0372223705;0.0 
 03/10  02:00:00;25.175;28.413398199115875;0.0;0.0 
 03/10  03:00:00;24.333333333333332;27.78890241204812;0.0;0.0 
 03/10  04:00:00;23.474999999999998;27.138531361037412;0.0;0.0 
 03/10  05:00:00;22.633333333333336;26.4825478103736;0.0;0.0 
 03/10  06:00:00;21.775000000000002;25.81308787314622;0.0;0.0 
 03/10  07:00:00;21.166666666666668;27.54649029741663;1803759.0745307873;0.0 
 03/10  08:00:00;22.75;27.654898880714274;2022149.1874404;0.0 
 03/10  09:00:00;24.291666666666668;27.725859496384405;2082573.2047565836;0.0 
 03/10  10:00:00;26.541666666666668;27.906048212815083;2352586.8538863515;0.0 
 03/10  11:00:00;28.583333333333332;28.19667190295105;2927987.4592488986;0.0 
 03/10  12:00:00;30.75;28.571002967238424;3833391.2729854174;0.0 
 03/10  13:00:00;32.699999999999996;28.99440229508578;4997400.226169011;0.0 
 03/10  14:00:00;33.84166666666667;29.404699757518358;6232163.262169775;0.0 
 03/10  15:00:00;35.0;29.76634178674415;7353709.307016257;0.0 
 03/10  16:00:00;35.791666666666664;30.027577240979667;8166126.740446608;0.0 
 03/10  17:00:00;35.416666666666664;30.141644274979825;8514967.18971754;0.0 
 03/10  18:00:00;34.766666666666666;30.091783652952444;8324173.008251337;0.0 
 03/10  19:00:00;33.083333333333336;29.89087827341808;7661694.758655649;0.0 
 03/10  20:00:00;31.125;29.630026498240937;6815113.448399436;0.0 
 03/10  21:00:00;29.625;29.38859682011952;6039437.197136974;0.0 
 03/10  22:00:00;28.416666666666668;29.167647941641178;5366905.580781446;0.0 
 03/10  23:00:00;27.183333333333337;28.961666093330958;19862945.44406747;0.0 
 03/10  24:00:00;25.84166666666667;28.721745910020143;3402630.7395844134;0.0 
 03/11  01:00:00;24.600000000000005;28.02263802695901;0.0;0.0 
 03/11  02:00:00;23.458333333333332;27.206845175912537;0.0;0.0 
 03/11  03:00:00;22.3;26.368066170183468;0.0;0.0 
 03/11  04:00:00;21.041666666666668;25.46606518796393;0.0;0.0 
 03/11  05:00:00;19.8;24.552205059886294;0.0;0.0 
 03/11  06:00:00;18.541666666666668;23.616213787702595;0.0;0.0 
 03/11  07:00:00;18.0;26.757552708423777;801099.7831804262;0.0 
 03/11  08:00:00;19.925;27.150324896325145;1297275.655960778;0.0 
 03/11  09:00:00;23.224999999999998;27.278348631058183;1448403.806599906;0.0 
 03/11  10:00:00;26.583333333333332;27.511936009515818;1728853.0736906314;0.0 
 03/11  11:00:00;29.166666666666668;27.849687762228573;2323260.3924410637;0.0 
 03/11  12:00:00;31.166666666666668;28.25206358419256;3231550.710061731;0.0 
 03/11  13:00:00;32.875;28.6693185544205;4325806.542501638;0.0 
 03/11  14:00:00;34.375;29.068627922233876;5473874.550882672;0.0 
 03/11  15:00:00;35.875;29.433327227452214;6569256.635699095;0.0 
 03/11  16:00:00;36.208333333333336;29.698078155582238;7384812.276248044;0.0 
 03/11  17:00:00;36.0;29.80779517495061;7712305.446840758;0.0 
 03/11  18:00:00;34.833333333333336;29.75316559332501;7517185.030613247;0.0 
 03/11  19:00:00;32.833333333333336;29.573683045893322;92254306.59299453;0.0 
 03/11  20:00:00;30.833333333333332;29.350584367223565;67022382.65003524;0.0 
 03/11  21:00:00;28.833333333333332;29.135271210639775;41360535.28378326;0.0 
 03/11  22:00:00;27.416666666666668;28.94195780418617;22955983.285436258;0.0 
 03/11  23:00:00;26.416666666666668;28.768946582783403;9764076.449077893;0.0 
 03/11  24:00:00;26.7;28.621661843707432;12955041.95594366;0.0 
 03/12  01:00:00;26.90833333333333;28.485776965864904;15247920.826229043;0.0 
 03/12  02:00:00;26.349999999999998;28.343645980700714;7807885.71872532;0.0 
 03/12  03:00:00;25.808333333333334;28.188387213198027;1137154.1639154428;0.0 
 03/12  04:00:00;25.366666666666664;27.870276000603713;0.0;0.0 
 03/12  05:00:00;25.025000000000002;27.544119577973998;0.0;0.0 
 03/12  06:00:00;24.666666666666668;27.202677274303714;0.0;0.0 
 03/12  07:00:00;24.208333333333332;26.80078258968172;0.0;0.0 
 03/12  08:00:00;24.0;26.555605766420204;0.0;0.0 
 03/12  09:00:00;24.875;26.97947372845121;0.0;0.0 
 03/12  10:00:00;26.84166666666667;27.66313957541529;12725879.900055744;0.0 
 03/12  11:00:00;29.083333333333332;27.972526024078693;41607351.33811945;0.0 
 03/12  12:00:00;31.166666666666668;28.34868599046626;68441738.00599629;0.0 
 03/12  13:00:00;32.81666666666667;28.757209261647592;89786596.18099916;0.0 
 03/12  14:00:00;34.275000000000006;29.16579146352753;108583030.07058424;0.0 
 03/12  15:00:00;35.71666666666667;29.535805153774707;126878382.60506365;0.0 
 03/12  16:00:00;36.24166666666667;29.79712831222462;134007398.00209616;0.0 
 03/12  17:00:00;36.083333333333336;29.904679801853106;132671157.9002417;0.0 
 03/12  18:00:00;35.06666666666667;29.860131316865733;120092673.64028198;0.0 
 03/12  19:00:00;33.0;29.661554667853917;94480359.25414455;0.0 
 03/12  20:00:00;30.599999999999998;29.396326553995774;64235422.17433744;0.0 
 03/12  21:00:00;28.258333333333336;29.150790203456506;34179069.01790562;0.0 
 03/12  22:00:00;27.708333333333332;28.954011495837065;26676424.1959779;0.0 
 03/12  23:00:00;27.650000000000002;28.79403166242889;25463908.53539266;0.0 
 03/12  24:00:00;27.05;28.637739946130086;17415608.22713719;0.0 
 03/13  01:00:00;26.45;28.47611422604562;9374100.840480698;0.0 
 03/13  02:00:00;25.849999999999998;28.29699101072016;1784801.990224884;0.0 
 03/13  03:00:00;25.25;27.895071933444395;0.0;0.0 
 03/13  04:00:00;24.474999999999998;27.320693955612914;0.0;0.0 
 03/13  05:00:00;23.633333333333336;26.69185682869873;0.0;0.0 
 03/13  06:00:00;22.775000000000002;27.559894200367598;1838553.1876531544;0.0 
 03/13  07:00:00;22.166666666666668;27.5056671043105;1805247.5414132574;0.0 
 03/13  08:00:00;22.0;27.424661262902262;1678762.795305905;0.0 
 03/13  09:00:00;24.041666666666668;27.47192260336644;1705474.209985523;0.0 
 03/13  10:00:00;26.958333333333332;27.66454751518944;1956740.3443391984;0.0 
 03/13  11:00:00;29.458333333333332;27.971874281647032;2526888.4340292476;0.0 
 03/13  12:00:00;31.958333333333332;28.363879750835835;3442220.962786476;0.0 
 03/13  13:00:00;33.641666666666666;28.78776895050643;4593605.538330282;0.0 
 03/13  14:00:00;34.68333333333333;29.20678404505874;5839187.428547355;0.0 
 03/13  15:00:00;35.741666666666674;29.593910339880406;7038084.342262818;0.0 
 03/13  16:00:00;36.083333333333336;29.896668744697624;7991707.59477098;0.0 
 03/13  17:00:00;36.0;30.04601817909671;8455465.662330559;0.0 
 03/13  18:00:00;35.708333333333336;30.033534026989475;8374140.149925845;0.0 
 03/13  19:00:00;33.458333333333336;29.85510968260488;7781982.880202321;0.0 
 03/13  20:00:00;30.541666666666668;29.58857901701843;6913846.403607631;0.0 
 03/13  21:00:00;28.041666666666668;29.32946256951504;6085485.387424817;0.0 
 03/13  22:00:00;26.416666666666668;29.098519399126854;10692767.848596537;0.0 
 03/13  23:00:00;25.416666666666668;28.769503745154527;587608.4005156648;0.0 
 03/13  24:00:00;24.416666666666668;28.063134093977215;0.0;0.0 
 03/14  01:00:00;23.825;27.520132997380415;0.0;0.0 
 03/14  02:00:00;23.46666666666667;27.11776980469023;0.0;0.0 
 03/14  03:00:00;23.125;26.732519636755274;0.0;0.0 
 03/14  04:00:00;22.883333333333336;26.406942767067065;0.0;0.0 
 03/14  05:00:00;22.741666666666664;26.143537816369626;0.0;0.0 
 03/14  06:00:00;22.583333333333332;27.486143366569138;1745490.9636193141;0.0 
 03/14  07:00:00;22.208333333333332;27.490238740123313;1785808.1257268088;0.0 
 03/14  08:00:00;23.05;27.446624423044508;1700705.0842832145;0.0 
 03/14  09:00:00;24.791666666666668;27.513494365227018;1752774.740369329;0.0 
 03/14  10:00:00;27.541666666666668;27.714808696966788;2043184.3684073077;0.0 
 03/14  11:00:00;30.75;28.047075222247724;2681818.0852683843;0.0 
 03/14  12:00:00;32.93333333333333;28.444289731803693;3634005.4276573225;0.0 
 03/14  13:00:00;34.475;28.863722809436783;4788935.322317259;0.0 
 03/14  14:00:00;36.03333333333334;29.285477283963488;6036227.381671503;0.0 
 03/14  15:00:00;37.574999999999996;29.676020298823136;7228631.32634262;0.0 
 03/14  16:00:00;38.666666666666664;29.982957026301605;8176719.154033599;0.0 
 03/14  17:00:00;38.416666666666664;30.150467605345643;8693359.059231935;0.0 
 03/14  18:00:00;37.53333333333333;30.147336275605358;8648914.008672014;0.0 
 03/14  19:00:00;35.333333333333336;29.97488679959626;8061994.406786685;0.0 
 03/14  20:00:00;32.6;29.7222275682238;7213563.495425233;0.0 
 03/14  21:00:00;30.2;29.477332935234912;6406331.437522913;0.0 
 03/14  22:00:00;29.083333333333332;29.269004133799616;44768555.9334416;0.0 
 03/14  23:00:00;27.833333333333332;29.08210316348807;28475051.880631827;0.0 
 03/14  24:00:00;26.125;28.884539463849904;6567031.328829919;0.0 
 03/15  01:00:00;25.03333333333333;28.40607148948854;0.0;0.0 
 03/15  02:00:00;24.175;27.76808808164522;0.0;0.0 
 03/15  03:00:00;23.333333333333332;27.118959075430137;0.0;0.0 
 03/15  04:00:00;22.650000000000002;26.541635565862236;0.0;0.0 
 03/15  05:00:00;22.05;26.010856012561323;0.0;0.0 
 03/15  06:00:00;21.450000000000003;27.627487907514155;1962328.1090642768;0.0 
 03/15  07:00:00;20.5;27.644748071138547;2046190.8445935734;0.0 
 03/15  08:00:00;20.0;27.574252251796604;1914430.8991005013;0.0 
 03/15  09:00:00;22.916666666666668;27.64069704850685;1966509.1726311445;0.0 
 03/15  10:00:00;26.166666666666668;27.847750704752062;2270526.2601395426;0.0 
 03/15  11:00:00;31.083333333333332;28.19568789808993;2941904.358663426;0.0 
 03/15  12:00:00;35.516666666666666;28.640544796047923;3993808.282655634;0.0 
 03/15  13:00:00;37.416666666666664;29.090618756387695;5247304.02225523;0.0 
 03/15  14:00:00;38.81666666666667;29.528505877785737;6570269.87338971;0.0 
 03/15  15:00:00;40.21666666666667;29.92195281282784;7794989.605837457;0.0 
 03/15  16:00:00;40.333333333333336;30.20772501075253;8704830.459059974;0.0 
 03/15  17:00:00;40.0;30.345828081825122;9135824.52949052;0.0 
 03/15  18:00:00;38.95000000000001;30.32771507234108;9040209.623791743;0.0 
 03/15  19:00:00;36.333333333333336;30.14366928667904;8420630.507409444;0.0 
 03/15  20:00:00;33.891666666666666;29.88840102057569;7548977.35214542;0.0 
 03/15  21:00:00;31.991666666666664;29.646911224320473;6729360.365955908;0.0 
 03/15  22:00:00;30.441666666666666;29.429675588262395;61833912.30442396;0.0 
 03/15  23:00:00;29.141666666666666;29.235560218975746;45096514.10491895;0.0 
 03/15  24:00:00;27.84166666666667;29.05560960751258;28282215.575755715;0.0 
 03/16  01:00:00;26.833333333333332;28.88784072586309;15088298.382039987;0.0 
 03/16  02:00:00;26.09166666666667;28.73062248797497;5268181.3343863;0.0 
 03/16  03:00:00;25.333333333333332;28.39670929285216;0.0;0.0 
 03/16  04:00:00;24.241666666666664;27.665372684998832;0.0;0.0 
 03/16  05:00:00;23.0;26.813107589326645;0.0;0.0 
 03/16  06:00:00;21.74166666666667;27.922358632436758;2460982.5182250673;0.0 
 03/16  07:00:00;21.083333333333332;27.881331550747415;2432340.6780488566;0.0 
 03/16  08:00:00;21.0;27.80460018824346;2275819.414649952;0.0 
 03/16  09:00:00;23.8;27.862310679755705;2308797.445359136;0.0 
 03/16  10:00:00;28.483333333333334;28.084460308706188;2647801.6374309226;0.0 
 03/16  11:00:00;33.083333333333336;28.445175752595464;3389344.9995502615;0.0 
 03/16  12:00:00;36.574999999999996;28.886111271121795;4493071.922784571;0.0 
 03/16  13:00:00;38.225;29.338149862371484;5797853.092458677;0.0 
 03/16  14:00:00;39.18333333333333;29.773572075918832;7156563.7160589835;0.0 
 03/16  15:00:00;40.125;30.16253540321648;8402773.265770035;0.0 
 03/16  16:00:00;40.791666666666664;30.455612734359352;9341820.438420886;0.0 
 03/16  17:00:00;40.416666666666664;30.597898311427702;9789452.189208366;0.0 
 03/16  18:00:00;39.416666666666664;30.578369828025192;9684631.815267548;0.0 
 03/16  19:00:00;37.25;30.395194768917893;9042071.520786123;0.0 
 03/16  20:00:00;34.6;30.129567736620903;8125926.9077147;0.0 
 03/16  21:00:00;32.199999999999996;29.875504429048153;7265195.128212761;0.0 
 03/16  22:00:00;31.083333333333332;29.658220470098296;70402281.1456191;0.0 
 03/16  23:00:00;29.833333333333332;29.46430618285115;54376928.72337297;0.0 
 03/16  24:00:00;29.0;29.285508571195766;43338148.80851446;0.0 
 03/17  01:00:00;28.3;29.12155458374392;34038207.00753231;0.0 
 03/17  02:00:00;27.15833333333333;28.954757841053535;19230836.114539593;0.0 
 03/17  03:00:00;26.0;28.77377567335121;4539158.16480775;0.0 
 03/17  04:00:00;24.916666666666668;28.229441748153587;0.0;0.0 
 03/17  05:00:00;23.858333333333334;27.48521407352665;0.0;0.0 
 03/17  06:00:00;22.816666666666663;28.18466140281089;3019704.0045011113;0.0 
 03/17  07:00:00;22.166666666666668;28.099064099922572;2788807.04073018;0.0 
 03/17  08:00:00;23.166666666666668;28.02918498538524;2624634.6915101805;0.0 
 03/17  09:00:00;25.166666666666668;28.078736909879968;2647616.186763213;0.0 
 03/17  10:00:00;28.333333333333332;28.26616653195336;2959555.9328377936;0.0 
 03/17  11:00:00;32.916666666666664;28.609047173681493;3687522.7648983495;0.0 
 03/17  12:00:00;36.050000000000004;29.03579546041694;4779833.883161186;0.0 
 03/17  13:00:00;37.383333333333326;29.474259172712973;6068439.547834747;0.0 
 03/17  14:00:00;38.383333333333326;29.899443816697794;7410408.88351389;0.0 
 03/17  15:00:00;39.38333333333333;30.283085122456814;8652766.815572156;0.0 
 03/17  16:00:00;39.916666666666664;30.574064686750575;9599248.749114612;0.0 
 03/17  17:00:00;39.416666666666664;30.710889756342738;10038357.793831635;0.0 
 03/17  18:00:00;38.88333333333333;30.68239075098342;9896918.4030036;0.0 
 03/17  19:00:00;37.166666666666664;30.493009864476363;9225661.293945985;0.0 
 03/17  20:00:00;34.36666666666667;30.21967373945726;8292377.726842349;0.0 
 03/17  21:00:00;31.566666666666666;29.95309560059;7409182.606742917;0.0 
 03/17  22:00:00;29.583333333333332;29.714716615923354;51875138.3979756;0.0 
 03/17  23:00:00;28.416666666666668;29.50750937260399;36695413.4727712;0.0 
 03/17  24:00:00;27.183333333333337;29.31701734846392;20512002.063715562;0.0 
 03/18  01:00:00;26.191666666666666;29.138945898964394;7425970.785573472;0.0 
 03/18  02:00:00;25.55;28.908886927457644;504017.3235071764;0.0 
 03/18  03:00:00;24.89166666666667;28.412450667101307;0.0;0.0 
 03/18  04:00:00;24.191666666666666;27.852687254711427;0.0;0.0 
 03/18  05:00:00;23.55;27.310815948810202;0.0;0.0 
 03/18  06:00:00;22.891666666666666;28.1811882638145;3012239.9580713212;0.0 
 03/18  07:00:00;22.833333333333332;28.114322628229612;2807403.1970632933;0.0 
 03/18  08:00:00;22.416666666666668;28.029857727229203;2631111.561242841;0.0 
 03/18  09:00:00;23.75;28.05835842271912;2627911.525169832;0.0 
 03/18  10:00:00;27.916666666666668;28.255763419651647;2939743.77871714;0.0 
 03/18  11:00:00;32.333333333333336;28.597820845460078;3654090.1256442987;0.0 
 03/18  12:00:00;35.75;29.013870614769445;4706530.1130655445;0.0 
 03/18  13:00:00;37.75833333333333;29.44935294774793;5963051.77166334;0.0 
 03/18  14:00:00;39.11666666666667;29.872970423993394;7282810.532293782;0.0 
 03/18  15:00:00;40.458333333333336;30.257174481527752;8514064.16240841;0.0 
 03/18  16:00:00;41.0;30.5465870979435;9454544.778703472;0.0 
 03/18  17:00:00;41.0;30.696039298895244;9927715.562268315;0.0 
 03/18  18:00:00;39.833333333333336;30.671519162651567;178472051.81792387;0.0 
 03/18  19:00:00;36.666666666666664;30.47026690850639;140574881.79688674;0.0 
 03/18  20:00:00;33.541666666666664;30.19683828918852;102261173.82624215;0.0 
 03/18  21:00:00;31.041666666666668;29.93685236969385;70563378.02984457;0.0 
 03/18  22:00:00;29.416666666666668;29.707770493818263;49774981.18879177;0.0 
 03/18  23:00:00;28.416666666666668;29.510087160830825;36705945.84619152;0.0 
 03/18  24:00:00;27.766666666666666;29.333617554955183;27915155.697133232;0.0 
 03/19  01:00:00;27.133333333333336;29.170515531757072;19419614.83933217;0.0 
 03/19  02:00:00;26.333333333333332;29.011754597910922;8870537.016488172;0.0 
 03/19  03:00:00;25.53333333333333;28.76910910854728;610767.6709516381;0.0 
 03/19  04:00:00;25.025000000000002;28.360026213629634;0.0;0.0 
 03/19  05:00:00;24.78333333333333;28.05879962216306;0.0;0.0 
 03/19  06:00:00;24.525000000000002;27.75429234434559;0.0;0.0 
 03/19  07:00:00;24.166666666666668;27.3985488292401;0.0;0.0 
 03/19  08:00:00;24.0;27.17986417568409;0.0;0.0 
 03/19  09:00:00;25.75;27.883302504294093;6080487.809418986;0.0 
 03/19  10:00:00;28.75;28.312172184938806;53682351.056264766;0.0 
 03/19  11:00:00;31.75;28.642491852841456;106164856.69809926;0.0 
 03/19  12:00:00;33.99166666666667;29.039063216464413;136240408.04186964;0.0 
 03/19  13:00:00;35.63333333333333;29.466412905550243;149082706.5899558;0.0 
 03/19  14:00:00;37.291666666666664;29.898913275743116;162000963.98264414;0.0 
 03/19  15:00:00;38.93333333333333;30.2920358159499;172254763.7702629;0.0 
 03/19  16:00:00;39.833333333333336;30.587955247909452;179247467.41305143;0.0 
 03/19  17:00:00;40.0;30.736760712870833;183218095.44215932;0.0 
 03/19  18:00:00;39.416666666666664;30.71570566152303;174000521.59638467;0.0 
 03/19  19:00:00;37.833333333333336;30.533327887421677;154602824.26256225;0.0 
 03/19  20:00:00;35.71666666666667;30.280756771951364;131247553.94610564;0.0 
 03/19  21:00:00;33.516666666666666;30.03578918873552;106248376.53499351;0.0 
 03/19  22:00:00;31.666666666666668;29.81356734799127;83342908.75539106;0.0 
 03/19  23:00:00;31.0;29.626288889008862;73158721.61010827;0.0 
 03/19  24:00:00;29.833333333333332;29.44823644952172;57040704.52888416;0.0 
 03/20  01:00:00;28.59166666666667;29.27191170122911;40873657.72651711;0.0 
 03/20  02:00:00;27.95;29.111816196900875;33354433.515445713;0.0 
 03/20  03:00:00;27.291666666666668;28.957265597199797;24493629.70105759;0.0 
 03/20  04:00:00;26.53333333333333;28.801647443825726;13291281.888918607;0.0 
 03/20  05:00:00;25.675;28.58329502064235;1584051.33707237;0.0 
 03/20  06:00:00;24.833333333333332;28.48150054671883;3748682.470733804;0.0 
 03/20  07:00:00;24.208333333333332;28.338392155166776;3186390.6657336336;0.0 
 03/20  08:00:00;25.166666666666668;28.259573104601316;2987974.7404148346;0.0 
 03/20  09:00:00;25.708333333333332;28.282374135698415;2988237.005638386;0.0 
 03/20  10:00:00;27.541666666666668;28.432983567791098;3267231.067497841;0.0 
 03/20  11:00:00;31.333333333333332;28.74304930673863;3953320.431870025;0.0 
 03/20  12:00:00;34.458333333333336;29.145316440994083;4999544.778982446;0.0 
 03/20  13:00:00;36.25833333333333;29.57776073459517;6270535.082007189;0.0 
 03/20  14:00:00;37.5;30.00072469605728;7602980.566899739;0.0 
 03/20  15:00:00;38.75833333333333;30.37687303664883;8817200.25709236;0.0 
 03/20  16:00:00;39.53333333333333;30.65528027819867;9717202.181394424;0.0 
 03/20  17:00:00;39.875;30.792835343608477;10144437.777349431;0.0 
 03/20  18:00:00;39.59166666666667;30.773695196720734;10031483.29279937;0.0 
 03/20  19:00:00;37.958333333333336;30.604927276977282;9418331.079315413;0.0 
 03/20  20:00:00;35.425000000000004;30.338421926276997;8502345.003237309;0.0 
 03/20  21:00:00;32.725;30.06172062150461;7590499.4379604235;0.0 
 03/20  22:00:00;30.666666666666668;29.82589301228907;65524833.92442953;0.0 
 03/20  23:00:00;30.0;29.634254197250502;57134068.59254855;0.0 
 03/20  24:00:00;28.65833333333333;29.453303344694746;40258775.69235759;0.0 
 03/21  01:00:00;26.53333333333333;29.265994359094645;12003898.099696342;0.0 
 03/21  02:00:00;24.475000000000005;28.51134900823728;0.0;0.0 
 03/21  03:00:00;22.433333333333337;27.21310938907763;0.0;0.0 
 03/21  04:00:00;22.3;26.824411517209516;0.0;0.0 
 03/21  05:00:00;23.5;27.235697929761063;0.0;0.0 
 03/21  06:00:00;24.7;28.252856290644;3078220.944033448;0.0 
 03/21  07:00:00;25.083333333333332;28.216557923777625;2945871.2724075043;0.0 
 03/21  08:00:00;25.0;28.161365291606696;2813012.4684575186;0.0 
 03/21  09:00:00;26.28333333333333;28.206779470908014;2845302.830611007;0.0 
 03/21  10:00:00;29.416666666666668;28.395099222878798;3176570.6967551;0.0 
 03/21  11:00:00;32.75;28.71407707891043;3882650.2170391176;0.0 
 03/21  12:00:00;35.86666666666667;29.125035637585356;4947971.876174922;0.0 
 03/21  13:00:00;38.19166666666667;29.572270449828892;6249222.748463014;0.0 
 03/21  14:00:00;39.949999999999996;30.00919735953833;7615386.201955137;0.0 
 03/21  15:00:00;41.69166666666667;30.409825266348392;8898664.638426026;0.0 
 03/21  16:00:00;42.166666666666664;30.71063705031521;9879173.641484601;0.0 
 03/21  17:00:00;41.416666666666664;30.851751960467794;10340519.907079937;0.0 
 03/21  18:00:00;40.416666666666664;30.823415288365098;10212170.19267667;0.0 
 03/21  19:00:00;39.416666666666664;30.664410054669855;9613988.6113207;0.0 
 03/21  20:00:00;37.71666666666667;30.434123824013948;8772817.886075273;0.0 
 03/21  21:00:00;35.574999999999996;30.190430890078996;7922051.692818472;0.0 
 03/21  22:00:00;33.708333333333336;29.962174981057657;103163444.90055718;0.0 
 03/21  23:00:00;32.416666666666664;29.756081029700884;86943985.62532158;0.0 
 03/21  24:00:00;31.125;29.567895362300934;70310065.21915485;0.0 
 03/22  01:00:00;30.150000000000002;29.394972955337163;57653411.65265191;0.0 
 03/22  02:00:00;29.60833333333333;29.238269591738383;50498603.34466435;0.0 
 03/22  03:00:00;29.05;29.089748013434075;43158310.619376205;0.0 
 03/22  04:00:00;27.925;28.93769323429974;28707988.012790192;0.0 
 03/22  05:00:00;26.366666666666664;28.778916013900744;8675105.302248303;0.0 
 03/22  06:00:00;24.825000000000003;28.619757182673755;3704753.531186577;0.0 
 03/22  07:00:00;23.5;28.4635150370712;3409055.250997497;0.0 
 03/22  08:00:00;23.0;28.364334722883754;3199401.0291257496;0.0 
 03/22  09:00:00;26.150000000000002;28.42341532428318;3242090.26199745;0.0 
 03/22  10:00:00;31.083333333333332;28.65565080195397;3667951.3676807806;0.0 
 03/22  11:00:00;34.75;29.005814412269924;4486991.529216059;0.0 
 03/22  12:00:00;37.050000000000004;29.42207102775852;5628911.203681525;0.0 
 03/22  13:00:00;38.5;29.86397474356396;6973333.17866643;0.0 
 03/22  14:00:00;39.70000000000001;30.295106257065388;8356237.494690569;0.0 
 03/22  15:00:00;40.9;30.669832111030704;9578724.916658495;0.0 
 03/22  16:00:00;41.75;30.940889504506146;10461720.61471919;0.0 
 03/22  17:00:00;41.416666666666664;31.066710717561417;10865832.263808446;0.0 
 03/22  18:00:00;40.416666666666664;31.032573838509276;10716703.38940448;0.0 
 03/22  19:00:00;38.833333333333336;30.85177719979828;10057702.965826761;0.0 
 03/22  20:00:00;37.300000000000004;30.598959099658277;9146384.974256366;0.0 
 03/22  21:00:00;36.041666666666664;30.358220408330837;8286048.987070231;0.0 
 03/22  22:00:00;34.041666666666664;30.133393465540536;107716217.4235087;0.0 
 03/22  23:00:00;31.833333333333332;29.91766657651527;80132108.75512935;0.0 
 03/22  24:00:00;30.416666666666668;29.71877731990836;61918841.02367147;0.0 
 03/23  01:00:00;29.53333333333333;29.541645532342397;50353385.689362206;0.0 
 03/23  02:00:00;28.675;29.376533110771984;39175566.73857661;0.0 
 03/23  03:00:00;27.833333333333332;29.212187414681164;28186031.214078307;0.0 
 03/23  04:00:00;27.208333333333332;29.050566751827024;19918325.721658967;0.0 
 03/23  05:00:00;26.708333333333332;28.893828803812095;13234310.334111847;0.0 
 03/23  06:00:00;26.208333333333332;28.73981608059017;3894696.7466445253;0.0 
 03/23  07:00:00;26.0;28.596043463590416;3602343.3382379734;0.0 
 03/23  08:00:00;26.0;28.51265784237827;3408366.78356896;0.0 
 03/23  09:00:00;27.166666666666668;28.547965129666704;3436258.3266779114;0.0 
 03/23  10:00:00;29.166666666666668;28.71878825866241;3771245.465505977;0.0 
 03/23  11:00:00;31.75;29.005118116083935;4443166.018855486;0.0 
 03/23  12:00:00;34.75;29.38218449859544;5450781.722862559;0.0 
 03/23  13:00:00;35.18333333333334;29.767864161129182;6634377.852165286;0.0 
 03/23  14:00:00;33.78333333333333;30.108983246503726;7794286.5132364575;0.0 
 03/23  15:00:00;32.38333333333333;30.39204532782166;8786714.352405168;0.0 
 03/23  16:00:00;34.775;30.630237434601383;9533185.485383613;0.0 
 03/23  17:00:00;39.875;30.809611383863132;9978464.694693886;0.0 
 03/23  18:00:00;41.125;30.81963368030796;9921657.331417816;0.0 
 03/23  19:00:00;39.625;30.651788818766875;9343967.935492435;0.0 
 03/23  20:00:00;37.541666666666664;30.40675475619717;8519486.994521506;0.0 
 03/23  21:00:00;35.041666666666664;30.15728573640365;7706049.886773012;0.0 
 03/23  22:00:00;33.416666666666664;29.935694490383685;99568330.49103968;0.0 
 03/23  23:00:00;33.0;29.75327079776028;93999202.18656254;0.0 
 03/23  24:00:00;32.00833333333334;29.58125055418722;81281803.81222351;0.0 
 03/24  01:00:00;30.833333333333332;29.413762510949095;66296078.70325631;0.0 
 03/24  02:00:00;30.09166666666667;29.264733445882367;56687124.082771055;0.0 
 03/24  03:00:00;29.333333333333332;29.119213957996823;46864070.94341865;0.0 
 03/24  04:00:00;28.59166666666667;28.976214727229138;37238956.9982682;0.0 
 03/24  05:00:00;27.95;28.838159086807963;28860037.069563527;0.0 
 03/24  06:00:00;27.291666666666668;28.69882393487551;3812168.2973423963;0.0 
 03/24  07:00:00;27.0;28.57150059676867;3550847.4441580162;0.0 
 03/24  08:00:00;26.416666666666668;28.488514307671995;3370620.8151298617;0.0 
 03/24  09:00:00;27.458333333333332;28.519383843178186;3403318.453090368;0.0 
 03/24  10:00:00;30.541666666666668;28.71248298120887;3788498.5925009893;0.0 
 03/24  11:00:00;33.166666666666664;29.031995762625417;4558084.888791896;0.0 
 03/24  12:00:00;35.63333333333333;29.431349033696446;5657081.870305748;0.0 
 03/24  13:00:00;37.791666666666664;29.86714845246423;6967119.109108542;0.0 
 03/24  14:00:00;39.550000000000004;30.294419923236152;8323226.510389978;0.0 
 03/24  15:00:00;41.291666666666664;30.67500505785959;9548646.907089463;0.0 
 03/24  16:00:00;42.0;30.945392836281655;10428110.02047094;0.0 
 03/24  17:00:00;41.416666666666664;31.066531476794097;10818626.551933218;0.0 
 03/24  18:00:00;40.59166666666667;31.028480217465646;10652629.374734942;0.0 
 03/24  19:00:00;38.958333333333336;30.844111173196154;9987019.302134782;0.0 
 03/24  20:00:00;36.775;30.583513606308912;9076212.44730486;0.0 
 03/24  21:00:00;34.675000000000004;30.327118672686613;8199176.463402886;0.0 
 03/24  22:00:00;33.625;30.109719847792373;102439309.1876517;0.0 
 03/24  23:00:00;33.266666666666666;29.929865711341833;97533140.08086626;0.0 
 03/24  24:00:00;32.925000000000004;29.767602258802643;92893943.33799155;0.0 
 03/25  01:00:00;32.275;29.611139446316923;84484147.41962916;0.0 
 03/25  02:00:00;31.375;29.454797331908704;72975652.24095236;0.0 
 03/25  03:00:00;30.474999999999998;29.301150772789935;61444998.01517799;0.0 
 03/25  04:00:00;29.51666666666667;29.14924370323261;49152400.84190527;0.0 
 03/25  05:00:00;28.458333333333332;28.998065248031722;35560481.00584853;0.0 
 03/25  06:00:00;27.416666666666668;28.84867060842181;4105557.7562335166;0.0 
 03/25  07:00:00;26.416666666666668;28.702489241385862;3813581.042041271;0.0 
 03/25  08:00:00;25.416666666666668;28.605993811864078;3607275.9490176565;0.0 
 03/25  09:00:00;27.8;28.65392050643649;3653836.6762725385;0.0 
 03/25  10:00:00;32.25;28.87686822255002;4093217.0063583255;0.0 
 03/25  11:00:00;35.166666666666664;29.19997779867278;4878272.690081341;0.0 
 03/25  12:00:00;36.93333333333334;29.575513090072693;5935914.688157725;0.0 
 03/25  13:00:00;38.241666666666674;29.989000333647954;7211969.32686569;0.0 
 03/25  14:00:00;39.4;30.401848262649835;8550754.423184212;0.0 
 03/25  15:00:00;40.541666666666664;30.768994142214506;9754551.402511396;0.0 
 03/25  16:00:00;41.0;31.026921036179402;10606425.304005977;0.0 
 03/25  17:00:00;41.0;31.146759509644955;10988024.091124963;0.0 
 03/25  18:00:00;40.416666666666664;31.113711607954798;186442077.71979794;0.0 
 03/25  19:00:00;38.25;30.92035700069948;160486310.81264445;0.0 
 03/25  20:00:00;35.25;30.64009150176695;123976300.83431461;0.0 
 03/25  21:00:00;32.25;30.361544272748073;86488757.09137556;0.0 
 03/25  22:00:00;31.0;30.12437111141702;70409765.94186327;0.0 
 03/25  23:00:00;30.416666666666668;29.925160689393987;62584999.400333256;0.0 
 03/25  24:00:00;30.291666666666668;29.750145747112498;60366098.308688864;0.0 
 03/26  01:00:00;30.325;29.592986149592306;60239144.187973596;0.0 
 03/26  02:00:00;30.025000000000002;29.43648779509381;56102163.76803571;0.0 
 03/26  03:00:00;29.724999999999998;29.28435858332465;51994462.46388955;0.0 
 03/26  04:00:00;28.958333333333332;29.128700443198493;42069483.256709084;0.0 
 03/26  05:00:00;27.8;28.96714508281833;27180423.301677104;0.0 
 03/26  06:00:00;26.599999999999998;28.806440740869323;11657702.05448173;0.0 
 03/26  07:00:00;25.458333333333332;28.51096177450623;522990.42981181125;0.0 
 03/26  08:00:00;25.0;28.176456718215846;0.0;0.0 
 03/26  09:00:00;27.333333333333332;28.568901165132942;20605756.63186029;0.0 
 03/26  10:00:00;31.333333333333332;28.80389337525732;70926449.13430165;0.0 
 03/26  11:00:00;34.166666666666664;29.1377800035029;106458985.59776422;0.0 
 03/26  12:00:00;35.46666666666667;29.524011754038174;123260713.07011467;0.0 
 03/26  13:00:00;36.85;29.93182667502433;140970032.51907766;0.0 
 03/26  14:00:00;38.65;30.33706227044773;163414414.74006587;0.0 
 03/26  15:00:00;40.449999999999996;30.702858316545143;185452588.2257093;0.0 
 03/26  16:00:00;41.083333333333336;30.963994514627554;193970382.60769513;0.0 
 03/26  17:00:00;41.0;31.086168277086056;193692207.80571565;0.0 
 03/26  18:00:00;40.125;31.04975000825583;182891996.7884127;0.0 
 03/26  19:00:00;37.458333333333336;30.85123838367868;150937958.6429856;0.0 
 03/26  20:00:00;34.65833333333333;30.573719858329824;116688657.86147475;0.0 
 03/26  21:00:00;32.358333333333334;30.305752460912984;87673355.0900161;0.0 
 03/26  22:00:00;31.166666666666668;30.075418024200914;72336042.6291792;0.0 
 03/26  23:00:00;31.0;29.885203910541197;69720531.99843322;0.0 
 03/26  24:00:00;31.0;29.717215347753577;69112894.11543234;0.0 
 03/27  01:00:00;30.358333333333334;29.55373539009538;60627941.61790831;0.0 
 03/27  02:00:00;29.25833333333333;29.386473463973147;46479429.92528808;0.0 
 03/27  03:00:00;28.15833333333333;29.220399565486048;32274046.669666965;0.0 
 03/27  04:00:00;27.291666666666668;29.059332333820006;20976440.98433467;0.0 
 03/27  05:00:00;26.59166666666667;28.90420726764795;11771475.574498195;0.0 
 03/27  06:00:00;25.891666666666666;28.7528857347687;3932034.8744425196;0.0 
 03/27  07:00:00;25.25;28.607468940504123;3642404.4469120437;0.0 
 03/27  08:00:00;25.0;28.51875865802732;3443603.92372944;0.0 
 03/27  09:00:00;27.333333333333332;28.568699103172197;3487643.3353920463;0.0 
 03/27  10:00:00;31.916666666666668;28.793748738723156;3922287.201226272;0.0 
 03/27  11:00:00;35.10833333333334;29.131087922599175;4731344.874607877;0.0 
 03/27  12:00:00;37.00833333333333;29.52161836677198;5824339.393509653;0.0 
 03/27  13:00:00;38.675000000000004;29.94871362007358;7133751.601563374;0.0 
 03/27  14:00:00;40.23333333333333;30.374418381475095;8507561.105039567;0.0 
 03/27  15:00:00;41.775000000000006;30.75887791459642;9766538.192843374;0.0 
 03/27  16:00:00;42.75;31.045153819697095;10703997.682448776;0.0 
 03/27  17:00:00;43.0;31.187186115267878;11149221.677630132;0.0 
 03/27  18:00:00;42.00833333333333;31.15498283700165;11002711.331494248;0.0 
 03/27  19:00:00;38.791666666666664;30.94855028957099;10300834.41592962;0.0 
 03/27  20:00:00;35.425000000000004;30.659156337438016;9322704.213921439;0.0 
 03/27  21:00:00;32.725;30.380254945405667;8379481.129203627;0.0 
 03/27  22:00:00;30.666666666666668;30.12953417124186;66243953.25414678;0.0 
 03/27  23:00:00;29.416666666666668;29.911324515686616;50114770.88691369;0.0 
 03/27  24:00:00;28.766666666666666;29.72029842865712;41317532.93019066;0.0 
 03/28  01:00:00;28.133333333333336;29.542563019465476;32798041.872788195;0.0 
 03/28  02:00:00;27.333333333333332;29.367825790611686;22249399.258929886;0.0 
 03/28  03:00:00;26.53333333333333;29.196740512882602;11698183.725801727;0.0 
 03/28  04:00:00;25.849999999999998;29.026256087614644;2746483.943662641;0.0 
 03/28  05:00:00;25.308333333333337;28.688660789870173;0.0;0.0 
 03/28  06:00:00;24.75;28.692550198525947;3843112.5921720047;0.0 
 03/28  07:00:00;24.208333333333332;28.548743553806656;3542825.4004126275;0.0 
 03/28  08:00:00;24.583333333333332;28.46217992313368;3342857.7119084727;0.0 
 03/28  09:00:00;27.041666666666668;28.512948412403365;3378767.1376699773;0.0 
 03/28  10:00:00;31.125;28.72560921443386;3777424.1477201893;0.0 
 03/28  11:00:00;34.75;29.068170149226706;4580372.095269581;0.0 
 03/28  12:00:00;37.57500000000001;29.484427322147578;5720761.485406641;0.0 
 03/28  13:00:00;39.80833333333334;29.939772952622675;7102550.43579561;0.0 
 03/28  14:00:00;41.766666666666666;30.394558773840405;8563587.01573366;0.0 
 03/28  15:00:00;43.708333333333336;30.806028783284827;9906345.929479668;0.0 
 03/28  16:00:00;44.791666666666664;31.110780043087846;10904390.554234214;0.0 
 03/28  17:00:00;44.300000000000004;31.248070080827347;11356204.30159846;0.0 
 03/28  18:00:00;43.041666666666664;31.21383930701161;11212575.375070792;0.0 
 03/28  19:00:00;39.291666666666664;31.003845997465774;10501337.65784671;0.0 
 03/28  20:00:00;35.833333333333336;30.707112769339602;9493239.285107944;0.0 
 03/28  21:00:00;33.833333333333336;30.436042861834057;8545034.474484863;0.0 
 03/28  22:00:00;33.0;30.20759011055721;95146833.3617633;0.0 
 03/28  23:00:00;32.416666666666664;30.010495495603518;87492303.91693284;0.0 
 03/28  24:00:00;31.53333333333333;29.821948072803195;75909249.85863727;0.0 
 03/29  01:00:00;30.675;29.644189165640295;64707606.8946056;0.0 
 03/29  02:00:00;29.833333333333332;29.47349818424837;53801657.895309865;0.0 
 03/29  03:00:00;28.974999999999998;29.307443252658288;42675507.54676088;0.0 
 03/29  04:00:00;28.308333333333334;29.14725672656239;33944947.94191996;0.0 
 03/29  05:00:00;27.75;28.99304466930956;26578217.016294464;0.0 
 03/29  06:00:00;27.208333333333332;28.842213069904783;4080618.9922864065;0.0 
 03/29  07:00:00;27.0;28.702573208216737;3792372.803522638;0.0 
 03/29  08:00:00;27.641666666666666;28.633823647122437;3616163.287261931;0.0 
 03/29  09:00:00;28.741666666666664;28.676223252870212;3666490.8843688113;0.0 
 03/29  10:00:00;30.833333333333332;28.84756218227157;4023722.2057186505;0.0 
 03/29  11:00:00;34.916666666666664;29.17537303035138;4800945.573742494;0.0 
 03/29  12:00:00;38.75;29.60619227748278;5966401.953472262;0.0 
 03/29  13:00:00;40.641666666666666;30.054757468986608;7331938.049252954;0.0 
 03/29  14:00:00;41.800000000000004;30.485151854248343;8729786.089421269;0.0 
 03/29  15:00:00;42.94166666666666;30.86432364109328;9982444.99054945;0.0 
 03/29  16:00:00;43.75;31.139300342481647;10890308.490101764;0.0 
 03/29  17:00:00;43.416666666666664;31.267885573930133;11309293.997495076;0.0 
 03/29  18:00:00;42.06666666666667;31.229692757285353;11159360.657132613;0.0 
 03/29  19:00:00;39.416666666666664;31.036880275099097;10488028.460607663;0.0 
 03/29  20:00:00;36.949999999999996;30.77232131099109;9561426.13306208;0.0 
 03/29  21:00:00;35.09166666666667;30.520358971834792;8675149.602726113;0.0 
 03/29  22:00:00;33.541666666666664;30.29356864712729;101860990.33910985;0.0 
 03/29  23:00:00;33.0;30.104507235680163;94865979.2314175;0.0 
 03/29  24:00:00;33.75833333333333;29.956615934124383;103296477.5690976;0.0 
 03/30  01:00:00;33.775;29.81486983942869;102833924.36486363;0.0 
 03/30  02:00:00;32.93333333333333;29.66384199650774;92193488.77487335;0.0 
 03/30  03:00:00;32.074999999999996;29.51559776935177;81327690.22840832;0.0 
 03/30  04:00:00;31.525000000000002;29.3759646780825;74242765.48175421;0.0 
 03/30  05:00:00;31.224999999999998;29.245676399544994;70253849.07406731;0.0 
 03/30  06:00:00;30.925;29.120302304748133;4589531.138527291;0.0 
 03/30  07:00:00;30.916666666666668;29.00510393592535;4334683.405257651;0.0 
 03/30  08:00:00;30.416666666666668;28.932865684314738;4168094.966328489;0.0 
 03/30  09:00:00;30.933333333333337;28.953577234828376;4202123.092172541;0.0 
 03/30  10:00:00;34.166666666666664;29.144562950614173;4617941.283965522;0.0 
 03/30  11:00:00;36.583333333333336;29.457427726831508;5415490.92994119;0.0 
 03/30  12:00:00;37.93333333333333;29.82858966088969;6492924.531940792;0.0 
 03/30  13:00:00;39.358333333333334;30.232236465143718;7754124.693443972;0.0 
 03/30  14:00:00;40.6;30.630673492467505;9060780.98099847;0.0 
 03/30  15:00:00;41.858333333333334;30.9901740871253;10260492.233755177;0.0 
 03/30  16:00:00;42.166666666666664;31.251446920694818;11141770.823945586;0.0 
 03/30  17:00:00;41.416666666666664;31.367257977311482;11530354.84795576;0.0 
 03/30  18:00:00;40.53333333333334;31.325990947719518;11360225.294527702;0.0 
 03/30  19:00:00;39.5;31.150227760076593;10704102.299121032;0.0 
 03/30  20:00:00;37.65833333333333;30.899901813167673;9805053.770442791;0.0 
 03/30  21:00:00;35.358333333333334;30.641926691589962;8916397.815070355;0.0 
 03/30  22:00:00;33.583333333333336;30.4073251969741;102568724.3781644;0.0 
 03/30  23:00:00;32.416666666666664;30.19988468930951;87868760.41193289;0.0 
 03/30  24:00:00;32.699999999999996;30.030868515880766;90562305.49190992;0.0 
 03/31  01:00:00;32.675000000000004;29.875845662144446;89615482.27610084;0.0 
 03/31  02:00:00;31.71666666666667;29.705745867326215;77430180.46043456;0.0 
 03/31  03:00:00;30.775000000000002;29.537797960620072;65420593.598711796;0.0 
 03/31  04:00:00;30.05;29.37711592425185;56070720.27097469;0.0 
 03/31  05:00:00;29.39166666666667;29.223023199431378;49401537.99842856;0.0 
 03/31  06:00:00;28.75;29.073206590821133;4830394.903386049;0.0 
 03/31  07:00:00;28.208333333333332;28.931118112564665;4208455.127111765;0.0 
 03/31  08:00:00;28.0;28.849609726703097;4012939.953003983;0.0 
 03/31  09:00:00;28.816666666666666;28.87890452378821;4050322.7684663367;0.0 
 03/31  10:00:00;30.916666666666668;29.044173544828308;4408690.025741362;0.0 
 03/31  11:00:00;34.333333333333336;29.34897965636753;5156926.430884707;0.0 
 03/31  12:00:00;37.458333333333336;29.742913505442715;6250531.9068751875;0.0 
 03/31  13:00:00;39.550000000000004;30.169541520366106;7561557.166640237;0.0 
 03/31  14:00:00;41.40833333333333;30.59965750742691;8957154.132208377;0.0 
 03/31  15:00:00;43.25;30.991586353026833;10254226.910553016;0.0 
 03/31  16:00:00;43.416666666666664;31.273158579384074;11213417.385919094;0.0 
 03/31  17:00:00;43.0;31.40537910839693;11662414.79563801;0.0 
 03/31  18:00:00;43.0;31.391267009335284;11562780.616908912;0.0 
 03/31  19:00:00;39.208333333333336;31.187718465096026;10870343.055770373;0.0 
 03/31  20:00:00;35.74166666666667;30.8914090298517;9867110.982267201;0.0 
 03/31  21:00:00;34.616666666666674;30.63516560756638;8946751.96401904;0.0 
 03/31  22:00:00;33.55833333333334;30.4055965504448;106663288.10711399;0.0 
 03/31  23:00:00;32.34166666666667;30.19414785170405;98385672.0577569;0.0 
 03/31  24:00:00;31.041666666666668;29.997209431556882;86162800.5475546;0.0 
 04/01  01:00:00;29.741666666666664;29.820131858351697;71690183.82557574;0.0 
 04/01  02:00:00;28.90833333333333;29.659946531813958;60779070.65219387;0.0 
 04/01  03:00:00;28.40833333333333;29.509385240828674;51556812.01551502;0.0 
 04/01  04:00:00;28.025000000000002;29.36528619084203;44169773.12807806;0.0 
 04/01  05:00:00;27.900000000000002;29.224309911892487;41561080.93857035;0.0 
 04/01  06:00:00;28.191666666666666;29.09333763840986;5955750.2807987165;0.0 
 04/01  07:00:00;28.10833333333333;28.962441165155926;4325249.436554606;0.0 
 04/01  08:00:00;27.958333333333332;28.88202007686191;4095211.3618576434;0.0 
 04/01  09:00:00;29.05;28.918534602426774;4145612.547971713;0.0 
 04/01  10:00:00;32.25;29.113762235284426;4570700.54427929;0.0 
 04/01  11:00:00;35.75;29.447977251482154;5406682.995389906;0.0 
 04/01  12:00:00;38.166666666666664;29.83919641402092;6518370.415879894;0.0 
 04/01  13:00:00;39.46666666666667;30.23002043045055;7738702.769469507;0.0 
 04/01  14:00:00;40.266666666666666;30.594788250500375;8936104.216844553;0.0 
 04/01  15:00:00;41.06666666666667;30.911802751500705;9985903.947528316;0.0 
 04/01  16:00:00;41.75;31.13888168594867;10726633.306967521;0.0 
 04/01  17:00:00;42.0;31.231878879107086;11012163.645231217;0.0 
 04/01  18:00:00;41.35833333333334;31.177455833702236;197079321.15378618;0.0 
 04/01  19:00:00;39.791666666666664;30.99174744571413;178431666.37333745;0.0 
 04/01  20:00:00;37.541666666666664;30.735717414151736;151317390.56092292;0.0 
 04/01  21:00:00;35.041666666666664;30.481904697432668;120297616.4355521;0.0 
 04/01  22:00:00;33.416666666666664;30.25691387931605;100145917.2178559;0.0 
 04/01  23:00:00;34.75;30.101597392838602;115980507.28676689;0.0 
 04/01  24:00:00;35.766666666666666;29.97247649805612;127555171.19994543;0.0 
 04/02  01:00:00;34.550000000000004;29.8092842842309;112260210.65521088;0.0 
 04/02  02:00:00;32.75;29.638423520411717;89980060.6972488;0.0 
 04/02  03:00:00;30.95;29.46740214581436;67488033.35610592;0.0 
 04/02  04:00:00;30.433333333333334;29.315072564350658;60814857.9886445;0.0 
 04/02  05:00:00;30.833333333333332;29.18615961200184;65584807.479935825;0.0 
 04/02  06:00:00;30.066666666666666;29.04831833526794;55699630.64543007;0.0 
 04/02  07:00:00;28.0;28.89079052933779;29500962.25890403;0.0 
 04/02  08:00:00;27.0;28.800052898250396;16693879.598774288;0.0 
 04/02  09:00:00;28.808333333333337;28.84991104409107;39543869.2477296;0.0 
 04/02  10:00:00;32.958333333333336;29.0726263222157;91359036.58187777;0.0 
 04/02  11:00:00;35.583333333333336;29.40691046797139;124122189.81464529;0.0 
 04/02  12:00:00;36.875;29.791145494796627;140574021.84028757;0.0 
 04/02  13:00:00;38.083333333333336;30.201229471820728;156028375.58408383;0.0 
 04/02  14:00:00;39.141666666666666;30.597227354983602;169605835.67465585;0.0 
 04/02  15:00:00;40.18333333333333;30.952564214573542;182762748.79889816;0.0 
 04/02  16:00:00;40.833333333333336;31.21644680481089;191607701.6058111;0.0 
 04/02  17:00:00;40.416666666666664;31.332850125000732;187506685.23331833;0.0 
 04/02  18:00:00;39.766666666666666;31.28713463999632;179210773.34936574;0.0 
 04/02  19:00:00;38.375;31.095285503727613;161901478.46391594;0.0 
 04/02  20:00:00;36.21666666666667;30.818174627675727;135493682.31173858;0.0 
 04/02  21:00:00;34.074999999999996;30.54694470209519;108940044.30478328;0.0 
 04/02  22:00:00;32.85;30.312156196532825;93409375.87215598;0.0 
 04/02  23:00:00;32.25;30.111972123386504;85555051.40808158;0.0 
 04/02  24:00:00;31.650000000000002;29.929359206626795;77580095.74109355;0.0 
 04/03  01:00:00;30.991666666666664;29.756773628101413;68887298.49105787;0.0 
 04/03  02:00:00;30.233333333333334;29.589571186667246;59030664.30074247;0.0 
 04/03  03:00:00;29.491666666666664;29.426764516651986;49385648.59240758;0.0 
 04/03  04:00:00;29.083333333333332;29.272201867331177;43996739.61549931;0.0 
 04/03  05:00:00;28.416666666666668;29.121924233131825;35578417.312585026;0.0 
 04/03  06:00:00;27.3;28.965190539882716;4485140.205303403;0.0 
 04/03  07:00:00;25.75;28.802217429044997;4001609.863148556;0.0 
 04/03  08:00:00;26.166666666666668;28.72793986887986;3810921.7374756644;0.0 
 04/03  09:00:00;28.05;28.782824750253365;3875357.923456123;0.0 
 04/03  10:00:00;30.666666666666668;28.975770926831174;4281526.793469728;0.0 
 04/03  11:00:00;34.333333333333336;29.308754247737664;5094931.437960729;0.0 
 04/03  12:00:00;36.583333333333336;29.70706338984829;6213770.831845723;0.0 
 04/03  13:00:00;37.81666666666667;30.11598739608682;7491469.070493601;0.0 
 04/03  14:00:00;39.275;30.52753479234977;8829150.454155939;0.0 
 04/03  15:00:00;40.71666666666667;30.89570739712296;10040797.617030583;0.0 
 04/03  16:00:00;41.125;31.153728172196384;10898847.19668382;0.0 
 04/03  17:00:00;40.358333333333334;31.251074754962275;11218857.799334204;0.0 
 04/03  18:00:00;39.25833333333333;31.17775109636158;10949336.07083565;0.0 
 04/03  19:00:00;37.75;30.969116270738102;10207919.498842696;0.0 
 04/03  20:00:00;35.36666666666667;30.685905430505926;9241030.12362901;0.0 
 04/03  21:00:00;32.625;30.40238714242045;8312076.940866738;0.0 
 04/03  22:00:00;30.625;30.15376358510555;65665784.176743574;0.0 
 04/03  23:00:00;30.0;29.94785545747133;57405853.23091517;0.0 
 04/03  24:00:00;28.599999999999998;29.75472428307518;39204158.32462058;0.0 
 04/04  01:00:00;27.308333333333334;29.565622990670104;22391022.17276659;0.0 
 04/04  02:00:00;26.75;29.392218763691705;14880217.555364063;0.0 
 04/04  03:00:00;26.208333333333332;29.224741391428083;7602396.018542571;0.0 
 04/04  04:00:00;26.0;29.06563685544181;4587477.679309228;0.0 
 04/04  05:00:00;26.0;28.917003184806493;4256751.968145959;0.0 
 04/04  06:00:00;24.950000000000003;28.759036429101528;3938117.2811972215;0.0 
 04/04  07:00:00;24.141666666666666;28.602783593383403;3635437.5779893715;0.0 
 04/04  08:00:00;24.041666666666668;28.522019561002377;3447950.871085485;0.0 
 04/04  09:00:00;26.099999999999998;28.569271817922584;3491379.088337217;0.0 
 04/04  10:00:00;30.34166666666667;28.788456820672405;3911690.9744106517;0.0 
 04/04  11:00:00;35.041666666666664;29.151036158254115;4763618.369699154;0.0 
 04/04  12:00:00;38.166666666666664;29.582257678289327;5950011.50481299;0.0 
 04/04  13:00:00;39.641666666666666;30.02090570118901;7307720.050296682;0.0 
 04/04  14:00:00;40.68333333333333;30.44748643768479;8707964.621204203;0.0 
 04/04  15:00:00;41.741666666666674;30.82934287039069;9984659.320149042;0.0 
 04/04  16:00:00;42.083333333333336;31.111556236439924;10931937.088363368;0.0 
 04/04  17:00:00;42.0;31.243069937458415;11357099.18370226;0.0 
 04/04  18:00:00;40.891666666666666;31.20196156478497;11183489.852080658;0.0 
 04/04  19:00:00;38.875;31.009684471265018;10489897.608899413;0.0 
 04/04  20:00:00;36.71666666666667;30.73858287371752;9526732.239655733;0.0 
 04/04  21:00:00;34.574999999999996;30.470283783679253;8591889.85081246;0.0 
 04/04  22:00:00;33.291666666666664;30.237006067700182;98679321.06042564;0.0 
 04/04  23:00:00;32.416666666666664;30.03254527121042;87547943.3724782;0.0 
 04/04  24:00:00;31.59166666666667;29.841957104765367;76600932.53708623;0.0 
 04/05  01:00:00;31.008333333333336;29.66650360211006;68755340.62088153;0.0 
 04/05  02:00:00;30.508333333333336;29.50205856410587;62131000.854864456;0.0 
 04/05  03:00:00;30.008333333333336;29.345308706238104;55848331.00134881;0.0 
 04/05  04:00:00;28.75;29.183032839001786;39928807.270853005;0.0 
 04/05  05:00:00;27.358333333333334;29.016710516335504;23640808.68382971;0.0 
 04/05  06:00:00;26.258333333333336;28.85639492818179;4705117.028462021;0.0 
 04/05  07:00:00;25.916666666666668;28.713488456692932;3845121.7883596243;0.0 
 04/05  08:00:00;26.0;28.645469390982047;3661161.8966558184;0.0 
 04/05  09:00:00;27.75;28.696608512875372;3722317.290532194;0.0 
 04/05  10:00:00;31.333333333333332;28.907663410303584;4153977.244181089;0.0 
 04/05  11:00:00;35.333333333333336;29.260012673018043;5005848.314630207;0.0 
 04/05  12:00:00;38.108333333333334;29.677897559722847;6168704.8066027;0.0 
 04/05  13:00:00;39.36666666666667;30.10009527194876;7486288.803009579;0.0 
 04/05  14:00:00;40.108333333333334;30.514530537722894;8857792.705460606;0.0 
 04/05  15:00:00;40.86666666666667;30.889040330250737;10118936.865473334;0.0 
 04/05  16:00:00;41.083333333333336;31.165312608021665;11054823.175339978;0.0 
 04/05  17:00:00;41.0;31.298534002921187;11490048.722666467;0.0 
 04/05  18:00:00;40.300000000000004;31.266569845494868;11339992.502112366;0.0 
 04/05  19:00:00;38.166666666666664;31.07411712754514;10647194.176264968;0.0 
 04/05  20:00:00;35.833333333333336;30.79831461043769;9673222.752976498;0.0 
 04/05  21:00:00;33.833333333333336;30.531035768381617;8736488.783884674;0.0 
 04/05  22:00:00;32.416666666666664;30.293425512077054;88193354.94638728;0.0 
 04/05  23:00:00;32.0;30.092758971554783;82578631.4158714;0.0 
 04/05  24:00:00;30.95;29.90435803268737;68899595.44011071;0.0 
 04/06  01:00:00;29.791666666666668;29.719676989279193;53924920.76526737;0.0 
 04/06  02:00:00;29.03333333333333;29.547042020079434;43997403.88619587;0.0 
 04/06  03:00:00;28.291666666666668;29.379563680865257;34280817.64085768;0.0 
 04/06  04:00:00;28.0;29.222331491631795;30300547.014469743;0.0 
 04/06  05:00:00;26.833333333333332;29.059621001942247;15178204.604808547;0.0 
 04/06  06:00:00;25.650000000000002;28.892882890004405;4209917.513435201;0.0 
 04/06  07:00:00;25.166666666666668;28.74225987733584;3899819.587013278;0.0 
 04/06  08:00:00;25.583333333333332;28.66851755184818;3712570.9816261837;0.0 
 04/06  09:00:00;26.816666666666666;28.704367116645873;3744000.9752929285;0.0 
 04/06  10:00:00;30.083333333333332;28.89465632371926;4127573.318186964;0.0 
 04/06  11:00:00;34.333333333333336;29.23520544463165;4938021.692445114;0.0 
 04/06  12:00:00;37.516666666666666;29.652591700858995;6089488.729369629;0.0 
 04/06  13:00:00;39.300000000000004;30.089535647290592;7435314.815944069;0.0 
 04/06  14:00:00;40.44166666666667;30.51131949683891;8816380.858257798;0.0 
 04/06  15:00:00;41.6;30.886651569736802;10065459.300535705;0.0 
 04/06  16:00:00;42.041666666666664;31.158836245153676;10975848.082314735;0.0 
 04/06  17:00:00;42.0;31.28342911144327;11380514.617319092;0.0 
 04/06  18:00:00;40.95000000000001;31.23835950042562;11199052.376682363;0.0 
 04/06  19:00:00;38.916666666666664;31.04199989787892;10502968.120655743;0.0 
 04/06  20:00:00;36.541666666666664;30.76902916862691;9548677.534978978;0.0 
 04/06  21:00:00;34.041666666666664;30.495403286110825;8614926.86556971;0.0 
 04/06  22:00:00;33.0;30.26273604848276;95203769.25011186;0.0 
 04/06  23:00:00;33.0;30.0722873791964;94759841.31759617;0.0 
 04/06  24:00:00;32.24166666666666;29.888232406947832;84702697.0469125;0.0 
 04/07  01:00:00;31.0;29.70347442037955;68768337.16799143;0.0 
 04/07  02:00:00;29.741666666666664;29.523020804370145;52694720.21122786;0.0 
 04/07  03:00:00;28.5;29.345551168507438;36757593.14473897;0.0 
 04/07  04:00:00;26.833333333333332;29.163950779919475;15375474.198067678;0.0 
 04/07  05:00:00;27.166666666666668;29.009785318190435;19294134.324187063;0.0 
 04/07  06:00:00;26.599999999999998;28.860760282136795;4116696.037540341;0.0 
 04/07  07:00:00;25.71666666666667;28.706636245710943;3811228.710828581;0.0 
 04/07  08:00:00;25.916666666666668;28.63766837693697;3636382.065191839;0.0 
 04/07  09:00:00;28.21666666666667;28.693984564907836;3699690.4164028238;0.0 
 04/07  10:00:00;32.25;28.911864591720946;4134473.671653427;0.0 
 04/07  11:00:00;35.75;29.251618231785738;4956986.179097036;0.0 
 04/07  12:00:00;38.458333333333336;29.663385051092423;6103605.6909818435;0.0 
 04/07  13:00:00;40.083333333333336;30.099205980915016;7446931.161097751;0.0 
 04/07  14:00:00;41.141666666666666;30.522460974968737;8826864.24105601;0.0 
 04/07  15:00:00;42.18333333333333;30.8943356771244;10062560.605981324;0.0 
 04/07  16:00:00;42.833333333333336;31.169958287633374;10974964.129966522;0.0 
 04/07  17:00:00;42.416666666666664;31.291495799350027;11377614.03253039;0.0 
 04/07  18:00:00;41.416666666666664;31.259974292597118;11233976.115913147;0.0 
 04/07  19:00:00;40.416666666666664;31.099491168750536;10615910.56545106;0.0 
 04/07  20:00:00;38.425000000000004;30.854714734584732;9725385.239913207;0.0 
 04/07  21:00:00;35.78333333333333;30.60054836565669;8847761.562209148;0.0 
 04/07  22:00:00;33.708333333333336;30.373342923557328;120309566.29521087;0.0 
 04/07  23:00:00;33.583333333333336;30.196962243644155;129709784.69116378;0.0 
 04/07  24:00:00;33.18333333333333;30.043053344436885;124413894.2751444;0.0 
 04/08  01:00:00;32.71666666666667;29.893518442264256;113535186.44734024;0.0 
 04/08  02:00:00;32.916666666666664;29.76783809050704;118073552.29360528;0.0 
 04/08  03:00:00;33.11666666666667;29.649770226856912;130558775.9869828;0.0 
 04/08  04:00:00;32.85;29.52999910832666;132346043.94165874;0.0 
 04/08  05:00:00;32.25;29.404246137451665;132536534.62064016;0.0 
 04/08  06:00:00;31.766666666666666;29.277891603780308;6533354.428305752;0.0 
 04/08  07:00:00;30.666666666666668;29.147777870081466;4698904.64292234;0.0 
 04/08  08:00:00;30.0;29.07710250213839;4491247.522618509;0.0 
 04/08  09:00:00;31.224999999999998;29.113208619098284;4550804.588112771;0.0 
 04/08  10:00:00;34.958333333333336;29.312400237494373;4999702.415223141;0.0 
 04/08  11:00:00;38.75;29.651393408263228;5870208.094386218;0.0 
 04/08  12:00:00;40.583333333333336;30.040686172122395;7009867.892660976;0.0 
 04/08  13:00:00;41.40833333333334;30.436534887885113;8279864.597897656;0.0 
 04/08  14:00:00;42.166666666666664;30.82008423569162;9557369.453464305;0.0 
 04/08  15:00:00;42.90833333333334;31.154397732546528;10675083.391036147;0.0 
 04/08  16:00:00;42.85;31.37904951780818;11431911.292702287;0.0 
 04/08  17:00:00;42.25;31.465702670447246;11717133.443231823;0.0 
 04/08  18:00:00;41.88333333333333;31.420187121238612;203921714.92049682;0.0 
 04/08  19:00:00;40.4;31.243945779556583;185642886.9072091;0.0 
 04/08  20:00:00;38.0;30.986008651182527;156791787.84372348;0.0 
 04/08  21:00:00;35.6;30.729919824298303;127519643.55653873;0.0 
 04/08  22:00:00;34.25;30.513853453261248;110904958.76893973;0.0 
 04/08  23:00:00;34.0;30.33271223167684;107479157.36841701;0.0 
 04/08  24:00:00;33.65;30.163341435511995;102523623.50026241;0.0 
 04/09  01:00:00;33.34166666666667;30.004023322627955;98164857.70276186;0.0 
 04/09  02:00:00;33.300000000000004;29.856874290133348;97206011.81557348;0.0 
 04/09  03:00:00;33.24166666666667;29.716809302954974;96092860.64625873;0.0 
 04/09  04:00:00;33.083333333333336;29.58095456007136;94028701.19278628;0.0 
 04/09  05:00:00;31.833333333333332;29.435074286777805;78500328.77538733;0.0 
 04/09  06:00:00;30.416666666666668;29.281533367468143;60486160.09944223;0.0 
 04/09  07:00:00;28.833333333333332;29.125808510320876;40428365.440886065;0.0 
 04/09  08:00:00;28.75833333333334;29.052813361317106;39358542.38955847;0.0 
 04/09  09:00:00;30.058333333333334;29.098748480189595;55612547.10818292;0.0 
 04/09  10:00:00;33.75;29.307024078065137;101430536.61003272;0.0 
 04/09  11:00:00;38.333333333333336;29.661771442845886;157377863.87540847;0.0 
 04/09  12:00:00;40.35;30.048980815071005;181972615.96073234;0.0 
 04/09  13:00:00;40.891666666666666;30.433670971998037;189201158.97920755;0.0 
 04/09  14:00:00;41.449999999999996;30.80864615577598;196661544.87341124;0.0 
 04/09  15:00:00;41.99166666666667;31.14170109370839;203760046.3852785;0.0 
 04/09  16:00:00;42.083333333333336;31.379099053449632;206246045.49370256;0.0 
 04/09  17:00:00;42.0;31.474450408158912;206108918.23199156;0.0 
 04/09  18:00:00;41.300000000000004;31.40965937391718;196952382.3659892;0.0 
 04/09  19:00:00;39.75;31.213470241896953;178430751.1470223;0.0 
 04/09  20:00:00;38.00833333333333;30.952356176991486;157355863.53148496;0.0 
 04/09  21:00:00;36.36666666666667;30.699318066794817;136677824.14846087;0.0 
 04/09  22:00:00;35.291666666666664;30.476297229164448;123286407.52267665;0.0 
 04/09  23:00:00;34.416666666666664;30.277499518669618;112318277.94589224;0.0 
 04/09  24:00:00;33.416666666666664;30.08948692261184;99386136.83096047;0.0 
 04/10  01:00:00;32.416666666666664;29.910483372249246;86554344.46889767;0.0 
 04/10  02:00:00;31.416666666666668;29.736200374772483;73855544.12735155;0.0 
 04/10  03:00:00;30.416666666666668;29.565914495513095;61112400.95616921;0.0 
 04/10  04:00:00;28.833333333333332;29.390286441690236;41052754.74511412;0.0 
 04/10  05:00:00;28.0;29.222376870006503;30255192.358638532;0.0 
 04/10  06:00:00;26.833333333333332;29.055604884485376;4482754.530957804;0.0 
 04/10  07:00:00;25.708333333333332;28.891859397828497;4156005.9983457997;0.0 
 04/10  08:00:00;25.208333333333332;28.809403666621744;3961236.444463276;0.0 
 04/10  09:00:00;27.45;28.85719781221812;4011887.9064458515;0.0 
 04/10  10:00:00;32.0;29.079691013522574;4461560.209816656;0.0 
 04/10  11:00:00;35.57500000000001;29.425591080165947;5315987.625426578;0.0 
 04/10  12:00:00;38.21666666666667;29.84194669587593;6498708.627992507;0.0 
 04/10  13:00:00;39.82500000000001;30.27580059419356;7860341.136654125;0.0 
 04/10  14:00:00;40.725;30.68829382271916;9234783.882034171;0.0 
 04/10  15:00:00;41.625;31.055479477835245;10477903.345302092;0.0 
 04/10  16:00:00;42.0;31.325431961239016;11393005.907867031;0.0 
 04/10  17:00:00;42.0;31.44747705874219;11790914.275297761;0.0 
 04/10  18:00:00;40.95000000000001;31.397958601313324;11592751.860473167;0.0 
 04/10  19:00:00;38.916666666666664;31.197800602771178;10877632.11828525;0.0 
 04/10  20:00:00;36.541666666666664;30.913909873004673;9883404.962641103;0.0 
 04/10  21:00:00;34.041666666666664;30.629821177680963;8912213.086170025;0.0 
 04/10  22:00:00;32.416666666666664;30.377750540898912;88261693.8144301;0.0 
 04/10  23:00:00;31.416666666666668;30.159257300591534;75448676.41219053;0.0 
 04/10  24:00:00;30.416666666666668;29.958866179812876;62292396.73373221;0.0 
 04/11  01:00:00;29.474999999999998;29.76743691478006;49939124.28342161;0.0 
 04/11  02:00:00;28.516666666666666;29.581452057832223;37486515.72011645;0.0 
 04/11  03:00:00;27.575;29.403117669178474;25229639.21222012;0.0 
 04/11  04:00:00;26.558333333333334;29.229802121616014;12003045.571127305;0.0 
 04/11  05:00:00;25.458333333333332;28.937898901059544;809209.210044393;0.0 
 04/11  06:00:00;24.941666666666666;28.87871333723723;4189656.3239952205;0.0 
 04/11  07:00:00;24.375;28.74289082382458;3888666.0670875264;0.0 
 04/11  08:00:00;24.583333333333332;28.696386563749005;3748628.844593715;0.0 
 04/11  09:00:00;27.041666666666668;28.759195584678498;3828891.8387563163;0.0 
 04/11  10:00:00;31.125;28.975423011134055;4274743.414063514;0.0 
 04/11  11:00:00;34.75;29.328602988840142;5147677.933959962;0.0 
 04/11  12:00:00;31.974999999999998;29.676374438954145;6232138.643223451;0.0 
 04/11  13:00:00;31.78333333333333;30.046910831681377;7462547.538319068;0.0 
 04/11  14:00:00;36.44166666666667;30.497953229468518;8867165.265095057;0.0 
 04/11  15:00:00;41.083333333333336;30.93010841394313;10218424.312896844;0.0 
 04/11  16:00:00;43.0;31.24516027954905;11237189.663834022;0.0 
 04/11  17:00:00;42.708333333333336;31.387510649934143;11706920.83414231;0.0 
 04/11  18:00:00;42.208333333333336;31.369817549340876;11594565.187768036;0.0 
 04/11  19:00:00;39.666666666666664;31.175576513658367;10904500.628723258;0.0 
 04/11  20:00:00;36.36666666666667;30.86930199724465;9868590.560303215;0.0 
 04/11  21:00:00;33.56666666666667;30.57522275090409;8869531.080973309;0.0 
 04/11  22:00:00;32.166666666666664;30.322738441181343;85092354.88117589;0.0 
 04/11  23:00:00;30.833333333333332;30.10092293936599;68175843.84104386;0.0 
 04/11  24:00:00;29.066666666666666;29.88764552254005;45388514.16858179;0.0 
 04/12  01:00:00;27.875;29.691236431883482;29813584.77231117;0.0 
 04/12  02:00:00;27.03333333333333;29.508187881343826;18723036.731300533;0.0 
 04/12  03:00:00;26.175;29.331737257004608;7424323.731625495;0.0 
 04/12  04:00:00;25.333333333333332;29.013145766294297;121214.27081895819;0.0 
 04/12  05:00:00;25.0;28.649689040229777;0.0;0.0 
 04/12  06:00:00;24.76666666666667;28.80666012774621;4062572.4749994255;0.0 
 04/12  07:00:00;23.666666666666668;28.673135286789442;3773475.573929454;0.0 
 04/12  08:00:00;24.166666666666668;28.632318952888753;3640735.546423125;0.0 
 04/12  09:00:00;26.28333333333333;28.6962010341788;3723928.4523192598;0.0 
 04/12  10:00:00;30.0;28.90712214010503;4163955.8533159588;0.0 
 04/12  11:00:00;33.166666666666664;29.24898687045885;5011173.695798578;0.0 
 04/12  12:00:00;35.166666666666664;29.65306798814844;6170727.528849927;0.0 
 04/12  13:00:00;37.34166666666667;30.098759155199957;7556193.613863519;0.0 
 04/12  14:00:00;39.699999999999996;30.547541682038155;9007421.842605582;0.0 
 04/12  15:00:00;42.041666666666664;30.95374160703985;10337396.061568934;0.0 
 04/12  16:00:00;43.583333333333336;31.261634102143642;11339179.700034533;0.0 
 04/12  17:00:00;44.0;31.409787250579893;11801775.119885113;0.0 
 04/12  18:00:00;42.833333333333336;31.381526605242982;11658527.300337713;0.0 
 04/12  19:00:00;40.833333333333336;31.197806912295587;10981884.806353291;0.0 
 04/12  20:00:00;38.541666666666664;30.917475709942394;9991171.90857466;0.0 
 04/12  21:00:00;36.041666666666664;30.638951636080094;9023075.663216334;0.0 
 04/12  22:00:00;34.416666666666664;30.396481703284493;112629032.83341722;0.0 
 04/12  23:00:00;32.833333333333336;30.180892216243393;93030907.36120576;0.0 
 04/12  24:00:00;30.891666666666666;29.974153884854974;68218404.81455486;0.0 
 04/13  01:00:00;29.925000000000008;29.788680792633386;55551206.74740423;0.0 
 04/13  02:00:00;29.683333333333337;29.625258193081255;52108831.35273709;0.0 
 04/13  03:00:00;29.425;29.471131026961388;49695683.2110641;0.0 
 04/13  04:00:00;28.308333333333334;29.31015206154268;38367886.61604574;0.0 
 04/13  05:00:00;26.666666666666668;29.13920548818511;13866116.385995997;0.0 
 04/13  06:00:00;26.116666666666664;28.98001577684845;4388969.97147578;0.0 
 04/13  07:00:00;25.5;28.836358534550993;4071965.8123032427;0.0 
 04/13  08:00:00;25.583333333333332;28.784888474325673;3918143.164593948;0.0 
 04/13  09:00:00;27.458333333333332;28.83616398340419;3988143.1247250834;0.0 
 04/13  10:00:00;29.958333333333332;29.020279855658405;4390149.10434314;0.0 
 04/13  11:00:00;32.75;29.333003160207017;5175579.629352055;0.0 
 04/13  12:00:00;36.041666666666664;29.736952544312867;6303359.304758022;0.0 
 04/13  13:00:00;38.31666666666667;30.164785584249312;7620954.670373069;0.0 
 04/13  14:00:00;39.775;30.57910861919959;8978376.578746693;0.0 
 04/13  15:00:00;41.21666666666667;30.956708417696436;10232686.7818226;0.0 
 04/13  16:00:00;42.5;31.239172446957237;11171795.41711965;0.0 
 04/13  17:00:00;43.0;31.383446979869657;11629935.688866846;0.0 
 04/13  18:00:00;42.416666666666664;31.36897603992881;11523363.30372004;0.0 
 04/13  19:00:00;39.666666666666664;31.176322427369815;10849026.982885865;0.0 
 04/13  20:00:00;36.541666666666664;30.883661322270473;9859643.628109867;0.0 
 04/13  21:00:00;34.1;30.608321407450685;8913490.191883605;0.0 
 04/13  22:00:00;32.458333333333336;30.36734125454967;88791919.20391074;0.0 
 04/13  23:00:00;32.0;30.16785213512026;82638613.92507955;0.0 
 04/13  24:00:00;32.0;29.997520179237238;81984425.45217228;0.0 
 04/14  01:00:00;31.358333333333334;29.83057106027783;79298296.99482986;0.0 
 04/14  02:00:00;30.316666666666666;29.65768865645401;69411675.7623111;0.0 
 04/14  03:00:00;29.25833333333333;29.489755983774106;57401330.49910149;0.0 
 04/14  04:00:00;28.275000000000002;29.32905114806654;43443304.34325377;0.0 
 04/14  05:00:00;27.375;29.17190927881842;27027552.258077167;0.0 
 04/14  06:00:00;26.53333333333333;29.01387443345953;4720727.245486406;0.0 
 04/14  07:00:00;26.083333333333332;28.875972241027256;4135690.2879219223;0.0 
 04/14  08:00:00;26.583333333333332;28.83754351377587;4002423.9948670017;0.0 
 04/14  09:00:00;28.166666666666668;28.88628926280055;4076113.6842845785;0.0 
 04/14  10:00:00;30.75;29.061678693112132;4459976.11519589;0.0 
 04/14  11:00:00;33.75;29.364158003419394;5219939.766787102;0.0 
 04/14  12:00:00;36.574999999999996;29.75339545013172;6319145.106382046;0.0 
 04/14  13:00:00;38.458333333333336;30.170541919908572;7617920.948297911;0.0 
 04/14  14:00:00;39.75833333333333;30.576914127249022;8952979.42541075;0.0 
 04/14  15:00:00;41.05833333333333;30.93885868146044;10154494.185646174;0.0 
 04/14  16:00:00;41.833333333333336;31.20167487989121;11029348.374492742;0.0 
 04/14  17:00:00;41.416666666666664;31.316554669072943;11407231.08012922;0.0 
 04/14  18:00:00;40.766666666666666;31.28208407017379;11243589.893105244;0.0 
 04/14  19:00:00;39.083333333333336;31.098615360971802;10574135.743140552;0.0 
 04/14  20:00:00;36.949999999999996;30.814957193676666;9595742.691345392;0.0 
 04/14  21:00:00;35.15;30.544512500925393;8668510.945955554;0.0 
 04/14  22:00:00;34.166666666666664;30.319688308221064;116719302.80297889;0.0 
 04/14  23:00:00;32.833333333333336;30.12013660216965;99561707.25391969;0.0 
 04/14  24:00:00;31.650000000000002;29.93368977324724;77492310.43212411;0.0 
 04/15  01:00:00;30.933333333333334;29.765154457416248;68016961.70763177;0.0 
 04/15  02:00:00;30.133333333333336;29.602755069126147;57683744.21955533;0.0 
 04/15  03:00:00;29.333333333333332;29.443285811617343;47339963.735830545;0.0 
 04/15  04:00:00;29.0;29.291536603805042;45562590.33438867;0.0 
 04/15  05:00:00;28.416666666666668;29.141059974695604;45373328.27652806;0.0 
 04/15  06:00:00;27.3;28.98700404550064;4996590.697539391;0.0 
 04/15  07:00:00;26.333333333333332;28.851355042317298;4084138.7920878916;0.0 
 04/15  08:00:00;26.583333333333332;28.812672074668626;3951241.0128494464;0.0 
 04/15  09:00:00;27.933333333333337;28.86347438777607;4030750.144908098;0.0 
 04/15  10:00:00;30.0;29.037589344814943;4419474.434953416;0.0 
 04/15  11:00:00;33.333333333333336;29.344356179683967;5191968.47059808;0.0 
 04/15  12:00:00;35.81666666666667;29.731478340865294;6294737.489448146;0.0 
 04/15  13:00:00;37.391666666666666;30.14222776589769;7581890.343933226;0.0 
 04/15  14:00:00;39.09166666666667;30.554356862858914;8921726.923142035;0.0 
 04/15  15:00:00;40.791666666666664;30.924660392440174;10138033.693265222;0.0 
 04/15  16:00:00;41.791666666666664;31.194173551616114;11025607.704639032;0.0 
 04/15  17:00:00;41.416666666666664;31.31346890402381;11409860.57682237;0.0 
 04/15  18:00:00;40.416666666666664;31.26837054182509;186305261.52355522;0.0 
 04/15  19:00:00;38.833333333333336;31.07432012760877;166513853.73079503;0.0 
 04/15  20:00:00;36.833333333333336;30.796396501902553;142162934.10876334;0.0 
 04/15  21:00:00;34.833333333333336;30.526182924395282;117530583.87747502;0.0 
 04/15  22:00:00;33.416666666666664;30.282718793213405;100645410.24535468;0.0 
 04/15  23:00:00;32.416666666666664;30.071141248241673;97206148.0742123;0.0 
 04/15  24:00:00;31.416666666666668;29.88116590197988;89524511.29057796;0.0 
 04/16  01:00:00;30.53333333333333;29.704360227925317;69656643.69082369;0.0 
 04/16  02:00:00;29.675;29.53705405104751;55169941.4873023;0.0 
 04/16  03:00:00;28.833333333333332;29.379288118689388;49913907.565957546;0.0 
 04/16  04:00:00;28.208333333333332;29.230116316200085;40730684.02565881;0.0 
 04/16  05:00:00;28.0;29.088216894460732;38445636.011602044;0.0 
 04/16  06:00:00;27.474999999999998;28.949453661051933;28666831.16144162;0.0 
 04/16  07:00:00;26.458333333333332;28.81608373946453;11272436.229131138;0.0 
 04/16  08:00:00;26.583333333333332;28.777238012939577;13240257.806216512;0.0 
 04/16  09:00:00;27.933333333333337;28.826928204308036;34665304.316346705;0.0 
 04/16  10:00:00;34.083333333333336;29.06236797689816;119681335.49824297;0.0 
 04/16  11:00:00;36.25;29.389291559373884;137272944.89451227;0.0 
 04/16  12:00:00;36.458333333333336;29.735937670262242;136839396.18537152;0.0 
 04/16  13:00:00;38.31666666666667;30.14339516404382;174617821.41298172;0.0 
 04/16  14:00:00;39.65833333333333;30.5484067699819;190810180.94599476;0.0 
 04/16  15:00:00;41.01666666666667;30.906365658626715;200378801.578663;0.0 
 04/16  16:00:00;41.25;31.14710052657891;208511551.03715762;0.0 
 04/16  17:00:00;41.0;31.252298327270278;206694101.23888624;0.0 
 04/16  18:00:00;40.708333333333336;31.21836258455365;202321138.7776279;0.0 
 04/16  19:00:00;39.625;31.046096912392414;179056279.96670872;0.0 
 04/16  20:00:00;37.833333333333336;30.793344260653303;154925062.99222276;0.0 
 04/16  21:00:00;35.891666666666666;30.535699865560314;132005427.03876476;0.0 
 04/16  22:00:00;34.574999999999996;30.31097513900319;133889548.98654887;0.0 
 04/16  23:00:00;33.61666666666667;30.115625934554302;137507547.18082505;0.0 
 04/16  24:00:00;32.675000000000004;29.93364341608148;110389054.80697197;0.0 
 04/17  01:00:00;32.06666666666667;29.764633794878083;86204651.70944495;0.0 
 04/17  02:00:00;31.666666666666668;29.60730237129393;80068376.0197562;0.0 
 04/17  03:00:00;31.266666666666666;29.45738482178906;75627675.7588972;0.0 
 04/17  04:00:00;31.041666666666668;29.315116555409073;72844749.7965926;0.0 
 04/17  05:00:00;31.0;29.184596281736372;79077618.77431378;0.0 
 04/17  06:00:00;30.53333333333333;29.054351590395456;5048072.172901097;0.0 
 04/17  07:00:00;29.5;28.929601490704574;4195895.465930397;0.0 
 04/17  08:00:00;29.0;28.894486372361285;4086260.5887204935;0.0 
 04/17  09:00:00;30.691666666666666;28.955764811423183;4202588.676925415;0.0 
 04/17  10:00:00;33.708333333333336;29.158914808870396;4669893.733797478;0.0 
 04/17  11:00:00;36.75;29.492949122477523;5535616.966080093;0.0 
 04/17  12:00:00;38.75833333333333;29.894759934867313;6706751.00704825;0.0 
 04/17  13:00:00;40.05833333333333;30.31565195006509;8042888.253152354;0.0 
 04/17  14:00:00;41.358333333333334;30.730856658993417;9409042.030104434;0.0 
 04/17  15:00:00;42.65833333333333;31.10065768777788;10634549.538038425;0.0 
 04/17  16:00:00;43.083333333333336;31.364368609760817;11511566.450134084;0.0 
 04/17  17:00:00;43.0;31.486709046354587;11893261.04136169;0.0 
 04/17  18:00:00;42.53333333333333;31.462183693616705;11736709.683160838;0.0 
 04/17  19:00:00;40.916666666666664;31.277721026220203;11053712.090090044;0.0 
 04/17  20:00:00;39.06666666666667;31.01029917047811;10106420.602189442;0.0 
 04/17  21:00:00;37.46666666666667;30.763535425984575;9224087.224318584;0.0 
 04/17  22:00:00;36.333333333333336;30.5473489926635;139254823.61089495;0.0 
 04/17  23:00:00;35.416666666666664;30.35714895722545;125424803.07643077;0.0 
 04/17  24:00:00;34.766666666666666;30.18900977250613;116009918.83056504;0.0 
 04/18  01:00:00;34.074999999999996;30.033062676031665;107335185.10532983;0.0 
 04/18  02:00:00;33.233333333333334;29.874840691160916;111709535.7786338;0.0 
 04/18  03:00:00;32.375;29.719596733065554;118872949.31960191;0.0 
 04/18  04:00:00;32.0;29.574679956019462;113934044.74232545;0.0 
 04/18  05:00:00;30.833333333333332;29.42549842366846;92409786.17621733;0.0 
 04/18  06:00:00;29.88333333333334;29.275653369588913;5692703.315516134;0.0 
 04/18  07:00:00;29.333333333333332;29.147213036937917;4640352.290088232;0.0 
 04/18  08:00:00;29.0;29.104833908160924;4506682.456797289;0.0 
 04/18  09:00:00;30.166666666666668;29.150144734152832;4591774.830808297;0.0 
 04/18  10:00:00;32.166666666666664;29.3256482907903;5012373.139025966;0.0 
 04/18  11:00:00;35.333333333333336;29.64362220212679;5843086.266905214;0.0 
 04/18  12:00:00;37.93333333333333;30.03197720990544;6965367.703843841;0.0 
 04/18  13:00:00;39.65;30.42400294303457;8201675.138346449;0.0 
 04/18  14:00:00;41.449999999999996;30.816459691608944;9482315.288468258;0.0 
 04/18  15:00:00;43.25;31.17808786639831;10675009.185090851;0.0 
 04/18  16:00:00;44.0;31.445791894061472;11572126.859384863;0.0 
 04/18  17:00:00;44.0;31.575911152029917;11997130.763454456;0.0 
 04/18  18:00:00;43.18333333333334;31.55303801664735;11871061.87470262;0.0 
 04/18  19:00:00;41.66666666666667;31.37716156645385;11221804.645186787;0.0 
 04/18  20:00:00;40.125;31.11843014774628;10293918.985346355;0.0 
 04/18  21:00:00;38.625;30.870225613251602;9403361.83833246;0.0 
 04/18  22:00:00;37.416666666666664;30.64364122419431;185431340.9648427;0.0 
 04/18  23:00:00;36.416666666666664;30.44287990697187;195134560.7985093;0.0 
 04/18  24:00:00;35.53333333333333;30.264625836501796;176128712.31873882;0.0 
 04/19  01:00:00;34.675000000000004;30.098810730085564;162325828.2488554;0.0 
 04/19  02:00:00;33.833333333333336;29.93976709727767;148020577.54035193;0.0 
 04/19  03:00:00;32.975;29.784887235927375;132522480.40607397;0.0 
 04/19  04:00:00;32.25;29.635002220091597;119232815.47342375;0.0 
 04/19  05:00:00;30.833333333333332;29.47848920751045;90598293.25888166;0.0 
 04/19  06:00:00;30.641666666666666;29.336472488812916;5655251.2619887795;0.0 
 04/19  07:00:00;31.041666666666668;29.236119734873743;4785091.698675683;0.0 
 04/19  08:00:00;31.0;29.211273702825903;4691710.755969677;0.0 
 04/19  09:00:00;32.050000000000004;29.26692224282416;4808633.2846266385;0.0 
 04/19  10:00:00;34.083333333333336;29.453635385533616;5265886.685584555;0.0 
 04/19  11:00:00;36.166666666666664;29.763420315830825;6104305.835219682;0.0 
 04/19  12:00:00;38.75;30.15334322284413;7252261.384278506;0.0 
 04/19  13:00:00;40.75833333333333;30.573434295016984;8584506.972681284;0.0 
 04/19  14:00:00;42.0;30.98516049827035;9957168.884239344;0.0 
 04/19  15:00:00;43.25833333333333;31.354863574151636;11203834.423888393;0.0 
 04/19  16:00:00;44.5;31.636625171679217;12139236.689656226;0.0 
 04/19  17:00:00;44.416666666666664;31.768982490157743;12558158.145227322;0.0 
 04/19  18:00:00;44.175000000000004;31.74153142368128;12395769.0688127;0.0 
 04/19  19:00:00;41.791666666666664;31.547513643548996;11695567.249259822;0.0 
 04/19  20:00:00;39.241666666666674;31.263943675393254;10708687.147503717;0.0 
 04/19  21:00:00;37.94166666666667;31.013441388929508;9801477.483285027;0.0 
 04/19  22:00:00;37.166666666666664;30.80214833814105;166233795.83795002;0.0 
 04/19  23:00:00;37.0;30.622605138847145;191098307.6174147;0.0 
 04/19  24:00:00;36.35833333333334;30.4469914090684;187783871.7113985;0.0 
 04/20  01:00:00;35.141666666666666;30.267805698048694;170686387.626645;0.0 
 04/20  02:00:00;33.84166666666667;30.087615105731505;148460835.2506721;0.0 
 04/20  03:00:00;32.541666666666664;29.910198371276483;125294564.6532502;0.0 
 04/20  04:00:00;32.0;29.747793187758074;115524277.22293833;0.0 
 04/20  05:00:00;30.833333333333332;29.584982396469645;94153078.51738691;0.0 
 04/20  06:00:00;29.53333333333333;29.41618939403892;6248313.929059149;0.0 
 04/20  07:00:00;28.5;29.27300073221623;4877644.339295356;0.0 
 04/20  08:00:00;28.583333333333332;29.226967375423992;4731727.798093044;0.0 
 04/20  09:00:00;30.05;29.272976930064008;4815016.778108085;0.0 
 04/20  10:00:00;32.083333333333336;29.440369865976525;5217398.976286527;0.0 
 04/20  11:00:00;34.166666666666664;29.725417474122185;5981396.383390922;0.0 
 04/20  12:00:00;36.166666666666664;30.08475848753612;7041449.440560366;0.0 
 04/20  13:00:00;37.641666666666666;30.470625310090245;8269482.124113116;0.0 
 04/20  14:00:00;38.800000000000004;30.84481595358315;9508625.744872376;0.0 
 04/20  15:00:00;39.94166666666667;31.167927083321874;10583697.438868647;0.0 
 04/20  16:00:00;40.225;31.37958836221109;11293151.47880736;0.0 
 04/20  17:00:00;39.86666666666667;31.450722538554103;11519161.862201346;0.0 
 04/20  18:00:00;39.525;31.386504198964825;11253432.737165475;0.0 
 04/20  19:00:00;38.583333333333336;31.186172768837995;10537300.628174173;0.0 
 04/20  20:00:00;37.18333333333333;30.91088203993957;9598200.789390082;0.0 
 04/20  21:00:00;35.78333333333334;30.655325561568105;8735073.511225823;0.0 
 04/20  22:00:00;35.083333333333336;30.436781060088837;127287853.8078768;0.0 
 04/20  23:00:00;34.416666666666664;30.245763410892327;125016776.17215523;0.0 
 04/20  24:00:00;33.416666666666664;30.06603635475456;121990793.82207496;0.0 
 04/21  01:00:00;32.475;29.895598037295084;120929281.00598155;0.0 
 04/21  02:00:00;31.633333333333336;29.733068311462052;103497696.72994861;0.0 
 04/21  03:00:00;30.775000000000002;29.57462288566443;86922152.17444564;0.0 
 04/21  04:00:00;30.166666666666668;29.423699832069882;75813360.11848925;0.0 
 04/21  05:00:00;28.833333333333332;29.267339791716676;56586083.81261792;0.0 
 04/21  06:00:00;27.766666666666666;29.10861948795196;5435982.699835854;0.0 
 04/21  07:00:00;26.666666666666668;28.969520592240627;4289653.097560424;0.0 
 04/21  08:00:00;26.0;28.9150114051192;4138223.158255868;0.0 
 04/21  09:00:00;26.7;28.947452121730166;4194118.9648466827;0.0 
 04/21  10:00:00;28.25;29.098730390286974;4545872.687337009;0.0 
 04/21  11:00:00;30.75;29.377430422700787;5256446.670510884;0.0 
 04/21  12:00:00;32.699999999999996;29.71296824705996;6211644.3174857795;0.0 
 04/21  13:00:00;34.13333333333333;30.036799889360882;7206961.683910487;0.0 
 04/21  14:00:00;35.791666666666664;30.34670317735254;8180601.271767407;0.0 
 04/21  15:00:00;37.43333333333333;30.62916013185345;9075609.916454665;0.0 
 04/21  16:00:00;38.625;30.82743329140212;9712165.101916537;0.0 
 04/21  17:00:00;39.0;30.890178140019042;9902393.863754332;0.0 
 04/21  18:00:00;38.53333333333333;30.814969501244693;9621271.949696846;0.0 
 04/21  19:00:00;36.916666666666664;30.632280571316453;9011464.506962528;0.0 
 04/21  20:00:00;35.53333333333333;30.403444940839908;8269118.028538097;0.0 
 04/21  21:00:00;34.675000000000004;30.196685706804274;7588606.310616642;0.0 
 04/21  22:00:00;33.949999999999996;30.011166048472273;105694467.4234187;0.0 
 04/21  23:00:00;33.291666666666664;29.83929950674994;97511201.09497915;0.0 
 04/21  24:00:00;33.0;29.686323724722886;99250869.03306283;0.0 
 04/22  01:00:00;32.416666666666664;29.54514985554034;94571005.84049873;0.0 
 04/22  02:00:00;31.474999999999998;29.39618530655008;79350651.07515483;0.0 
 04/22  03:00:00;30.51666666666667;29.24476782875155;78089129.57742412;0.0 
 04/22  04:00:00;29.458333333333332;29.09461636537698;55200349.3722776;0.0 
 04/22  05:00:00;28.416666666666668;28.94566331960819;34979943.72959413;0.0 
 04/22  06:00:00;28.40833333333333;28.814881991173298;4005050.9499594555;0.0 
 04/22  07:00:00;28.291666666666668;28.710991550960625;3776658.978317269;0.0 
 04/22  08:00:00;28.583333333333332;28.695649372173005;3710237.4432985582;0.0 
 04/22  09:00:00;29.875;28.766061859512487;3841282.836773394;0.0 
 04/22  10:00:00;32.541666666666664;28.971512871929423;4302667.0231677275;0.0 
 04/22  11:00:00;34.583333333333336;29.287469323164544;5115550.237335654;0.0 
 04/22  12:00:00;36.75;29.67638862346158;6228092.229708669;0.0 
 04/22  13:00:00;38.583333333333336;30.097532553740013;7533819.338600259;0.0 
 04/22  14:00:00;39.583333333333336;30.506271278929663;8872956.102519032;0.0 
 04/22  15:00:00;40.583333333333336;30.874439018957627;10092999.41002598;0.0 
 04/22  16:00:00;41.583333333333336;31.155796401275794;11007641.148802288;0.0 
 04/22  17:00:00;41.416666666666664;31.288831716769177;11419248.886128815;0.0 
 04/22  18:00:00;40.708333333333336;31.25955380193496;189973725.59275907;0.0 
 04/22  19:00:00;39.041666666666664;31.07737534806472;170029489.74692258;0.0 
 04/22  20:00:00;37.125;30.804282359720045;146693972.37648252;0.0 
 04/22  21:00:00;35.625;30.548548401200662;127518942.8860498;0.0 
 04/22  22:00:00;34.416666666666664;30.321996368204363;112492201.5659857;0.0 
 04/22  23:00:00;32.833333333333336;30.112879410317774;92810277.44852075;0.0 
 04/22  24:00:00;32.0;29.925666849078265;85310820.48789497;0.0 
 04/23  01:00:00;31.358333333333334;29.75681601385745;88103780.62141144;0.0 
 04/23  02:00:00;30.316666666666666;29.58929999703969;72920077.54793105;0.0 
 04/23  03:00:00;29.25833333333333;29.42729474301704;56255193.192429386;0.0 
 04/23  04:00:00;28.275000000000002;29.271466328306513;36684423.81835457;0.0 
 04/23  05:00:00;27.375;29.118684808313986;22151051.59651994;0.0 
 04/23  06:00:00;26.650000000000002;28.9679920842174;12612181.952712495;0.0 
 04/23  07:00:00;26.166666666666668;28.84298114289165;6184663.558623848;0.0 
 04/23  08:00:00;26.583333333333332;28.817294676712518;11409068.719539104;0.0 
 04/23  09:00:00;28.808333333333337;28.8891822022816;39566447.57618356;0.0 
 04/23  10:00:00;32.375;29.10344107318068;84294201.74175274;0.0 
 04/23  11:00:00;34.583333333333336;29.422114136025524;112206513.65903333;0.0 
 04/23  12:00:00;36.458333333333336;29.80793433797379;135510874.00809985;0.0 
 04/23  13:00:00;38.31666666666667;30.233062189475433;158525904.92197272;0.0 
 04/23  14:00:00;39.65833333333333;30.646141610272863;175709581.7346735;0.0 
 04/23  15:00:00;41.01666666666667;31.01087879515892;192181704.45403597;0.0 
 04/23  16:00:00;41.833333333333336;31.271913422052247;203225512.46150944;0.0 
 04/23  17:00:00;41.708333333333336;31.387948856282378;202750444.73441514;0.0 
 04/23  18:00:00;41.208333333333336;31.358030012617803;196795883.44401208;0.0 
 04/23  19:00:00;39.25;31.179289984802693;173239377.05045375;0.0 
 04/23  20:00:00;36.833333333333336;30.89937521709605;143671987.81590307;0.0 
 04/23  21:00:00;34.833333333333336;30.624748225716093;118707728.28388166;0.0 
 04/23  22:00:00;33.416666666666664;30.378720775933605;100718210.13991658;0.0 
 04/23  23:00:00;32.416666666666664;30.170651427276038;87824905.27689286;0.0 
 04/23  24:00:00;31.416666666666668;29.984036832004776;74748425.5216558;0.0 
 04/24  01:00:00;30.358333333333334;29.808940064217172;61039615.86566202;0.0 
 04/24  02:00:00;29.316666666666666;29.640797145574762;47649396.889335275;0.0 
 04/24  03:00:00;28.258333333333336;29.47347298283835;33998088.70617115;0.0 
 04/24  04:00:00;27.916666666666668;29.31371246033324;29406765.702663157;0.0 
 04/24  05:00:00;26.833333333333332;29.149271759444243;15340925.715780172;0.0 
 04/24  06:00:00;25.650000000000002;28.98831867339867;4375224.670965959;0.0 
 04/24  07:00:00;24.583333333333332;28.860358931749502;4096853.0138559653;0.0 
 04/24  08:00:00;25.166666666666668;28.837385424251966;3998199.253005219;0.0 
 04/24  09:00:00;27.28333333333333;28.906339502673447;4114499.702835461;0.0 
 04/24  10:00:00;30.416666666666668;29.09251124767573;4542247.783751522;0.0 
 04/24  11:00:00;33.75;29.415005818556846;5374032.938842927;0.0 
 04/24  12:00:00;36.050000000000004;29.812768474603885;6529265.068162242;0.0 
 04/24  13:00:00;37.5;30.23200449811539;7861896.665092729;0.0 
 04/24  14:00:00;38.75833333333333;30.64436190046321;9227566.851739544;0.0 
 04/24  15:00:00;40.0;31.011466475308264;10454875.560463972;0.0 
 04/24  16:00:00;40.675000000000004;31.277721649977966;11342549.877102893;0.0 
 04/24  17:00:00;40.916666666666664;31.409585089728463;11748102.329451788;0.0 
 04/24  18:00:00;40.59166666666667;31.380920604736545;11578081.265082669;0.0 
 04/24  19:00:00;38.958333333333336;31.184941573962032;10858562.161270468;0.0 
 04/24  20:00:00;36.541666666666664;30.890504421667785;9845065.055961663;0.0 
 04/24  21:00:00;34.041666666666664;30.608526306417104;8885235.487774927;0.0 
 04/24  22:00:00;32.416666666666664;30.36354130304648;88272408.92265992;0.0 
 04/24  23:00:00;30.833333333333332;30.14514079467944;68254594.08733654;0.0 
 04/24  24:00:00;29.59166666666667;29.944878050288235;52073229.259094134;0.0 
 04/25  01:00:00;29.241666666666664;29.766921761645715;47098040.19067569;0.0 
 04/25  02:00:00;29.141666666666666;29.600407018463105;45391698.196072415;0.0 
 04/25  03:00:00;29.041666666666668;29.44321954019804;43740775.56957472;0.0 
 04/25  04:00:00;29.0;29.296335355459593;42973114.69613382;0.0 
 04/25  05:00:00;28.416666666666668;29.14985370095776;35625572.962965235;0.0 
 04/25  06:00:00;28.0;29.00388086214923;4544136.202937815;0.0 
 04/25  07:00:00;26.833333333333332;28.870392983471817;4096786.2079858347;0.0 
 04/25  08:00:00;26.583333333333332;28.83018064511433;3980133.795676443;0.0 
 04/25  09:00:00;28.925;28.899332281496942;4097981.735676027;0.0 
 04/25  10:00:00;32.458333333333336;29.11636503561378;4583406.198760612;0.0 
 04/25  11:00:00;35.75;29.453079974489842;5449417.48388762;0.0 
 04/25  12:00:00;37.93333333333333;29.849887709458287;6601486.578087246;0.0 
 04/25  13:00:00;39.300000000000004;30.267601167196947;7927329.188367009;0.0 
 04/25  14:00:00;40.44166666666667;30.6800364393541;9293371.507315459;0.0 
 04/25  15:00:00;41.6;31.053554841387506;10542627.625251897;0.0 
 04/25  16:00:00;42.041666666666664;31.32968027004124;11465581.862088276;0.0 
 04/25  17:00:00;42.0;31.460065646411113;11876613.389455356;0.0 
 04/25  18:00:00;41.416666666666664;31.438384788732616;11734142.748600857;0.0 
 04/25  19:00:00;39.833333333333336;31.26341877469527;11069225.56088211;0.0 
 04/25  20:00:00;37.425000000000004;30.977658908293417;10065315.060147885;0.0 
 04/25  21:00:00;34.725;30.696969992221824;9099076.295931838;0.0 
 04/25  22:00:00;32.666666666666664;30.452943494583337;91539418.68997853;0.0 
 04/25  23:00:00;31.416666666666668;30.245671966050633;75715294.23572977;0.0 
 04/25  24:00:00;30.474999999999998;30.063801882137167;63358983.70735175;0.0 
 04/26  01:00:00;29.51666666666667;29.88854088295245;50845913.152951434;0.0 
 04/26  02:00:00;28.458333333333332;29.721244553758453;37146120.15825963;0.0 
 04/26  03:00:00;27.416666666666668;29.561289892537754;23623927.34342399;0.0 
 04/26  04:00:00;26.708333333333332;29.409010054322874;14305187.526246188;0.0 
 04/26  05:00:00;26.208333333333332;29.26448745234956;7616583.198327849;0.0 
 04/26  06:00:00;26.175;29.125292432433255;4644634.554261869;0.0 
 04/26  07:00:00;26.708333333333332;29.01009347663258;4382024.462098134;0.0 
 04/26  08:00:00;28.166666666666668;28.99266948207396;4296616.463407515;0.0 
 04/26  09:00:00;30.108333333333334;29.057677104635683;4415491.737598903;0.0 
 04/26  10:00:00;32.708333333333336;29.252152161819737;4875955.412888675;0.0 
 04/26  11:00:00;35.75;29.57874049936798;5740816.658015151;0.0 
 04/26  12:00:00;38.050000000000004;29.98195171937724;6929281.440873562;0.0 
 04/26  13:00:00;39.266666666666666;30.400997647035506;8277217.65398763;0.0 
 04/26  14:00:00;40.06666666666667;30.808215312957667;9639293.432442848;0.0 
 04/26  15:00:00;40.86666666666667;31.168123307164503;10855497.355717275;0.0 
 04/26  16:00:00;41.083333333333336;31.41717769221488;11699361.951498097;0.0 
 04/26  17:00:00;40.94166666666667;31.529908118542465;12046310.974942967;0.0 
 04/26  18:00:00;40.84166666666667;31.496353444485308;11859649.824720478;0.0 
 04/26  19:00:00;39.69166666666667;31.315000536805552;11172495.405410992;0.0 
 04/26  20:00:00;37.733333333333334;31.047578112073353;10217510.290213564;0.0 
 04/26  21:00:00;35.791666666666664;30.793137213709528;9312456.609204533;0.0 
 04/26  22:00:00;34.416666666666664;30.567712021817385;113125078.59499885;0.0 
 04/26  23:00:00;32.833333333333336;30.358184435116783;93401043.6821338;0.0 
 04/26  24:00:00;31.53333333333333;30.166796804654982;76675112.16811499;0.0 
 04/27  01:00:00;31.025000000000002;29.996384925270505;69775433.3941425;0.0 
 04/27  02:00:00;30.666666666666668;29.83583253749723;64882660.85640821;0.0 
 04/27  03:00:00;30.325;29.678844529412704;60227696.75911197;0.0 
 04/27  04:00:00;29.5;29.514962682845667;49701034.8171458;0.0 
 04/27  05:00:00;28.416666666666668;29.346774260008875;35815472.643661864;0.0 
 04/27  06:00:00;27.53333333333333;29.184839892299568;4760333.332843166;0.0 
 04/27  07:00:00;26.5;29.043840727406096;4449823.606502076;0.0 
 04/27  08:00:00;26.583333333333332;28.99684968394394;4310627.241499087;0.0 
 04/27  09:00:00;27.933333333333337;29.03801880229226;4375607.422854169;0.0 
 04/27  10:00:00;30.0;29.18115517283618;4703617.826182045;0.0 
 04/27  11:00:00;32.75;29.426109127483954;5324122.300051629;0.0 
 04/27  12:00:00;35.4;29.75715348986724;6249222.565347011;0.0 
 04/27  13:00:00;37.333333333333336;30.12728404676065;7387018.604417637;0.0 
 04/27  14:00:00;38.875;30.501302730450345;8593051.405296322;0.0 
 04/27  15:00:00;40.43333333333333;30.834452759467762;9671089.73209765;0.0 
 04/27  16:00:00;41.625;31.06597457085429;10414815.997514116;0.0 
 04/27  17:00:00;42.0;31.154289928743385;10689432.212967644;0.0 
 04/27  18:00:00;41.00833333333333;31.102468835495497;10495357.297919502;0.0 
 04/27  19:00:00;39.541666666666664;30.941956712139227;9933912.196733711;0.0 
 04/27  20:00:00;38.00833333333333;30.72085896624908;9170085.693160558;0.0 
 04/27  21:00:00;36.30833333333333;30.493766707261482;8406191.298674263;0.0 
 04/27  22:00:00;35.25;30.289729046133328;127742489.20103957;0.0 
 04/27  23:00:00;34.416666666666664;30.11458526447451;123000198.4483071;0.0 
 04/27  24:00:00;34.0;29.962117013922224;117106551.70485094;0.0 
 04/28  01:00:00;32.30833333333333;29.803845119120066;91759806.42966814;0.0 
 04/28  02:00:00;29.349999999999998;29.615025317408037;48110041.57599255;0.0 
 04/28  03:00:00;26.40833333333333;29.377266654592205;11383601.998429809;0.0 
 04/28  04:00:00;28.0;29.255150907903598;30346019.272075053;0.0 
 04/28  05:00:00;29.416666666666668;29.1486290438295;47925025.59805985;0.0 
 04/28  06:00:00;29.583333333333332;29.02800877352313;4400381.463009939;0.0 
 04/28  07:00:00;30.0;28.94280626377278;4196162.0678233;0.0 
 04/28  08:00:00;30.0;28.925187080947357;4131854.6906008245;0.0 
 04/28  09:00:00;31.166666666666668;28.983386047502297;4247199.058690675;0.0 
 04/28  10:00:00;33.166666666666664;29.16306069135265;4666078.0437673535;0.0 
 04/28  11:00:00;35.166666666666664;29.446187828419852;5411381.431391122;0.0 
 04/28  12:00:00;37.28333333333333;29.811004670280848;6466362.486205071;0.0 
 04/28  13:00:00;38.84166666666667;30.208545582481605;7715259.543931821;0.0 
 04/28  14:00:00;40.0;30.59096959137857;8966157.50094225;0.0 
 04/28  15:00:00;41.141666666666666;30.927907267260817;10062215.506764945;0.0 
 04/28  16:00:00;41.71666666666667;31.158281686996943;10807240.371267699;0.0 
 04/28  17:00:00;41.916666666666664;31.257787890583927;11103370.36163253;0.0 
 04/28  18:00:00;41.35833333333334;31.224568788625458;10938882.129533514;0.0 
 04/28  19:00:00;39.791666666666664;31.048509723576462;10309651.084032536;0.0 
 04/28  20:00:00;38.358333333333334;30.79258197022183;9417260.17673171;0.0 
 04/28  21:00:00;37.258333333333326;30.55468236681411;8577383.841144627;0.0 
 04/28  22:00:00;35.75;30.33159248736065;147123431.8281203;0.0 
 04/28  23:00:00;35.0;30.135125912016353;123878790.8013423;0.0 
 04/28  24:00:00;33.949999999999996;29.95327652064553;109548751.17963253;0.0 
 04/29  01:00:00;32.733333333333334;29.778391012352596;91490715.55444399;0.0 
 04/29  02:00:00;31.991666666666664;29.62392762455515;80653590.55917135;0.0 
 04/29  03:00:00;31.233333333333334;29.478277312151068;76530326.58199531;0.0 
 04/29  04:00:00;30.375;29.33475505076173;66103312.9433313;0.0 
 04/29  05:00:00;29.416666666666668;29.18932333037702;47955792.224305674;0.0 
 04/29  06:00:00;28.416666666666668;29.04505588827973;4457879.0694600325;0.0 
 04/29  07:00:00;27.416666666666668;28.92087455992812;4180570.836608324;0.0 
 04/29  08:00:00;27.583333333333332;28.892721987862803;4087545.555036138;0.0 
 04/29  09:00:00;28.75833333333334;28.94865995682724;4188888.729502246;0.0 
 04/29  10:00:00;30.291666666666668;29.115385856556827;4578606.959815818;0.0 
 04/29  11:00:00;32.75;29.39129133535963;5290898.884744443;0.0 
 04/29  12:00:00;34.583333333333336;29.735167523275788;6275720.722812964;0.0 
 04/29  13:00:00;35.875;30.10604882705366;7435356.237220143;0.0 
 04/29  14:00:00;37.43333333333333;30.49269813682537;8683030.456760418;0.0 
 04/29  15:00:00;38.975;30.846268861730433;9840319.788743809;0.0 
 04/29  16:00:00;39.833333333333336;31.103267930365565;10690615.008740261;0.0 
 04/29  17:00:00;39.59166666666667;31.220260941248707;11068027.495607028;0.0 
 04/29  18:00:00;38.891666666666666;31.187516184453404;173341092.44761243;0.0 
 04/29  19:00:00;37.666666666666664;31.008440268385925;153701464.32569513;0.0 
 04/29  20:00:00;36.300000000000004;30.74802546436682;136850053.04186684;0.0 
 04/29  21:00:00;35.041666666666664;30.504995453874045;120897013.2396014;0.0 
 04/29  22:00:00;33.74166666666667;30.286486325226495;121867321.55600035;0.0 
 04/29  23:00:00;32.5;30.09074092828446;116433109.66963626;0.0 
 04/29  24:00:00;31.766666666666666;29.917666710573126;97259430.00391509;0.0 
 04/30  01:00:00;31.308333333333334;29.760107958184438;93247089.35603684;0.0 
 04/30  02:00:00;30.75;29.606368270896073;72410814.82020895;0.0 
 04/30  03:00:00;30.208333333333332;29.460339943445444;71123112.83316621;0.0 
 04/30  04:00:00;30.0;29.32422867297068;75846254.89647545;0.0 
 04/30  05:00:00;29.358333333333334;29.18431270100241;64133849.721763246;0.0 
 04/30  06:00:00;28.2;29.03676243022313;45587332.7786761;0.0 
 04/30  07:00:00;26.708333333333332;28.90527146853722;17826121.297945663;0.0 
 04/30  08:00:00;26.0;28.859880893689777;4280977.792432012;0.0 
 04/30  09:00:00;26.583333333333332;28.891224643143474;12848982.396301394;0.0 
 04/30  10:00:00;28.458333333333332;29.053061178470603;38104948.239377685;0.0 
 04/30  11:00:00;30.958333333333332;29.344120664033255;67637888.54077758;0.0 
 04/30  12:00:00;32.46666666666667;29.702757706349306;88915164.12340716;0.0 
 04/30  13:00:00;33.675000000000004;30.080335496241748;109645278.0715991;0.0 
 04/30  14:00:00;35.175000000000004;30.46326269339566;126810235.14037426;0.0 
 04/30  15:00:00;36.675000000000004;30.80924227957846;141474031.9716893;0.0 
 04/30  16:00:00;38.875;31.076053042929775;181122858.80916673;0.0 
 04/30  17:00:00;38.833333333333336;31.19739062664598;183186937.3490589;0.0 
 04/30  18:00:00;37.59166666666667;31.147386852875268;153998298.8770228;0.0 
 04/30  19:00:00;35.31666666666667;30.940511309991308;125249355.62371044;0.0 
 04/30  20:00:00;33.025;30.63754440854534;96826907.65559933;0.0 
 04/30  21:00:00;31.641666666666666;30.363346779497828;79461848.34878463;0.0 
 04/30  22:00:00;31.041666666666668;30.13034519141803;72560872.24964608;0.0 
 04/30  23:00:00;31.0;29.93523091871356;71130447.13257511;0.0 
 04/30  24:00:00;31.116666666666664;29.764352703224574;71309101.69910301;0.0 
 05/01  01:00:00;31.433333333333334;29.61831564168013;73850292.71733508;0.0 
 05/01  02:00:00;31.191666666666666;29.479572182990637;70496717.44006568;0.0 
 05/01  03:00:00;30.60833333333333;29.333884735975364;62945076.75034739;0.0 
 05/01  04:00:00;29.46666666666667;29.18236209444092;48460822.30253786;0.0 
 05/01  05:00:00;28.858333333333334;29.039063601999946;40604525.19456938;0.0 
 05/01  06:00:00;29.075;28.91496973833043;4188213.6607302115;0.0 
 05/01  07:00:00;26.75;28.790713979082923;3937033.291321174;0.0 
 05/01  08:00:00;28.5;28.81393665247189;3931023.8008250063;0.0 
 05/01  09:00:00;31.116666666666664;28.930523451771432;4148881.1277027573;0.0 
 05/01  10:00:00;32.833333333333336;29.13070267713823;4634295.072088858;0.0 
 05/01  11:00:00;35.75;29.454941748767354;5497210.215063528;0.0 
 05/01  12:00:00;38.166666666666664;29.8517837223476;6662365.275314487;0.0 
 05/01  13:00:00;39.875;30.269848123102587;7989143.757275006;0.0 
 05/01  14:00:00;41.31666666666667;30.686337070785445;9354343.662281172;0.0 
 05/01  15:00:00;42.775000000000006;31.07169543683406;10616324.87612895;0.0 
 05/01  16:00:00;43.166666666666664;31.362676859009326;11561707.951644186;0.0 
 05/01  17:00:00;42.416666666666664;31.499021030740007;11973286.835877026;0.0 
 05/01  18:00:00;42.23333333333334;31.478001515437583;11802922.26049976;0.0 
 05/01  19:00:00;41.583333333333336;31.306999561380724;11129595.484170128;0.0 
 05/01  20:00:00;40.241666666666674;31.041646174391786;10175349.75552677;0.0 
 05/01  21:00:00;38.88333333333333;30.80201140085696;9298173.059457364;0.0 
 05/01  22:00:00;38.125;30.594775946150623;173626642.8477358;0.0 
 05/01  23:00:00;36.833333333333336;30.406188404254465;159507893.9913266;0.0 
 05/01  24:00:00;35.766666666666666;30.22868589746625;130228518.96175861;0.0 
 05/02  01:00:00;34.9;30.058227130663454;116907337.28473887;0.0 
 05/02  02:00:00;33.699999999999996;29.88439550157133;107473872.46049169;0.0 
 05/02  03:00:00;32.5;29.71592671763899;99622215.94271393;0.0 
 05/02  04:00:00;31.650000000000002;29.557375628185664;90226038.2505833;0.0 
 05/02  05:00:00;31.10833333333333;29.416360599585687;78600014.41210869;0.0 
 05/02  06:00:00;30.55;29.282337413314636;5070747.573818635;0.0 
 05/02  07:00:00;30.125;29.181191095835217;4668325.555630716;0.0 
 05/02  08:00:00;30.291666666666668;29.1789830553226;4625595.253774125;0.0 
 05/02  09:00:00;30.791666666666668;29.234849073924973;4744772.8438493945;0.0 
 05/02  10:00:00;32.166666666666664;29.39529377769092;5144658.9672086835;0.0 
 05/02  11:00:00;34.34166666666667;29.671196818683388;5894462.598330268;0.0 
 05/02  12:00:00;36.641666666666666;30.02681488317548;6944856.315679224;0.0 
 05/02  13:00:00;38.18333333333333;30.401046914931328;8141147.141279429;0.0 
 05/02  14:00:00;39.18333333333333;30.76607592026018;9352269.65387841;0.0 
 05/02  15:00:00;40.18333333333333;31.100052323767787;10459455.184270952;0.0 
 05/02  16:00:00;41.416666666666664;31.357552922604196;11294489.429692257;0.0 
 05/02  17:00:00;41.416666666666664;31.494008005603337;11712538.518494084;0.0 
 05/02  18:00:00;40.18333333333333;31.4540768361134;11538288.166954264;0.0 
 05/02  19:00:00;38.666666666666664;31.247315243343362;10811738.295626871;0.0 
 05/02  20:00:00;37.300000000000004;30.961991442316346;9836851.756176079;0.0 
 05/02  21:00:00;36.041666666666664;30.70681039258218;8949948.846243534;0.0 
 05/02  22:00:00;35.208333333333336;30.486638680869437;122357354.2879969;0.0 
 05/02  23:00:00;34.416666666666664;30.293097750450784;112406193.20621994;0.0 
 05/02  24:00:00;33.125;30.106114255279213;95955597.46646315;0.0 
 05/03  01:00:00;32.09166666666667;29.93258980205715;82697252.13381381;0.0 
 05/03  02:00:00;31.45;29.774785924616456;74367872.62455842;0.0 
 05/03  03:00:00;30.791666666666668;29.619388054864487;65832278.63428015;0.0 
 05/03  04:00:00;29.8;29.457685659749412;53156902.738896266;0.0 
 05/03  05:00:00;28.541666666666668;29.28835367323788;37082015.65468775;0.0 
 05/03  06:00:00;27.3;29.117047604436518;4626281.7642074805;0.0 
 05/03  07:00:00;26.333333333333332;28.98130179792319;4292491.8309939345;0.0 
 05/03  08:00:00;26.583333333333332;28.976061986686968;4231230.890317568;0.0 
 05/03  09:00:00;27.583333333333332;29.03408093933233;4339476.4025212545;0.0 
 05/03  10:00:00;29.166666666666668;29.196843298918793;4725853.036089409;0.0 
 05/03  11:00:00;31.75;29.480179916013736;5469795.340877054;0.0 
 05/03  12:00:00;34.458333333333336;29.850664061111797;6540635.980858734;0.0 
 05/03  13:00:00;36.550000000000004;30.251993144939366;7802887.994227739;0.0 
 05/03  14:00:00;38.40833333333333;30.6545192036004;9111777.814957386;0.0 
 05/03  15:00:00;40.25;31.01950092541318;10297642.924485272;0.0 
 05/03  16:00:00;40.708333333333336;31.27539952390625;11133795.640824499;0.0 
 05/03  17:00:00;40.15;31.385911505332455;11478918.268105112;0.0 
 05/03  18:00:00;39.608333333333334;31.348181465229302;11297422.470909296;0.0 
 05/03  19:00:00;37.416666666666664;31.139589900859928;10579094.168128422;0.0 
 05/03  20:00:00;35.59166666666667;30.83659009974514;9566109.976295294;0.0 
 05/03  21:00:00;34.891666666666666;30.578255411664255;8661207.977395851;0.0 
 05/03  22:00:00;33.666666666666664;30.349838160777313;103394002.58506523;0.0 
 05/03  23:00:00;33.583333333333336;30.162371240377727;101989560.24341534;0.0 
 05/03  24:00:00;33.766666666666666;30.006447518672065;103468890.07412218;0.0 
 05/04  01:00:00;33.074999999999996;29.845397042613943;94413728.92011015;0.0 
 05/04  02:00:00;32.233333333333334;29.68423866770277;83707048.69677313;0.0 
 05/04  03:00:00;31.375;29.527749234857467;72763343.18407975;0.0 
 05/04  04:00:00;30.416666666666668;29.372695671355043;60592560.875232875;0.0 
 05/04  05:00:00;29.416666666666668;29.21718220102971;49491313.90057868;0.0 
 05/04  06:00:00;28.416666666666668;29.06022537158711;4630721.155033914;0.0 
 05/04  07:00:00;28.0;28.940397623522728;4202893.545807368;0.0 
 05/04  08:00:00;28.0;28.94060787264613;4157799.4579900135;0.0 
 05/04  09:00:00;27.88333333333334;28.984108595018256;4252567.3516563;0.0 
 05/04  10:00:00;29.666666666666668;29.141461572278615;4624837.594212258;0.0 
 05/04  11:00:00;32.75;29.428596266537657;5362418.504562784;0.0 
 05/04  12:00:00;35.050000000000004;29.798761634389425;6429874.118631085;0.0 
 05/04  13:00:00;36.96666666666666;30.202078882297787;7691925.086482159;0.0 
 05/04  14:00:00;38.90833333333333;30.60797865298539;9004118.266152877;0.0 
 05/04  15:00:00;40.866666666666674;30.985488302313673;10233577.326138984;0.0 
 05/04  16:00:00;41.875;31.27675468084698;11182405.803800289;0.0 
 05/04  17:00:00;41.416666666666664;31.421799167939252;11638692.712066226;0.0 
 05/04  18:00:00;40.475;31.394253608509416;11490487.236279111;0.0 
 05/04  19:00:00;39.458333333333336;31.208827462438663;10805450.4162404;0.0 
 05/04  20:00:00;38.300000000000004;30.930262559432393;9830646.929796074;0.0 
 05/04  21:00:00;37.041666666666664;30.67321758393686;8926721.791157044;0.0 
 05/04  22:00:00;36.208333333333336;30.456620807479016;134321168.99180895;0.0 
 05/04  23:00:00;35.416666666666664;30.266841705344877;124424891.05115183;0.0 
 05/04  24:00:00;34.708333333333336;30.09431779637833;115090256.29915379;0.0 
 05/05  01:00:00;34.03333333333333;29.937339231987533;106274474.99262436;0.0 
 05/05  02:00:00;33.175000000000004;29.786075786757156;95422240.90595019;0.0 
 05/05  03:00:00;32.333333333333336;29.636159063737864;84734729.81311308;0.0 
 05/05  04:00:00;31.708333333333332;29.488347183804404;76728121.35780957;0.0 
 05/05  05:00:00;31.208333333333332;29.346288648461655;70279736.91292803;0.0 
 05/05  06:00:00;30.708333333333332;29.210542857554653;4768422.880317868;0.0 
 05/05  07:00:00;30.208333333333332;29.116796115740566;4543732.278218966;0.0 
 05/05  08:00:00;30.875;29.14355987763177;4551911.88558972;0.0 
 05/05  09:00:00;32.375;29.23898611687279;4751443.829243158;0.0 
 05/05  10:00:00;33.875;29.429108495913564;5234912.983022564;0.0 
 05/05  11:00:00;35.375;29.720387049929585;6053921.741801609;0.0 
 05/05  12:00:00;37.166666666666664;30.086462701323708;7163772.292356748;0.0 
 05/05  13:00:00;38.875;30.490329777898832;8463899.678515894;0.0 
 05/05  14:00:00;40.31666666666667;30.895547213174893;9808587.342772169;0.0 
 05/05  15:00:00;41.775000000000006;31.26616027376556;11030242.371295607;0.0 
 05/05  16:00:00;42.166666666666664;31.534045785901398;11904513.217663469;0.0 
 05/05  17:00:00;42.0;31.657378224283807;12266627.010860544;0.0 
 05/05  18:00:00;41.53333333333333;31.622946776708147;12065524.912131779;0.0 
 05/05  19:00:00;40.5;31.43499280974538;11354862.608986562;0.0 
 05/05  20:00:00;39.125;31.15918861953507;10376821.154159285;0.0 
 05/05  21:00:00;37.625;30.908392501830473;9477500.688142601;0.0 
 05/05  22:00:00;36.416666666666664;30.688503835010568;137365065.04317737;0.0 
 05/05  23:00:00;36.0;30.499861858256825;132136508.37309465;0.0 
 05/05  24:00:00;35.18333333333334;30.330095541540043;121406787.84998402;0.0 
 05/06  01:00:00;33.78333333333333;30.163356501655915;104058554.09079172;0.0 
 05/06  02:00:00;32.38333333333333;30.002388551939124;91708823.54030725;0.0 
 05/06  03:00:00;30.983333333333334;29.849210097847635;71092628.07173687;0.0 
 05/06  04:00:00;30.34166666666667;29.708373844337036;60418286.802248806;0.0 
 05/06  05:00:00;30.183333333333334;29.576895120066684;58151649.62768088;0.0 
 05/06  06:00:00;30.041666666666668;29.446593116873057;5267613.448847709;0.0 
 05/06  07:00:00;32.333333333333336;29.37427805043468;5055518.4942925805;0.0 
 05/06  08:00:00;33.24166666666667;29.40681541565995;5078246.546288234;0.0 
 05/06  09:00:00;31.941666666666666;29.45641135914855;5212949.662239727;0.0 
 05/06  10:00:00;32.74166666666667;29.61629727879821;5645910.463701843;0.0 
 05/06  11:00:00;35.041666666666664;29.902584888479527;6447063.340618875;0.0 
 05/06  12:00:00;38.21666666666667;30.270864625571534;7540529.077101545;0.0 
 05/06  13:00:00;40.61666666666667;30.658274003022623;8769787.387578199;0.0 
 05/06  14:00:00;42.01666666666667;31.039955385317597;10035735.902267748;0.0 
 05/06  15:00:00;43.416666666666664;31.40017673723327;11240287.974065587;0.0 
 05/06  16:00:00;43.416666666666664;31.667344807796027;12150316.201792166;0.0 
 05/06  17:00:00;43.0;31.80719143264569;12600041.909828942;0.0 
 05/06  18:00:00;42.708333333333336;31.798444191372116;230360779.0910449;0.0 
 05/06  19:00:00;41.625;31.621474068013086;221436319.04014426;0.0 
 05/06  20:00:00;39.949999999999996;31.345671140664127;192703077.08517116;0.0 
 05/06  21:00:00;38.208333333333336;31.092867835812907;161713397.84612697;0.0 
 05/06  22:00:00;36.625;30.869205417207326;142883556.23422444;0.0 
 05/06  23:00:00;35.416666666666664;30.66794293664961;127161717.51112145;0.0 
 05/06  24:00:00;34.18333333333333;30.479344286480266;109758746.35728964;0.0 
 05/07  01:00:00;33.19166666666667;30.301755179128136;97075916.60250637;0.0 
 05/07  02:00:00;32.550000000000004;30.140212345891758;88767865.53292172;0.0 
 05/07  03:00:00;31.891666666666666;29.98329052954573;80261322.66394329;0.0 
 05/07  04:00:00;31.191666666666666;29.827539136086084;71257915.13699333;0.0 
 05/07  05:00:00;30.433333333333334;29.675592796114483;61532942.65013499;0.0 
 05/07  06:00:00;29.691666666666666;29.52682382590236;51985865.747407444;0.0 
 05/07  07:00:00;29.166666666666668;29.41588378991005;45298591.71661845;0.0 
 05/07  08:00:00;29.0;29.416641180146954;43177068.09989518;0.0 
 05/07  09:00:00;30.808333333333334;29.488384213012008;65812822.55394427;0.0 
 05/07  10:00:00;34.375;29.69509125615475;110015495.54988629;0.0 
 05/07  11:00:00;37.75;30.01466231423036;151347766.40577507;0.0 
 05/07  12:00:00;40.166666666666664;30.39656009753118;180964387.36826187;0.0 
 05/07  13:00:00;41.583333333333336;30.79609258586643;198643761.5485072;0.0 
 05/07  14:00:00;42.583333333333336;31.1966155223807;211326817.04099694;0.0 
 05/07  15:00:00;43.583333333333336;31.56346049309327;223810976.19805646;0.0 
 05/07  16:00:00;44.0;31.835601059225255;233779401.37322778;0.0 
 05/07  17:00:00;44.0;31.97529326654786;231818178.6974148;0.0 
 05/07  18:00:00;43.06666666666666;31.947669620705554;225491156.75688568;0.0 
 05/07  19:00:00;41.05833333333333;31.743341285609656;201644435.14663705;0.0 
 05/07  20:00:00;38.75833333333333;31.435016683391797;172392616.9855116;0.0 
 05/07  21:00:00;36.458333333333336;31.148557346397094;150728898.62626344;0.0 
 05/07  22:00:00;35.32500000000001;30.909473756466596;127193367.3296817;0.0 
 05/07  23:00:00;35.083333333333336;30.7164905678858;127882225.62002194;0.0 
 05/07  24:00:00;34.24166666666667;30.53380391704606;110666096.27778223;0.0 
 05/08  01:00:00;33.291666666666664;30.35072895489993;98460089.6839486;0.0 
 05/08  02:00:00;32.59166666666667;30.173950226755636;89382380.72678788;0.0 
 05/08  03:00:00;31.891666666666666;30.002595373490745;80319656.80656688;0.0 
 05/08  04:00:00;31.191666666666666;29.835978697455875;71280764.88464332;0.0 
 05/08  05:00:00;30.55;29.67444665334149;62971812.06575957;0.0 
 05/08  06:00:00;29.891666666666666;29.519252985580394;5382719.803092836;0.0 
 05/08  07:00:00;29.833333333333332;29.420524632305728;5135181.174983314;0.0 
 05/08  08:00:00;30.0;29.424456306022137;5101175.886929061;0.0 
 05/08  09:00:00;30.291666666666668;29.469815407624267;5205899.1595219495;0.0 
 05/08  10:00:00;32.425000000000004;29.633688018224362;5617606.384512455;0.0 
 05/08  11:00:00;35.666666666666664;29.929681559101315;6421880.850960951;0.0 
 05/08  12:00:00;39.041666666666664;30.31484748178096;7563061.417517477;0.0 
 05/08  13:00:00;41.375;30.725006340592387;8878229.791085124;0.0 
 05/08  14:00:00;42.875;31.125589964038145;10220711.425187718;0.0 
 05/08  15:00:00;44.375;31.492421162825963;11454748.27980878;0.0 
 05/08  16:00:00;44.416666666666664;31.754929694370503;12353721.012471942;0.0 
 05/08  17:00:00;44.0;31.88743660975511;12790409.241041623;0.0 
 05/08  18:00:00;45.458333333333336;31.90676699715337;12756721.731837023;0.0 
 05/08  19:00:00;44.75;31.76043174420887;12176714.514208823;0.0 
 05/08  20:00:00;41.75;31.471920910481145;11188942.531126369;0.0 
 05/08  21:00:00;38.75;31.189200405065662;10217559.829894278;0.0 
 05/08  22:00:00;36.916666666666664;30.94327004436734;143763517.65680793;0.0 
 05/08  23:00:00;35.916666666666664;30.734900362483035;131166065.59235783;0.0 
 05/08  24:00:00;34.916666666666664;30.544888976330117;118580915.08343354;0.0 
 05/09  01:00:00;33.916666666666664;30.36392475580101;105948050.76928541;0.0 
 05/09  02:00:00;32.916666666666664;30.18941566152435;93270169.11529966;0.0 
 05/09  03:00:00;31.916666666666668;30.020207269459917;80565037.93882708;0.0 
 05/09  04:00:00;31.03333333333333;29.860396880954777;69305072.57300602;0.0 
 05/09  05:00:00;30.291666666666668;29.70597702647728;62574579.25603019;0.0 
 05/09  06:00:00;29.53333333333333;29.55438270297006;5772379.663723886;0.0 
 05/09  07:00:00;29.724999999999998;29.459594285913983;5218964.897737271;0.0 
 05/09  08:00:00;30.683333333333334;29.46774233070572;5189029.890945737;0.0 
 05/09  09:00:00;31.625;29.531952763675875;5332172.9612277355;0.0 
 05/09  10:00:00;32.583333333333336;29.691802803003025;5753016.0988936685;0.0 
 05/09  11:00:00;34.75;29.959376991938004;6507277.74132332;0.0 
 05/09  12:00:00;36.70000000000001;30.31546821167612;7596077.671093277;0.0 
 05/09  13:00:00;38.19166666666667;30.70418043619304;8879574.855396515;0.0 
 05/09  14:00:00;39.833333333333336;31.102832875527767;10217270.57892828;0.0 
 05/09  15:00:00;41.49166666666667;31.461892180006696;11412662.452117449;0.0 
 05/09  16:00:00;42.666666666666664;31.721821605381667;12258754.179101119;0.0 
 05/09  17:00:00;42.416666666666664;31.83516765232623;12603748.148956656;0.0 
 05/09  18:00:00;41.59166666666667;31.789877275193216;12394595.70724905;0.0 
 05/09  19:00:00;40.541666666666664;31.59416137145526;11675610.814657338;0.0 
 05/09  20:00:00;39.18333333333334;31.299888924389965;10652788.255578492;0.0 
 05/09  21:00:00;37.84166666666667;31.028447939307664;9699236.221594717;0.0 
 05/09  22:00:00;36.71666666666666;30.790550407284083;140875475.17404643;0.0 
 05/09  23:00:00;35.775;30.58089826365057;128993543.22788751;0.0 
 05/09  24:00:00;34.81666666666667;30.389033960638596;116928820.02214256;0.0 
 05/10  01:00:00;33.75833333333333;30.207645160531555;105668401.79679367;0.0 
 05/10  02:00:00;32.6;30.030311774790167;100203921.99175653;0.0 
 05/10  03:00:00;31.458333333333332;29.853815088622145;93391335.34655878;0.0 
 05/10  04:00:00;30.416666666666668;29.67834615254308;81817246.63730703;0.0 
 05/10  05:00:00;29.416666666666668;29.50565704876851;65356337.239031;0.0 
 05/10  06:00:00;28.416666666666668;29.33729891629314;5668824.47466059;0.0 
 05/10  07:00:00;28.291666666666668;29.229150397366368;4752098.725015092;0.0 
 05/10  08:00:00;28.849999999999998;29.2381119022545;4715555.324113937;0.0 
 05/10  09:00:00;29.391666666666666;29.29299269652832;4832320.97877866;0.0 
 05/10  10:00:00;31.0;29.45607211326832;5235779.414434995;0.0 
 05/10  11:00:00;33.75;29.75143832689609;6032340.423476655;0.0 
 05/10  12:00:00;36.75;30.137372384806127;7174469.268907442;0.0 
 05/10  13:00:00;39.28333333333333;30.56073686195462;8520645.680172324;0.0 
 05/10  14:00:00;41.425000000000004;30.98824744950303;9923558.012994166;0.0 
 05/10  15:00:00;43.583333333333336;31.372240108356;11177598.667425562;0.0 
 05/10  16:00:00;44.791666666666664;31.642218610249312;12050090.549225438;0.0 
 05/10  17:00:00;44.59166666666667;31.76450748466698;12427692.694681624;0.0 
 05/10  18:00:00;43.89166666666667;31.743246803205036;12306218.933763651;0.0 
 05/10  19:00:00;42.666666666666664;31.575415563044373;11692839.90602675;0.0 
 05/10  20:00:00;40.891666666666666;31.303612924146567;10750484.250236887;0.0 
 05/10  21:00:00;38.99166666666667;31.047524742926004;9844983.07340126;0.0 
 05/10  22:00:00;38.083333333333336;30.83167847084297;157446948.36575162;0.0 
 05/10  23:00:00;36.833333333333336;30.63734726358818;142283842.82663515;0.0 
 05/10  24:00:00;35.88333333333333;30.460459085940727;130048179.75118516;0.0 
 05/11  01:00:00;35.21666666666666;30.298728969199487;121314717.82646509;0.0 
 05/11  02:00:00;34.15833333333333;30.13062877084879;108065379.8656813;0.0 
 05/11  03:00:00;33.116666666666674;29.96802386072469;94982815.08384952;0.0 
 05/11  04:00:00;32.35;29.815410648722835;85263366.02416189;0.0 
 05/11  05:00:00;31.808333333333334;29.678427665151858;78324835.65161802;0.0 
 05/11  06:00:00;31.25;29.549523567916584;5446667.472299123;0.0 
 05/11  07:00:00;31.0;29.46724375489913;5236364.765193347;0.0 
 05/11  08:00:00;30.416666666666668;29.458430782881745;5193093.869238166;0.0 
 05/11  09:00:00;33.208333333333336;29.54391644360916;5370229.338734347;0.0 
 05/11  10:00:00;37.541666666666664;29.774317583205427;5918810.87833748;0.0 
 05/11  11:00:00;40.166666666666664;30.084566161324904;6783488.99929431;0.0 
 05/11  12:00:00;41.46666666666667;30.448713130152523;7918089.7065293845;0.0 
 05/11  13:00:00;42.38333333333333;30.830281753006417;9185833.586999105;0.0 
 05/11  14:00:00;43.383333333333326;31.205339991979713;10452312.172485208;0.0 
 05/11  15:00:00;44.383333333333326;31.540389546327617;11575408.990313223;0.0 
 05/11  16:00:00;44.333333333333336;31.772239111432103;12355529.156042492;0.0 
 05/11  17:00:00;44.0;31.890395967429413;12725541.718495779;0.0 
 05/11  18:00:00;43.300000000000004;31.872191901034913;12599174.367671667;0.0 
 05/11  19:00:00;41.75;31.687349541895998;11915754.69277414;0.0 
 05/11  20:00:00;39.71666666666667;31.392174607403188;10896181.843252573;0.0 
 05/11  21:00:00;37.516666666666666;31.113131915204026;9933967.92291069;0.0 
 05/11  22:00:00;36.25;30.881483907508812;156055575.3936484;0.0 
 05/11  23:00:00;35.416666666666664;30.694174487061076;161263182.89787552;0.0 
 05/11  24:00:00;34.766666666666666;30.535124128073004;131708119.11806336;0.0 
 05/12  01:00:00;34.6;30.395130908815684;130310507.80156201;0.0 
 05/12  02:00:00;34.65833333333333;30.267878486811313;148724865.6248591;0.0 
 05/12  03:00:00;34.699999999999996;29.883898590934038;163561350.76768464;0.0 
 05/12  04:00:00;34.233333333333334;29.509408917767406;154150757.97347486;0.0 
 05/12  05:00:00;33.49166666666667;29.442870979685495;140813388.14247262;0.0 
 05/12  06:00:00;32.733333333333334;29.11643299790649;5841685.569771677;0.0 
 05/12  07:00:00;32.166666666666664;28.768452378851862;4017898.8079361157;0.0 
 05/12  08:00:00;32.583333333333336;28.565081773777422;3626201.236243883;0.0 
 05/12  09:00:00;33.46666666666667;28.37769383247993;3327585.3397436184;0.0 
 05/12  10:00:00;35.083333333333336;28.248759171013194;3059541.8536136546;0.0 
 05/12  11:00:00;37.166666666666664;28.165031830283937;2876921.1671672408;0.0 
 05/12  12:00:00;38.233333333333334;28.077651014688993;2723764.8357815654;0.0 
 05/12  13:00:00;38.225;28.165300004898427;2793653.8564716545;0.0 
 05/12  14:00:00;37.925000000000004;28.532945619789526;3311939.890675864;0.0 
 05/12  15:00:00;37.625;28.503633987910913;3478690.0255910493;0.0 
 05/12  16:00:00;38.375;28.176280729096575;2977147.640443675;0.0 
 05/12  17:00:00;39.0;27.909932664748553;2439874.226086283;0.0 
 05/12  18:00:00;38.358333333333334;27.678871214294187;2048651.3581686334;0.0 
 05/12  19:00:00;37.375;27.431413070345627;1696831.0755646795;0.0 
 05/12  20:00:00;36.416666666666664;27.356604664198944;1534831.4225544506;0.0 
 05/12  21:00:00;35.416666666666664;27.24933448670663;1344351.2511379207;0.0 
 05/12  22:00:00;35.0;27.007774955160233;153321632.48294795;0.0 
 05/12  23:00:00;34.416666666666664;26.887468901362723;151099549.98019543;0.0 
 05/12  24:00:00;33.708333333333336;26.90146383545304;139040666.5242083;0.0 
 05/13  01:00:00;33.324999999999996;27.002029334901394;133591969.71234435;0.0 
 05/13  02:00:00;33.025;26.97531341131739;128502288.60940586;0.0 
 05/13  03:00:00;32.725;26.932963079154547;121612378.61670609;0.0 
 05/13  04:00:00;32.36666666666667;26.885809360434376;115083719.78218324;0.0 
 05/13  05:00:00;32.025;26.843940180786195;109028735.65942948;0.0 
 05/13  06:00:00;31.666666666666668;26.80548415092699;1034063.2981923091;0.0 
 05/13  07:00:00;31.208333333333332;26.80656667309607;888189.0544492323;0.0 
 05/13  08:00:00;31.583333333333332;26.905949749638207;940525.9837560689;0.0 
 05/13  09:00:00;32.583333333333336;27.075031149664017;1150968.9017490037;0.0 
 05/13  10:00:00;35.333333333333336;27.371314464008822;1675098.6750037174;0.0 
 05/13  11:00:00;38.166666666666664;27.785387724563247;2579007.4231832763;0.0 
 05/13  12:00:00;40.166666666666664;28.255191049891483;3784270.814153012;0.0 
 05/13  13:00:00;41.875;28.76371335823659;5216157.036547713;0.0 
 05/13  14:00:00;43.31666666666666;29.28268088996101;6736128.870919469;0.0 
 05/13  15:00:00;44.775000000000006;29.760741003560938;8137182.53213934;0.0 
 05/13  16:00:00;45.166666666666664;30.132212373546377;9196801.151631434;0.0 
 05/13  17:00:00;44.65;30.346946450766183;9732825.391984815;0.0 
 05/13  18:00:00;44.050000000000004;30.395005789665234;235575530.37601137;0.0 
 05/13  19:00:00;41.583333333333336;30.25553809203278;201319444.3058807;0.0 
 05/13  20:00:00;38.775000000000006;30.003777831581743;164778941.37846068;0.0 
 05/13  21:00:00;36.675000000000004;29.780992395706132;138677687.71907866;0.0 
 05/13  22:00:00;35.333333333333336;29.60122185288702;122243148.22769591;0.0 
 05/13  23:00:00;35.583333333333336;29.476152037694614;125036053.81667969;0.0 
 05/13  24:00:00;35.18333333333334;29.35920162545224;119484889.62249881;0.0 
 05/14  01:00:00;34.425000000000004;29.23084052435321;109696674.07755628;0.0 
 05/14  02:00:00;34.125;29.11509599078096;105683470.47834519;0.0 
 05/14  03:00:00;33.82500000000001;29.00617385976817;101706886.34008233;0.0 
 05/14  04:00:00;33.05833333333334;28.896081686472595;92100308.60237592;0.0 
 05/14  05:00:00;31.899999999999995;28.780503793171274;77706977.14667046;0.0 
 05/14  06:00:00;30.75833333333333;28.66314320566011;63416727.940302186;0.0 
 05/14  07:00:00;30.474999999999998;28.600321247090175;59841896.385770194;0.0 
 05/14  08:00:00;30.833333333333332;28.65276419624122;64489943.92834397;0.0 
 05/14  09:00:00;32.4;28.773478645217523;83890914.45446238;0.0 
 05/14  10:00:00;36.083333333333336;29.02745295749304;129079810.9282573;0.0 
 05/14  11:00:00;39.75;29.393414064353767;173707922.5088914;0.0 
 05/14  12:00:00;42.28333333333334;29.814722915550345;203873915.67390174;0.0 
 05/14  13:00:00;43.84166666666667;30.25467968168769;222600862.10445;0.0 
 05/14  14:00:00;44.883333333333326;30.680622993707317;235594325.33353218;0.0 
 05/14  15:00:00;45.94166666666666;31.057234337604797;248503694.70141134;0.0 
 05/14  16:00:00;45.699999999999996;31.3092526209355;246982073.71944818;0.0 
 05/14  17:00:00;44.5;31.40819112507113;234493953.9403159;0.0 
 05/14  18:00:00;43.416666666666664;31.37773418005078;221338977.03796312;0.0 
 05/14  19:00:00;42.416666666666664;31.217696527678886;209499901.77883875;0.0 
 05/14  20:00:00;40.833333333333336;30.95542001919362;190875420.3640534;0.0 
 05/14  21:00:00;38.833333333333336;30.704362627379066;166590261.709032;0.0 
 05/14  22:00:00;37.416666666666664;30.500509055288784;149122558.5756854;0.0 
 05/14  23:00:00;36.416666666666664;30.327124296176674;136601475.98250988;0.0 
 05/14  24:00:00;35.125;30.150219729852484;120211471.48508577;0.0 
 05/15  01:00:00;33.916666666666664;29.977643262620276;104908902.7792507;0.0 
 05/15  02:00:00;32.916666666666664;29.817382073688677;92319485.7639163;0.0 
 05/15  03:00:00;31.916666666666668;29.661212859714457;79691731.59377122;0.0 
 05/15  04:00:00;30.625;29.5019135760773;63424382.231103316;0.0 
 05/15  05:00:00;29.125;29.338585212377385;44452944.637381986;0.0 
 05/15  06:00:00;27.625;29.175242075469196;4731597.882443052;0.0 
 05/15  07:00:00;27.0;29.071781305508736;4481305.639059322;0.0 
 05/15  08:00:00;28.166666666666668;29.101625581857473;4479506.62568694;0.0 
 05/15  09:00:00;30.866666666666674;29.20731505530283;4683131.335173495;0.0 
 05/15  10:00:00;33.833333333333336;29.4314742710511;5221522.116308712;0.0 
 05/15  11:00:00;36.63333333333333;29.76137525926112;6123211.053411043;0.0 
 05/15  12:00:00;39.43333333333333;30.167724938241438;7340489.929569284;0.0 
 05/15  13:00:00;41.53333333333333;30.604712865642465;8743271.659437917;0.0 
 05/15  14:00:00;43.19166666666667;31.03760357639237;10177373.51147829;0.0 
 05/15  15:00:00;44.833333333333336;31.43194258199945;11476834.345364127;0.0 
 05/15  16:00:00;45.791666666666664;31.721377353355383;12415948.92991295;0.0 
 05/15  17:00:00;45.241666666666674;31.856716964496172;12826962.843835562;0.0 
 05/15  18:00:00;43.94166666666666;31.823827506479105;12650130.637504509;0.0 
 05/15  19:00:00;42.0;31.626032767114793;11921473.785621936;0.0 
 05/15  20:00:00;39.949999999999996;31.329401041156103;10880081.953371122;0.0 
 05/15  21:00:00;38.208333333333336;31.055613586205123;9907633.083743494;0.0 
 05/15  22:00:00;36.625;30.821813061980155;140137967.5383737;0.0 
 05/15  23:00:00;35.416666666666664;30.618082501041783;125289002.55063692;0.0 
 05/15  24:00:00;34.416666666666664;30.42798057781624;112359797.98710363;0.0 
 05/16  01:00:00;33.53333333333333;30.250087507175504;100935572.40472549;0.0 
 05/16  02:00:00;32.733333333333334;30.081753603681054;90699377.66843353;0.0 
 05/16  03:00:00;31.933333333333334;29.918377147345705;80463240.24180236;0.0 
 05/16  04:00:00;31.366666666666664;29.759298174737904;73150935.6058539;0.0 
 05/16  05:00:00;30.96666666666667;29.60678028150997;67935907.37637812;0.0 
 05/16  06:00:00;30.566666666666666;29.461054391875205;5258920.179322222;0.0 
 05/16  07:00:00;30.166666666666668;29.364472764326365;5018169.141777874;0.0 
 05/16  08:00:00;30.583333333333332;29.378677314643785;5005993.469409132;0.0 
 05/16  09:00:00;33.625;29.482998398543472;5219901.104893948;0.0 
 05/16  10:00:00;35.791666666666664;29.691281789796587;5745160.806970669;0.0 
 05/16  11:00:00;37.75;29.98368697530337;6577247.974158859;0.0 
 05/16  12:00:00;39.81666666666667;30.353239120148995;7707000.983750261;0.0 
 05/16  13:00:00;41.21666666666667;30.749611068770292;8996709.530811282;0.0 
 05/16  14:00:00;42.55833333333333;31.13958405357197;10292531.449529158;0.0 
 05/16  15:00:00;43.916666666666664;31.48302153133;11424370.10670435;0.0 
 05/16  16:00:00;44.791666666666664;31.73388959447334;12244011.888613084;0.0 
 05/16  17:00:00;45.0;31.869091427078462;12662554.004699327;0.0 
 05/16  18:00:00;44.416666666666664;31.86302958545025;12581611.456707336;0.0 
 05/16  19:00:00;42.833333333333336;31.691684897399934;11952085.961339703;0.0 
 05/16  20:00:00;40.833333333333336;31.408922903620603;10970951.773002282;0.0 
 05/16  21:00:00;38.833333333333336;31.140607100787502;10027411.322049227;0.0 
 05/16  22:00:00;37.416666666666664;30.906236572087646;149707314.43909824;0.0 
 05/16  23:00:00;35.833333333333336;30.693905533614853;130405930.70469926;0.0 
 05/16  24:00:00;34.300000000000004;30.496826251194417;111103833.1946573;0.0 
 05/17  01:00:00;33.391666666666666;30.321784505948656;99410533.54764049;0.0 
 05/17  02:00:00;32.63333333333333;30.15715449795108;89683601.05085334;0.0 
 05/17  03:00:00;31.891666666666666;29.994790898295623;80155159.60208167;0.0 
 05/17  04:00:00;31.425000000000008;29.837859789413983;74061307.18615705;0.0 
 05/17  05:00:00;31.125;29.688622929413782;70073081.30732319;0.0 
 05/17  06:00:00;30.766666666666666;29.5460696839545;5420898.229535157;0.0 
 05/17  07:00:00;30.425;29.44823392951024;5177918.316088122;0.0 
 05/17  08:00:00;30.125;29.445212674775096;5138147.45596021;0.0 
 05/17  09:00:00;31.166666666666668;29.506406603953483;5270916.70437629;0.0 
 05/17  10:00:00;33.75;29.689605477228792;5721827.111924538;0.0 
 05/17  11:00:00;37.333333333333336;29.980705881320915;6505088.856726791;0.0 
 05/17  12:00:00;40.458333333333336;30.342942528983116;7571866.288071157;0.0 
 05/17  13:00:00;42.491666666666674;30.73939377782259;8842107.921572583;0.0 
 05/17  14:00:00;44.25;31.1496343947841;10200584.36886045;0.0 
 05/17  15:00:00;45.99166666666667;31.53011560599126;11465668.918867718;0.0 
 05/17  16:00:00;47.458333333333336;31.821641166750904;12430395.410506226;0.0 
 05/17  17:00:00;47.125;31.96783530985113;12900262.553989395;0.0 
 05/17  18:00:00;45.625;31.935034631724957;12752290.634924028;0.0 
 05/17  19:00:00;45.0;31.75865507338672;12085959.960440043;0.0 
 05/17  20:00:00;42.550000000000004;31.483038894860346;11126049.387628878;0.0 
 05/17  21:00:00;38.35;31.189216372957407;10158489.256425714;0.0 
 05/17  22:00:00;36.25;30.94691950961121;142587514.9301365;0.0 
 05/17  23:00:00;35.416666666666664;30.762331525064695;136063515.29658395;0.0 
 05/17  24:00:00;34.416666666666664;30.59916548849011;116055043.28553678;0.0 
 05/18  01:00:00;34.11666666666667;30.44969570106564;119240430.13111174;0.0 
 05/18  02:00:00;34.25833333333333;30.31748884812254;119091979.91801493;0.0 
 05/18  03:00:00;34.416666666666664;30.192822776973273;121579423.95834954;0.0 
 05/18  04:00:00;34.15;30.05819080030352;115294701.90140107;0.0 
 05/18  05:00:00;33.550000000000004;29.914310351753276;100755248.01948965;0.0 
 05/18  06:00:00;32.95000000000001;29.771810887630817;5933130.2173551265;0.0 
 05/18  07:00:00;32.291666666666664;29.67147292415106;5675498.519803965;0.0 
 05/18  08:00:00;32.583333333333336;29.68278157106721;5655238.692980075;0.0 
 05/18  09:00:00;35.68333333333334;29.789076922271096;5879923.695678134;0.0 
 05/18  10:00:00;39.583333333333336;30.024569199334874;6469406.67845439;0.0 
 05/18  11:00:00;42.75;30.34894849398128;7384818.947609974;0.0 
 05/18  12:00:00;44.23333333333333;30.709091794902587;8513585.328444159;0.0 
 05/18  13:00:00;44.925000000000004;31.068814755062046;9729601.654186692;0.0 
 05/18  14:00:00;45.883333333333326;31.436502028317634;10991301.411283478;0.0 
 05/18  15:00:00;46.824999999999996;31.785540037083006;12188894.291625468;0.0 
 05/18  16:00:00;47.083333333333336;32.066378076789086;13139542.66311929;0.0 
 05/18  17:00:00;46.53333333333334;32.20884984175413;13593415.530058857;0.0 
 05/18  18:00:00;45.73333333333334;32.1850132460195;13445307.64452412;0.0 
 05/18  19:00:00;43.416666666666664;31.988340910522023;12732753.47237016;0.0 
 05/18  20:00:00;40.541666666666664;31.680555014807577;11676967.444655376;0.0 
 05/18  21:00:00;38.041666666666664;31.398053566388857;10685289.562038245;0.0 
 05/18  22:00:00;36.416666666666664;31.15357706898581;138397082.45337582;0.0 
 05/18  23:00:00;36.0;30.951997230688097;133035004.17584114;0.0 
 05/18  24:00:00;36.291666666666664;30.78483108199541;135540276.35309002;0.0 
 05/19  01:00:00;36.38333333333333;30.632568982228292;135848260.8817382;0.0 
 05/19  02:00:00;36.125;30.484865209083935;132370525.4511289;0.0 
 05/19  03:00:00;35.88333333333333;30.344769948718348;130314776.9603283;0.0 
 05/19  04:00:00;35.50833333333333;30.203210538090463;124269296.34930079;0.0 
 05/19  05:00:00;34.949999999999996;30.057385959354004;118154438.0002187;0.0 
 05/19  06:00:00;34.40833333333333;29.91466487209605;6445083.009829665;0.0 
 05/19  07:00:00;32.916666666666664;29.80250712381557;5919914.018890182;0.0 
 05/19  08:00:00;32.583333333333336;29.80041587913023;5879727.113469347;0.0 
 05/19  09:00:00;33.583333333333336;29.875259250840173;6050539.497851887;0.0 
 05/19  10:00:00;35.166666666666664;30.044836937592937;6504691.876499967;0.0 
 05/19  11:00:00;37.166666666666664;30.31542267446513;7294627.994108415;0.0 
 05/19  12:00:00;39.166666666666664;30.666587403983957;8400461.70851573;0.0 
 05/19  13:00:00;40.70000000000001;31.059251541150427;9710938.515567197;0.0 
 05/19  14:00:00;41.9;31.45351738956712;11065999.748642389;0.0 
 05/19  15:00:00;43.1;31.810604496692065;12289627.318970447;0.0 
 05/19  16:00:00;43.833333333333336;32.0765676029605;13185377.148336679;0.0 
 05/19  17:00:00;43.416666666666664;32.19719396466727;13565676.575852148;0.0 
 05/19  18:00:00;42.475;32.153612110450375;13358952.229854487;0.0 
 05/19  19:00:00;41.458333333333336;31.958462698365384;12628435.332705297;0.0 
 05/19  20:00:00;39.949999999999996;31.664869451360982;11586646.181956412;0.0 
 05/19  21:00:00;38.09166666666667;31.385847944204198;10597637.258138016;0.0 
 05/19  22:00:00;37.125;31.149404151422374;156636810.380622;0.0 
 05/19  23:00:00;36.53333333333333;30.95542326153512;155448980.63571888;0.0 
 05/19  24:00:00;35.791666666666664;30.77924450662377;129588434.62280785;0.0 
 05/20  01:00:00;35.266666666666666;30.6140989622089;122704300.1814337;0.0 
 05/20  02:00:00;34.866666666666674;30.463918338596198;117466724.75578503;0.0 
 05/20  03:00:00;34.46666666666667;30.323586582825474;112274434.90460458;0.0 
 05/20  04:00:00;34.06666666666667;30.186086501028967;107097957.28857963;0.0 
 05/20  05:00:00;33.666666666666664;30.04105963512775;112939184.5068407;0.0 
 05/20  06:00:00;33.266666666666666;29.890705384720608;6764252.5297073815;0.0 
 05/20  07:00:00;32.458333333333336;29.792103564519966;5908530.844991996;0.0 
 05/20  08:00:00;32.583333333333336;29.790073145763316;5863837.939815218;0.0 
 05/20  09:00:00;32.708333333333336;29.83332525571329;5977498.6132386755;0.0 
 05/20  10:00:00;33.84166666666667;29.974173044040665;6364796.785405422;0.0 
 05/20  11:00:00;36.083333333333336;30.229184761149536;7095408.085326641;0.0 
 05/20  12:00:00;37.81666666666667;30.55871816312876;8117215.84902046;0.0 
 05/20  13:00:00;38.983333333333334;30.913644598938504;9290469.076202326;0.0 
 05/20  14:00:00;40.041666666666664;31.259580260558185;10465760.515813272;0.0 
 05/20  15:00:00;41.083333333333336;31.570146532098917;11510993.06337872;0.0 
 05/20  16:00:00;41.791666666666664;31.79374441969736;12256948.268659027;0.0 
 05/20  17:00:00;41.416666666666664;31.894372747769268;12589837.681656776;0.0 
 05/20  18:00:00;41.0;31.866730857945697;206165427.40029803;0.0 
 05/20  19:00:00;40.416666666666664;31.69110539776631;190476412.17986193;0.0 
 05/20  20:00:00;39.06666666666667;31.41629335200682;176874839.03708598;0.0 
 05/20  21:00:00;37.46666666666667;31.156988752820613;172508590.41772553;0.0 
 05/20  22:00:00;36.916666666666664;30.939612291596177;164753748.14261028;0.0 
 05/20  23:00:00;36.416666666666664;30.749398652674213;154151063.90043333;0.0 
 05/20  24:00:00;35.708333333333336;30.573636170210104;137415706.92537135;0.0 
 05/21  01:00:00;34.85833333333334;30.404997388847463;134702773.17443314;0.0 
 05/21  02:00:00;33.75833333333333;30.229494370966705;130895693.15065083;0.0 
 05/21  03:00:00;32.65833333333333;30.055971701921493;125058703.56323363;0.0 
 05/21  04:00:00;31.733333333333334;29.887442382039477;111197574.62535855;0.0 
 05/21  05:00:00;30.933333333333334;29.724954378111963;91900830.3377789;0.0 
 05/21  06:00:00;30.133333333333336;29.56374152838625;73832929.38366629;0.0 
 05/21  07:00:00;29.333333333333332;29.45586361913529;57563586.890939504;0.0 
 05/21  08:00:00;29.0;29.462685344646356;53470501.31891313;0.0 
 05/21  09:00:00;30.166666666666668;29.528498155554022;71654633.75789323;0.0 
 05/21  10:00:00;31.583333333333332;29.689554321081037;83804309.5595069;0.0 
 05/21  11:00:00;33.75;29.94910784937838;115431536.62711146;0.0 
 05/21  12:00:00;35.93333333333333;30.29634048767728;143695879.730603;0.0 
 05/21  13:00:00;37.241666666666674;30.6743889687116;153967094.0110502;0.0 
 05/21  14:00:00;38.4;31.04210141231144;162220487.7163577;0.0 
 05/21  15:00:00;39.541666666666664;31.366869643791052;176459292.7979659;0.0 
 05/21  16:00:00;39.88333333333333;31.59345613288661;181091299.90371;0.0 
 05/21  17:00:00;39.74166666666667;31.690708599409522;179668108.354655;0.0 
 05/21  18:00:00;39.583333333333336;31.64573960688855;177548338.19730973;0.0 
 05/21  19:00:00;38.625;31.442312138968802;165968612.89823946;0.0 
 05/21  20:00:00;37.00833333333333;31.129578992480162;145947636.31016907;0.0 
 05/21  21:00:00;35.30833333333333;30.837079634018835;124438435.53229599;0.0 
 05/21  22:00:00;34.25;30.595184478073353;111034156.89394313;0.0 
 05/21  23:00:00;32.833333333333336;30.379834077236392;97364742.39136556;0.0 
 05/21  24:00:00;31.650000000000002;30.183574033718084;80792923.98785557;0.0 
 05/22  01:00:00;30.933333333333334;30.00780190655955;69048013.89216809;0.0 
 05/22  02:00:00;30.133333333333336;29.83535472431031;62711563.87862461;0.0 
 05/22  03:00:00;29.333333333333332;29.664977461476457;56377274.85601421;0.0 
 05/22  04:00:00;28.474999999999998;29.494817567749205;45154078.50023506;0.0 
 05/22  05:00:00;27.633333333333336;29.326430321429097;31094621.17229901;0.0 
 05/22  06:00:00;26.775000000000002;29.15884430076689;5005106.743063184;0.0 
 05/22  07:00:00;25.583333333333332;29.040401556549295;4397872.6551929405;0.0 
 05/22  08:00:00;25.583333333333332;29.045871117063896;4358367.234227675;0.0 
 05/22  09:00:00;26.816666666666666;29.107282045775204;4467069.680896629;0.0 
 05/22  10:00:00;28.916666666666668;29.27745836779719;4856245.807193861;0.0 
 05/22  11:00:00;31.75;29.560563272444938;5592328.814865392;0.0 
 05/22  12:00:00;34.166666666666664;29.92015558249282;6640480.430565229;0.0 
 05/22  13:00:00;35.99166666666667;30.305431587704362;7862013.136331197;0.0 
 05/22  14:00:00;37.63333333333333;30.690329098965922;9123132.750103537;0.0 
 05/22  15:00:00;39.291666666666664;31.047051801065436;10293261.491765715;0.0 
 05/22  16:00:00;40.0;31.319603016269628;11181228.20399651;0.0 
 05/22  17:00:00;40.0;31.4502956730182;11574422.864828402;0.0 
 05/22  18:00:00;39.416666666666664;31.410451659331414;11382245.496967087;0.0 
 05/22  19:00:00;37.833333333333336;31.20263486308801;10667916.783966204;0.0 
 05/22  20:00:00;36.300000000000004;30.90263741025622;9677212.967788631;0.0 
 05/22  21:00:00;35.1;30.636488457381343;8774431.682394093;0.0 
 05/22  22:00:00;34.25;30.41391183794082;110722406.71011515;0.0 
 05/22  23:00:00;33.416666666666664;30.22018394688566;100065994.97709471;0.0 
 05/22  24:00:00;32.125;30.035425148407157;83683155.14996472;0.0 
 05/23  01:00:00;31.09166666666667;29.861748795976524;71111507.6630284;0.0 
 05/23  02:00:00;30.450000000000003;29.70019835796872;66832225.76850126;0.0 
 05/23  03:00:00;29.791666666666668;29.540258004273422;61534194.92503317;0.0 
 05/23  04:00:00;29.208333333333332;29.37986726775362;54027733.32334149;0.0 
 05/23  05:00:00;27.95;29.210847740049257;35767731.41662179;0.0 
 05/23  06:00:00;26.208333333333332;29.032615778671047;4978399.009558489;0.0 
 05/23  07:00:00;25.791666666666668;28.92510501963881;4193881.284695232;0.0 
 05/23  08:00:00;25.416666666666668;28.935520821987183;4158904.9575574766;0.0 
 05/23  09:00:00;25.875;28.98530828248057;4253515.386136282;0.0 
 05/23  10:00:00;29.125;29.17414920687364;4668079.189336104;0.0 
 05/23  11:00:00;31.0;29.452793003682817;5400980.5750076305;0.0 
 05/23  12:00:00;32.458333333333336;29.787389591138346;6396162.57518685;0.0 
 05/23  13:00:00;34.49166666666667;30.171656168719043;7603206.90921603;0.0 
 05/23  14:00:00;36.19166666666667;30.561864958546735;8869087.844509125;0.0 
 05/23  15:00:00;37.891666666666666;30.917580855513247;10021009.940969346;0.0 
 05/23  16:00:00;38.833333333333336;31.179720489556985;10860239.419611754;0.0 
 05/23  17:00:00;39.583333333333336;31.32762572815261;11292301.760642167;0.0 
 05/23  18:00:00;39.241666666666674;31.31868500878491;11198259.473301578;0.0 
 05/23  19:00:00;37.708333333333336;31.126844992697333;10528258.827996165;0.0 
 05/23  20:00:00;36.24166666666667;30.824831313628156;9517741.756537542;0.0 
 05/23  21:00:00;34.94166666666667;30.5428436928063;8564405.97171569;0.0 
 05/23  22:00:00;34.166666666666664;30.312211415989356;113172468.56829186;0.0 
 05/23  23:00:00;32.833333333333336;30.106844021896563;99432768.61659528;0.0 
 05/23  24:00:00;31.125;29.910383645536047;78381598.5955003;0.0 
 05/24  01:00:00;30.208333333333332;29.73780605562389;67771038.33655049;0.0 
 05/24  02:00:00;29.708333333333332;29.582445836342746;60524079.27613743;0.0 
 05/24  03:00:00;29.208333333333332;29.432347273927068;53163591.50645691;0.0 
 05/24  04:00:00;28.650000000000002;29.283048833338366;45908058.31412197;0.0 
 05/24  05:00:00;28.05;29.133941296973173;38769494.53565435;0.0 
 05/24  06:00:00;27.450000000000003;28.986028333788187;4875457.260843457;0.0 
 05/24  07:00:00;26.5;28.885858756673553;4110966.4467206476;0.0 
 05/24  08:00:00;26.0;28.90058213439961;4090203.2462552832;0.0 
 05/24  09:00:00;26.933333333333334;28.968909470785633;4221794.713309046;0.0 
 05/24  10:00:00;28.416666666666668;29.135697795083445;4616534.580594484;0.0 
 05/24  11:00:00;30.75;29.40574246959064;5325467.15581271;0.0 
 05/24  12:00:00;33.574999999999996;29.76007563096071;6336655.75261844;0.0 
 05/24  13:00:00;35.866666666666674;30.147534793373737;7533966.74141251;0.0 
 05/24  14:00:00;37.80833333333334;30.539365283939286;8786155.48182582;0.0 
 05/24  15:00:00;39.766666666666666;30.897772417596993;9928266.666297324;0.0 
 05/24  16:00:00;40.833333333333336;31.162730328456643;10763949.05454173;0.0 
 05/24  17:00:00;41.583333333333336;31.31292174430786;11200210.290970683;0.0 
 05/24  18:00:00;41.125;31.31369916319794;11141890.383836199;0.0 
 05/24  19:00:00;40.208333333333336;31.14814750200252;10551212.33871412;0.0 
 05/24  20:00:00;38.95000000000001;30.884863265408143;9659336.233767591;0.0 
 05/24  21:00:00;37.208333333333336;30.633990410486806;8808361.730036601;0.0 
 05/24  22:00:00;36.208333333333336;30.428134444253516;156446987.5318265;0.0 
 05/24  23:00:00;36.0;30.259773332536003;146827524.2816498;0.0 
 05/24  24:00:00;35.65;30.107824858827588;133310633.11640054;0.0 
 05/25  01:00:00;35.050000000000004;29.963187936689508;130431517.6056945;0.0 
 05/25  02:00:00;34.391666666666666;29.8226266395887;129016822.01377144;0.0 
 05/25  03:00:00;33.75;29.686303043300157;125675714.1495671;0.0 
 05/25  04:00:00;33.03333333333333;29.54837521085275;119089071.85195625;0.0 
 05/25  05:00:00;32.175000000000004;29.408659516052296;104628103.02040564;0.0 
 05/25  06:00:00;31.333333333333332;29.269687215944387;5365695.304936055;0.0 
 05/25  07:00:00;30.416666666666668;29.186291614093516;4682157.283570694;0.0 
 05/25  08:00:00;30.583333333333332;29.205109318924062;4679124.236544203;0.0 
 05/25  09:00:00;31.0;29.295799469941016;4873552.644722619;0.0 
 05/25  10:00:00;32.166666666666664;29.477803418260788;5327805.202259258;0.0 
 05/25  11:00:00;34.75;29.7532366829367;6085634.466461295;0.0 
 05/25  12:00:00;37.458333333333336;30.105903974100556;7133683.882257741;0.0 
 05/25  13:00:00;39.083333333333336;30.491180059067233;8360022.943459806;0.0 
 05/25  14:00:00;40.141666666666666;30.86423603010587;9587319.778933974;0.0 
 05/25  15:00:00;41.18333333333333;31.187667260798236;10642901.545678772;0.0 
 05/25  16:00:00;41.425000000000004;31.414744640690575;11379887.177309161;0.0 
 05/25  17:00:00;41.125;31.504285410482883;11643808.195756441;0.0 
 05/25  18:00:00;40.824999999999996;31.453233590171596;11401974.273136377;0.0 
 05/25  19:00:00;40.291666666666664;31.276671647744028;10754671.257605948;0.0 
 05/25  20:00:00;39.00833333333333;31.022248731395504;9886521.993436003;0.0 
 05/25  21:00:00;37.36666666666667;30.789552657327643;9081405.791958306;0.0 
 05/25  22:00:00;36.291666666666664;30.586690761814413;164861584.32923046;0.0 
 05/25  23:00:00;33.083333333333336;30.381677225793425;124648412.4044725;0.0 
 05/25  24:00:00;32.4;30.217049896209573;109876583.91038035;0.0 
 05/26  01:00:00;33.34166666666667;30.098982685266662;139835624.00592712;0.0 
 05/26  02:00:00;33.300000000000004;29.978531538504303;130237466.78342193;0.0 
 05/26  03:00:00;33.24166666666667;29.857358816818916;119029364.64161685;0.0 
 05/26  04:00:00;33.14166666666667;29.73089999624915;109300442.12748888;0.0 
 05/26  05:00:00;33.1;29.61006650748084;100798093.97345182;0.0 
 05/26  06:00:00;33.041666666666664;29.49517288497688;5385982.9843507465;0.0 
 05/26  07:00:00;33.0;29.418961319754175;5146711.431296945;0.0 
 05/26  08:00:00;32.59166666666667;29.410297593646387;5103412.262399882;0.0 
 05/26  09:00:00;31.891666666666666;29.444218758877625;5189317.8341797255;0.0 
 05/26  10:00:00;35.333333333333336;29.606377957433455;5570485.275422234;0.0 
 05/26  11:00:00;39.75;29.87972081980121;6263597.646651599;0.0 
 05/26  12:00:00;42.166666666666664;30.190431504179156;7143739.668029775;0.0 
 05/26  13:00:00;43.40833333333333;30.51053408501902;8147392.30229795;0.0 
 05/26  14:00:00;44.166666666666664;30.83263510915889;9213975.22296622;0.0 
 05/26  15:00:00;44.90833333333333;31.145396346664068;10245824.568473678;0.0 
 05/26  16:00:00;45.083333333333336;31.36010032749215;10977838.460979648;0.0 
 05/26  17:00:00;43.833333333333336;31.404707250253836;11130372.64512637;0.0 
 05/26  18:00:00;42.708333333333336;31.33551715131489;10849680.630906438;0.0 
 05/26  19:00:00;41.625;31.17219580990651;10280896.315231282;0.0 
 05/26  20:00:00;39.541666666666664;30.943815607424188;9536434.883348685;0.0 
 05/26  21:00:00;37.041666666666664;30.722310462589977;8822109.198303526;0.0 
 05/26  22:00:00;35.416666666666664;30.53401455444752;149784147.01150435;0.0 
 05/26  23:00:00;33.833333333333336;30.365200763836242;129145561.3228471;0.0 
 05/26  24:00:00;33.0;30.21110478510114;121984083.55593076;0.0 
 05/27  01:00:00;33.0;30.07431094984094;126246699.45482823;0.0 
 05/27  02:00:00;33.0;29.94209999782569;111345735.99791497;0.0 
 05/27  03:00:00;33.0;29.816978839156167;98038976.84451818;0.0 
 05/27  04:00:00;32.300000000000004;29.685221174942892;85056827.4458356;0.0 
 05/27  05:00:00;31.15833333333333;29.543276100665775;73787464.3523563;0.0 
 05/27  06:00:00;30.0;29.398673293221858;5314950.793807085;0.0 
 05/27  07:00:00;29.208333333333332;29.3116283829108;4940347.846859411;0.0 
 05/27  08:00:00;30.166666666666668;29.36155869861781;4991594.092438278;0.0 
 05/27  09:00:00;31.875;29.465271315517345;5216647.007011847;0.0 
 05/27  10:00:00;33.958333333333336;29.666160323585782;5732884.751449197;0.0 
 05/27  11:00:00;36.75;29.978296405334717;6609989.441294264;0.0 
 05/27  12:00:00;39.050000000000004;30.362052829625867;7786787.660627268;0.0 
 05/27  13:00:00;40.733333333333334;30.771806123909556;9125442.937110024;0.0 
 05/27  14:00:00;42.333333333333336;31.181933489172632;10491646.30207639;0.0 
 05/27  15:00:00;43.93333333333334;31.54849441737466;11708582.144186612;0.0 
 05/27  16:00:00;44.833333333333336;31.824099916970763;12599583.28373724;0.0 
 05/27  17:00:00;44.708333333333336;31.957391388608773;12987407.7924879;0.0 
 05/27  18:00:00;44.208333333333336;31.93481147115023;250153668.2353167;0.0 
 05/27  19:00:00;42.833333333333336;31.75189351502632;229822421.4961275;0.0 
 05/27  20:00:00;40.95000000000001;31.468055915877013;207797625.92158335;0.0 
 05/27  21:00:00;39.15;31.20647359356016;200747956.34759006;0.0 
 05/27  22:00:00;38.166666666666664;30.993012982987082;205928788.35755122;0.0 
 05/27  23:00:00;37.416666666666664;30.812602366385743;202806024.28044683;0.0 
 05/27  24:00:00;36.65;30.638295615844545;160039460.07851583;0.0 
 05/28  01:00:00;35.525000000000006;30.465538364658816;143558465.23234463;0.0 
 05/28  02:00:00;34.083333333333336;30.28843088994843;132291889.79942876;0.0 
 05/28  03:00:00;32.625;30.109233405746995;116920121.85824506;0.0 
 05/28  04:00:00;31.416666666666668;29.93107869585238;99526885.84943658;0.0 
 05/28  05:00:00;30.416666666666668;29.758662622569517;81091162.58988383;0.0 
 05/28  06:00:00;29.416666666666668;29.591566012605593;62987786.26543432;0.0 
 05/28  07:00:00;29.0;29.488781768650636;54532383.97938302;0.0 
 05/28  08:00:00;29.0;29.506719809848693;53476159.155763716;0.0 
 05/28  09:00:00;29.991666666666664;29.57159390467906;67909884.67080957;0.0 
 05/28  10:00:00;31.458333333333332;29.73230870011192;82705772.24966893;0.0 
 05/28  11:00:00;33.75;29.993224309269454;114201380.53066608;0.0 
 05/28  12:00:00;36.516666666666666;30.334707041949994;170306350.16164914;0.0 
 05/28  13:00:00;38.65;30.70486793814879;200240896.2923559;0.0 
 05/28  14:00:00;40.449999999999996;31.076480759234;204947048.80997747;0.0 
 05/28  15:00:00;42.25;31.421219313406777;215400225.25240007;0.0 
 05/28  16:00:00;43.583333333333336;31.691506640024823;250337010.92292726;0.0 
 05/28  17:00:00;43.416666666666664;31.81393720856141;236154184.9371058;0.0 
 05/28  18:00:00;42.82500000000001;31.76594303299437;215227578.72425696;0.0 
 05/28  19:00:00;42.291666666666664;31.586626211904818;210568499.1381334;0.0 
 05/28  20:00:00;41.300000000000004;31.32863599597361;204780325.8448731;0.0 
 05/28  21:00:00;40.041666666666664;31.089624274177368;184953384.43275326;0.0 
 05/28  22:00:00;38.741666666666674;30.881497262069132;166308269.51205194;0.0 
 05/28  23:00:00;37.5;30.69760648049355;155568135.70289257;0.0 
 05/28  24:00:00;35.833333333333336;30.503418191114566;142056508.82871917;0.0 
 05/29  01:00:00;34.475;30.31246184718228;130308372.39086553;0.0 
 05/29  02:00:00;33.63333333333333;30.14224416340936;117500605.40182298;0.0 
 05/29  03:00:00;32.775;29.9804351610042;104446674.09425494;0.0 
 05/29  04:00:00;31.758333333333336;29.819087244963075;89690173.14457734;0.0 
 05/29  05:00:00;30.600000000000005;29.65591056821904;73481948.17186297;0.0 
 05/29  06:00:00;29.458333333333332;29.493394797314085;56838607.59346347;0.0 
 05/29  07:00:00;29.0;29.39457823095106;50029463.97219056;0.0 
 05/29  08:00:00;29.583333333333332;29.424710793644447;58215845.41009905;0.0 
 05/29  09:00:00;29.53333333333333;29.479457139977455;60821380.32570144;0.0 
 05/29  10:00:00;30.25;29.623297866857275;78598318.851598;0.0 
 05/29  11:00:00;32.75;29.891930256410102;121102317.69934788;0.0 
 05/29  12:00:00;34.583333333333336;30.233721175713967;151666906.2793269;0.0 
 05/29  13:00:00;35.99166666666667;30.601526238227226;171776140.57123193;0.0 
 05/29  14:00:00;37.63333333333333;30.981243619834284;195052460.9743031;0.0 
 05/29  15:00:00;39.291666666666664;31.331397320990693;216801338.29374826;0.0 
 05/29  16:00:00;40.0;31.592263087635647;223008335.64739537;0.0 
 05/29  17:00:00;40.583333333333336;31.732938632612232;234912925.98000044;0.0 
 05/29  18:00:00;40.708333333333336;31.728905726122036;242346000.19672292;0.0 
 05/29  19:00:00;39.625;31.54686483943567;208942506.40988752;0.0 
 05/29  20:00:00;37.95000000000001;31.25191102648257;180656155.00105038;0.0 
 05/29  21:00:00;36.208333333333336;30.97600099176743;173297848.58213663;0.0 
 05/29  22:00:00;34.625;30.738555811368755;151644625.2804663;0.0 
 05/29  23:00:00;34.0;30.53639376131595;152446524.80574802;0.0 
 05/29  24:00:00;34.0;30.36762958541667;141910960.84269083;0.0 
 05/30  01:00:00;33.59166666666667;30.209293988065337;135810162.2340113;0.0 
 05/30  02:00:00;32.95000000000001;30.047006661350213;131729284.75719851;0.0 
 05/30  03:00:00;32.291666666666664;29.887087888073292;121103428.80227996;0.0 
 05/30  04:00:00;31.53333333333333;29.728246460009956;107274436.37669094;0.0 
 05/30  05:00:00;30.675;29.57008608847359;91653717.3964585;0.0 
 05/30  06:00:00;29.833333333333332;29.416050313939085;6308130.27296178;0.0 
 05/30  07:00:00;29.675;29.327505876959293;4954671.974873424;0.0 
 05/30  08:00:00;29.916666666666668;29.359920936592186;4964535.9343859935;0.0 
 05/30  09:00:00;30.933333333333337;29.442762490529223;5146799.536485509;0.0 
 05/30  10:00:00;32.416666666666664;29.6268713517773;5619891.078788494;0.0 
 05/30  11:00:00;34.75;29.908842871022454;6410851.240344841;0.0 
 05/30  12:00:00;37.34166666666667;30.26073096077637;7468435.793004552;0.0 
 05/30  13:00:00;39.233333333333334;30.6340544853835;8662651.787147658;0.0 
 05/30  14:00:00;40.891666666666666;31.009724466579883;9893494.334174922;0.0 
 05/30  15:00:00;42.53333333333334;31.355546178248947;11016487.55088498;0.0 
 05/30  16:00:00;43.14166666666667;31.607289827365594;11828853.123609819;0.0 
 05/30  17:00:00;43.041666666666664;31.722358024259304;12178518.350509604;0.0 
 05/30  18:00:00;42.708333333333336;31.67606650805098;11958438.683813235;0.0 
 05/30  19:00:00;41.625;31.484077288930006;11266234.961954944;0.0 
 05/30  20:00:00;40.416666666666664;31.22719455614866;10382666.532250065;0.0 
 05/30  21:00:00;39.416666666666664;30.995570140186924;9574117.13595797;0.0 
 05/30  22:00:00;38.416666666666664;30.799563301002575;204085665.6459226;0.0 
 05/30  23:00:00;37.708333333333336;30.630292442268956;202664575.7086607;0.0 
 05/30  24:00:00;37.208333333333336;30.47956884903296;190755094.16089082;0.0 
 05/31  01:00:00;36.24166666666667;30.335212891438243;174347507.26356956;0.0 
 05/31  02:00:00;35.0;30.18478474786806;158387801.17235187;0.0 
 05/31  03:00:00;33.74166666666667;30.029784940890735;141378040.95234048;0.0 
 05/31  04:00:00;32.90833333333333;29.878406210937488;129253552.90445231;0.0 
 05/31  05:00:00;32.46666666666667;29.735773180758372;123741455.76666144;0.0 
 05/31  06:00:00;32.00833333333333;29.60284241727052;6558247.19792169;0.0 
 05/31  07:00:00;31.333333333333332;29.51996539944081;5356907.812805354;0.0 
 05/31  08:00:00;31.583333333333332;29.55600127358746;5383863.240227307;0.0 
 05/31  09:00:00;32.40833333333333;29.64379755388896;5586892.488753513;0.0 
 05/31  10:00:00;34.041666666666664;29.814363013746995;6037799.339820787;0.0 
 05/31  11:00:00;35.583333333333336;30.064126027107424;6753177.112625768;0.0 
 05/31  12:00:00;36.583333333333336;30.353936849328623;7654875.836317466;0.0 
 05/31  13:00:00;37.70000000000001;30.680858190565385;8712643.230633374;0.0 
 05/31  14:00:00;38.958333333333336;31.0253431752712;9844147.955561334;0.0 
 05/31  15:00:00;40.199999999999996;31.33610960901308;10864873.542636842;0.0 
 05/31  16:00:00;41.458333333333336;31.573763375963548;11628724.88317714;0.0 
 05/31  17:00:00;41.416666666666664;31.70062447184579;12017457.457616534;0.0 
 05/31  18:00:00;40.824999999999996;31.66915457703227;11876853.161502171;0.0 
 05/31  19:00:00;38.949999999999996;31.467184029314975;11191158.980759565;0.0 
 05/31  20:00:00;37.233333333333334;31.185661885176344;10248724.889838008;0.0 
 05/31  21:00:00;36.49166666666667;30.940023210276937;9392588.184203664;0.0 
 05/31  22:00:00;35.96666666666667;30.733146861649562;179172903.94593757;0.0 
 05/31  23:00:00;35.449999999999996;30.553575223885726;178958982.90288225;0.0 
 05/31  24:00:00;34.90833333333333;30.390303561030418;168733520.34641802;0.0 
 06/01  01:00:00;34.46666666666667;30.236507046262222;162662193.4091565;0.0 
 06/01  02:00:00;33.833333333333336;30.086961812255257;155365331.1723046;0.0 
 06/01  03:00:00;33.09166666666667;29.94131516429667;145503145.9470921;0.0 
 06/01  04:00:00;32.449999999999996;29.799187760872865;136438510.29576695;0.0 
 06/01  05:00:00;32.14166666666667;29.66532108605833;130976680.68605445;0.0 
 06/01  06:00:00;32.15833333333334;29.542271228507797;7186479.949372641;0.0 
 06/01  07:00:00;32.083333333333336;29.471722291666776;5256683.900862005;0.0 
 06/01  08:00:00;32.291666666666664;29.510792731149014;5271333.755741255;0.0 
 06/01  09:00:00;32.791666666666664;29.592995856663965;5466099.069094047;0.0 
 06/01  10:00:00;33.99166666666667;29.767347383054254;5931556.396135765;0.0 
 06/01  11:00:00;35.63333333333333;30.03634562811393;6706055.540589969;0.0 
 06/01  12:00:00;37.291666666666664;30.367152331044167;7726645.199298947;0.0 
 06/01  13:00:00;38.99166666666667;30.728528312788338;8892797.850290256;0.0 
 06/01  14:00:00;40.63333333333333;31.09654499342125;10108349.925482564;0.0 
 06/01  15:00:00;42.291666666666664;31.4394907991485;11247313.002295224;0.0 
 06/01  16:00:00;43.0;31.70406128219193;12119107.710812999;0.0 
 06/01  17:00:00;43.0;31.843208164295845;12551658.396152245;0.0 
 06/01  18:00:00;43.0;31.83788046973666;12458024.078309108;0.0 
 06/01  19:00:00;41.775000000000006;31.66418571609293;11816269.829107806;0.0 
 06/01  20:00:00;39.61666666666667;31.37624780133709;10841424.930534882;0.0 
 06/01  21:00:00;37.475;31.106947764191762;9923857.026517523;0.0 
 06/01  22:00:00;36.074999999999996;30.883717326886654;180957206.6450879;0.0 
 06/01  23:00:00;35.11666666666667;30.694211293522397;173604777.89656112;0.0 
 06/01  24:00:00;34.175000000000004;30.522284664665374;156667879.02344966;0.0 
 06/02  01:00:00;33.916666666666664;30.374453812207282;151615008.98978743;0.0 
 06/02  02:00:00;34.175000000000004;30.247449551006934;155602637.41350585;0.0 
 06/02  03:00:00;34.416666666666664;30.1305107090751;159724349.11991453;0.0 
 06/02  04:00:00;33.858333333333334;29.999757743660265;152204619.99525574;0.0 
 06/02  05:00:00;32.758333333333326;29.84826862969244;131215654.61589232;0.0 
 06/02  06:00:00;31.65833333333333;29.69271811313602;7226033.899427631;0.0 
 06/02  07:00:00;31.375;29.601962406846468;5536846.097966181;0.0 
 06/02  08:00:00;31.675;29.621275320012654;5521924.481650203;0.0 
 06/02  09:00:00;31.974999999999998;29.66929642107534;5642224.3370500505;0.0 
 06/02  10:00:00;33.09166666666667;29.802940433499554;5998548.95891865;0.0 
 06/02  11:00:00;34.791666666666664;30.020412876048795;6610733.042395641;0.0 
 06/02  12:00:00;36.49166666666667;30.29497356988665;7436507.005377233;0.0 
 06/02  13:00:00;38.19166666666667;30.604191335611617;8413914.08386829;0.0 
 06/02  14:00:00;39.891666666666666;30.92632349840284;9463962.00852719;0.0 
 06/02  15:00:00;41.59166666666667;31.233208772442936;10471319.407603791;0.0 
 06/02  16:00:00;42.358333333333334;31.476646929599056;11274110.536420802;0.0 
 06/02  17:00:00;42.516666666666666;31.614689559043963;11715007.416654726;0.0 
 06/02  18:00:00;42.65833333333333;31.621394474559263;11691843.138158903;0.0 
 06/02  19:00:00;41.88333333333333;31.471615424551274;11163176.716534043;0.0 
 06/02  20:00:00;40.483333333333334;31.227192978778177;10340362.009615848;0.0 
 06/02  21:00:00;39.083333333333336;30.99783028355924;9554444.596392192;0.0 
 06/02  22:00:00;38.15;30.80629397984286;217135509.8271848;0.0 
 06/02  23:00:00;37.550000000000004;30.643069489922407;215171648.39727497;0.0 
 06/02  24:00:00;36.949999999999996;30.492554325993922;204359334.9579094;0.0 
 06/03  01:00:00;36.175000000000004;30.33901161084117;187258913.45691743;0.0 
 06/03  02:00:00;35.275;30.18191511621814;161223177.02745193;0.0 
 06/03  03:00:00;34.375;30.03091771505298;138756830.45815814;0.0 
 06/03  04:00:00;33.59166666666667;29.888910960462226;122130698.94084291;0.0 
 06/03  05:00:00;32.833333333333336;29.74997626672803;108361953.01251714;0.0 
 06/03  06:00:00;32.09166666666667;29.616673778700065;5945184.172520379;0.0 
 06/03  07:00:00;31.333333333333332;29.525851341994876;5359863.564033147;0.0 
 06/03  08:00:00;31.525000000000002;29.52487123640023;5320579.070490738;0.0 
 06/03  09:00:00;32.36666666666667;29.600371631344373;5482144.196500621;0.0 
 06/03  10:00:00;33.75;29.767852674105626;5908263.19612845;0.0 
 06/03  11:00:00;35.49166666666667;30.02129449551674;6629996.42743329;0.0 
 06/03  12:00:00;37.25;30.347092103371196;7631547.195702581;0.0 
 06/03  13:00:00;38.99166666666667;30.712694681320283;8806144.277600916;0.0 
 06/03  14:00:00;40.63333333333333;31.07933007549426;10009950.5422274;0.0 
 06/03  15:00:00;42.291666666666664;31.40173011722118;11075520.124556007;0.0 
 06/03  16:00:00;43.116666666666674;31.631369340534985;11821553.320962101;0.0 
 06/03  17:00:00;43.25833333333333;31.74134511905713;12140459.684494365;0.0 
 06/03  18:00:00;43.416666666666664;31.730537864559313;259046256.66399202;0.0 
 06/03  19:00:00;42.50833333333333;31.576855071106166;261122615.41240054;0.0 
 06/03  20:00:00;40.866666666666674;31.31822683541515;240996095.5556224;0.0 
 06/03  21:00:00;39.208333333333336;31.075415310678057;218512176.31712168;0.0 
 06/03  22:00:00;37.916666666666664;30.869059043236803;201468276.0703248;0.0 
 06/03  23:00:00;36.916666666666664;30.69044882943923;190357675.9741319;0.0 
 06/03  24:00:00;35.916666666666664;30.52500099059199;177962595.51773188;0.0 
 06/04  01:00:00;35.266666666666666;30.372485239177035;167872476.5064621;0.0 
 06/04  02:00:00;34.80833333333333;30.23332438922921;157180640.40619117;0.0 
 06/04  03:00:00;34.36666666666667;30.09751388773006;146890654.2884132;0.0 
 06/04  04:00:00;33.55833333333334;29.956226672350855;132974779.99790984;0.0 
 06/04  05:00:00;32.516666666666666;29.8093092092309;117420115.84055391;0.0 
 06/04  06:00:00;31.458333333333332;29.663737688277024;100821154.06740962;0.0 
 06/04  07:00:00;31.700000000000006;29.588776763641928;106239794.87066816;0.0 
 06/04  08:00:00;32.84166666666667;29.645486134994652;128268910.54278757;0.0 
 06/04  09:00:00;34.0;29.746750278381516;150390688.26422602;0.0 
 06/04  10:00:00;35.78333333333333;29.949231449803097;166678001.05646536;0.0 
 06/04  11:00:00;38.041666666666664;30.255571752065;191547121.30852497;0.0 
 06/04  12:00:00;40.28333333333333;30.632060738196987;250952838.17957282;0.0 
 06/04  13:00:00;42.074999999999996;31.029469428834645;271371634.1063747;0.0 
 06/04  14:00:00;43.574999999999996;31.42170978006138;283564573.97097564;0.0 
 06/04  15:00:00;45.074999999999996;31.77876004896692;297979220.7839106;0.0 
 06/04  16:00:00;45.64166666666667;32.03559080507353;305459162.59708214;0.0 
 06/04  17:00:00;45.6;32.1670793329779;320988601.5758606;0.0 
 06/04  18:00:00;45.541666666666664;32.16407061169179;342479070.41720563;0.0 
 06/04  19:00:00;44.21666666666667;31.998968467205184;330600565.62646145;0.0 
 06/04  20:00:00;42.074999999999996;31.72548435266697;294560449.221299;0.0 
 06/04  21:00:00;39.916666666666664;31.461863538420705;257761681.5808189;0.0 
 06/04  22:00:00;38.88333333333333;31.2462123711513;238160650.4563648;0.0 
 06/04  23:00:00;38.741666666666674;31.076194836225934;221892688.8078695;0.0 
 06/04  24:00:00;38.583333333333336;30.924250722043144;207160803.44804987;0.0 
 06/05  01:00:00;37.68333333333333;30.764210284234196;194795832.31465268;0.0 
 06/05  02:00:00;36.225;30.593419200890356;184472518.72399014;0.0 
 06/05  03:00:00;34.78333333333333;30.425039235404473;166258532.70321918;0.0 
 06/05  04:00:00;33.5;30.26514905376483;143930247.91418394;0.0 
 06/05  05:00:00;32.300000000000004;30.108772288278946;129679495.75968798;0.0 
 06/05  06:00:00;31.099999999999998;29.943912189162784;8189910.137767347;0.0 
 06/05  07:00:00;30.891666666666666;29.834559387790303;6022535.7035338;0.0 
 06/05  08:00:00;31.333333333333332;29.84112275788067;5964648.521041801;0.0 
 06/05  09:00:00;31.791666666666668;29.878834417401233;6053845.367896202;0.0 
 06/05  10:00:00;32.99166666666667;30.003834224982032;6391738.873273259;0.0 
 06/05  11:00:00;34.75;30.22433332744914;7026091.026515487;0.0 
 06/05  12:00:00;36.49166666666667;30.516889743448775;7929039.3640151;0.0 
 06/05  13:00:00;37.608333333333334;30.8461863757987;9011430.580117233;0.0 
 06/05  14:00:00;38.25;31.175045271079526;10134067.795683162;0.0 
 06/05  15:00:00;38.90833333333333;31.469343301760347;11142614.57456162;0.0 
 06/05  16:00:00;39.608333333333334;31.691619813224225;11886503.406076338;0.0 
 06/05  17:00:00;40.25;31.809981735786348;12247831.694150362;0.0 
 06/05  18:00:00;40.90833333333333;31.796641530045292;12142095.000563217;0.0 
 06/05  19:00:00;40.675000000000004;31.631244939461595;11544506.00728437;0.0 
 06/05  20:00:00;39.775;31.363477696719084;10638361.799312478;0.0 
 06/05  21:00:00;38.875;31.115178843090035;9784612.452748561;0.0 
 06/05  22:00:00;38.208333333333336;30.907324253731904;215957090.16576993;0.0 
 06/05  23:00:00;37.708333333333336;30.727698259017583;218229598.25235525;0.0 
 06/05  24:00:00;37.208333333333336;30.56261543549328;204083650.55604923;0.0 
 06/06  01:00:00;36.125;30.393146465802914;179547608.9174584;0.0 
 06/06  02:00:00;34.625;30.21546645106672;159427934.53001925;0.0 
 06/06  03:00:00;33.125;30.041141961186806;136405174.22783196;0.0 
 06/06  04:00:00;32.15;29.880190830209003;118961405.15443124;0.0 
 06/06  05:00:00;31.608333333333334;29.733366303962374;104855994.1366653;0.0 
 06/06  06:00:00;31.05;29.589474614970737;6114175.524728916;0.0 
 06/06  07:00:00;31.208333333333332;29.510302974747976;5306580.586441501;0.0 
 06/06  08:00:00;31.849999999999998;29.553803208493786;5347827.408881183;0.0 
 06/06  09:00:00;32.50833333333333;29.632170331836196;5530571.235549371;0.0 
 06/06  10:00:00;33.73333333333333;29.80362851945971;5984705.9826348955;0.0 
 06/06  11:00:00;35.275;30.06895460036293;6747811.629096417;0.0 
 06/06  12:00:00;36.833333333333336;30.39517020782422;7757902.04853818;0.0 
 06/06  13:00:00;38.20000000000001;30.744060928131734;8897940.77268755;0.0 
 06/06  14:00:00;39.34166666666667;31.092223707353906;10057029.89165994;0.0 
 06/06  15:00:00;40.5;31.409003552712225;11102723.869725874;0.0 
 06/06  16:00:00;41.116666666666674;31.6415511231246;11859039.934675056;0.0 
 06/06  17:00:00;41.25833333333333;31.760318226668772;12216133.220213661;0.0 
 06/06  18:00:00;41.416666666666664;31.748881344110142;12116087.418051004;0.0 
 06/06  19:00:00;40.741666666666674;31.58402119646416;11522763.994036116;0.0 
 06/06  20:00:00;39.38333333333333;31.311805080038553;10604410.851615775;0.0 
 06/06  21:00:00;38.041666666666664;31.055782684262827;9724763.913581446;0.0 
 06/06  22:00:00;36.800000000000004;30.833555561147424;175880745.5476213;0.0 
 06/06  23:00:00;35.65833333333333;30.636248895530816;167612008.3824386;0.0 
 06/06  24:00:00;34.5;30.454571861873614;151048278.40225437;0.0 
 06/07  01:00:00;33.59166666666667;30.2863625696325;138361276.19575268;0.0 
 06/07  02:00:00;32.95000000000001;30.129835042205844;131058658.30627403;0.0 
 06/07  03:00:00;32.291666666666664;29.97598579213299;121668193.16046637;0.0 
 06/07  04:00:00;31.416666666666668;29.816125658336475;105783516.82507536;0.0 
 06/07  05:00:00;30.416666666666668;29.652738475256925;87573068.408465;0.0 
 06/07  06:00:00;29.416666666666668;29.49230350988904;6328436.122929358;0.0 
 06/07  07:00:00;29.349999999999998;29.40238268449166;5108823.9751500925;0.0 
 06/07  08:00:00;29.89166666666667;29.44249937687651;5130939.8560617445;0.0 
 06/07  09:00:00;30.45;29.518416005492412;5302363.77775415;0.0 
 06/07  10:00:00;32.275;29.699702567730373;5766850.850744355;0.0 
 06/07  11:00:00;34.916666666666664;29.992275969536774;6582172.777340665;0.0 
 06/07  12:00:00;37.57500000000001;30.360628840626244;7694839.997507992;0.0 
 06/07  13:00:00;39.80833333333334;30.759367883211414;8980699.360602517;0.0 
 06/07  14:00:00;41.766666666666666;31.161414703917558;10313612.400875183;0.0 
 06/07  15:00:00;43.708333333333336;31.53549593392222;11549282.103656352;0.0 
 06/07  16:00:00;43.68333333333334;31.803039870895958;12447809.695470233;0.0 
 06/07  17:00:00;42.34166666666667;31.925115656755708;12852859.258564226;0.0 
 06/07  18:00:00;40.983333333333334;31.895694302036233;12715450.824698467;0.0 
 06/07  19:00:00;40.050000000000004;31.714920714369097;12051726.097721653;0.0 
 06/07  20:00:00;39.391666666666666;31.44293997305898;11079896.765304396;0.0 
 06/07  21:00:00;38.75;31.19025902103748;10155715.627718758;0.0 
 06/07  22:00:00;37.625;30.963291100908908;160407445.37844095;0.0 
 06/07  23:00:00;36.125;30.749651099058497;149099255.7389491;0.0 
 06/07  24:00:00;34.625;30.549063733217665;124790785.39294712;0.0 
 06/08  01:00:00;33.53333333333333;30.363113974117294;101263983.91063985;0.0 
 06/08  02:00:00;32.791666666666664;30.191215983132007;91754842.36158767;0.0 
 06/08  03:00:00;32.09166666666667;30.02592898741133;92468692.89474009;0.0 
 06/08  04:00:00;31.333333333333332;29.863853668601877;95746685.8859509;0.0 
 06/08  05:00:00;30.53333333333333;29.703798763542935;84100734.07075506;0.0 
 06/08  06:00:00;29.791666666666668;29.546833575689828;6134889.986951365;0.0 
 06/08  07:00:00;29.849999999999998;29.45875079688615;5212829.915342585;0.0 
 06/08  08:00:00;30.508333333333336;29.498880864320565;5238452.9509656;0.0 
 06/08  09:00:00;31.150000000000002;29.572930034152602;5406408.09096122;0.0 
 06/08  10:00:00;32.800000000000004;29.74606970384342;5854077.269443576;0.0 
 06/08  11:00:00;35.141666666666666;30.026602997550608;6639807.30833834;0.0 
 06/08  12:00:00;37.5;30.379765830925265;7713228.106034597;0.0 
 06/08  13:00:00;39.49166666666667;30.770770470141812;8974468.462811306;0.0 
 06/08  14:00:00;41.13333333333333;31.159418829182552;10274151.603802226;0.0 
 06/08  15:00:00;42.791666666666664;31.52223031737653;11479911.982447157;0.0 
 06/08  16:00:00;43.61666666666667;31.796002237306638;12385791.965607174;0.0 
 06/08  17:00:00;43.758333333333326;31.946350205887608;12853032.878970508;0.0 
 06/08  18:00:00;43.916666666666664;31.955807570282783;12811418.562810011;0.0 
 06/08  19:00:00;42.65833333333334;31.79354574333909;12214318.545269843;0.0 
 06/08  20:00:00;40.300000000000004;31.50814414758075;11244176.17882052;0.0 
 06/08  21:00:00;37.958333333333336;31.233547764986465;10295548.47556998;0.0 
 06/08  22:00:00;36.53333333333333;31.00442007320987;171754564.40663156;0.0 
 06/08  23:00:00;35.675000000000004;30.813972428103764;179946771.48078647;0.0 
 06/08  24:00:00;34.833333333333336;30.64343950749817;143825661.3175065;0.0 
 06/09  01:00:00;34.675000000000004;30.49356359487996;140017885.24205;0.0 
 06/09  02:00:00;34.975;30.358295691579958;163323175.65366697;0.0 
 06/09  03:00:00;35.275;30.228803761003235;174479630.17806557;0.0 
 06/09  04:00:00;34.583333333333336;30.086502419162056;162071753.61436215;0.0 
 06/09  05:00:00;33.24166666666667;29.924807158137266;138262166.50770953;0.0 
 06/09  06:00:00;31.883333333333336;29.760244547165495;7117154.157430517;0.0 
 06/09  07:00:00;31.53333333333333;29.661848008779646;5646561.181578417;0.0 
 06/09  08:00:00;31.933333333333334;29.681722200401538;5633067.518369352;0.0 
 06/09  09:00:00;32.333333333333336;29.74196316400442;5777157.9488809295;0.0 
 06/09  10:00:00;33.60833333333334;29.897371340756347;6194132.548560661;0.0 
 06/09  11:00:00;35.50833333333333;30.155643444708375;6934713.827256251;0.0 
 06/09  12:00:00;37.40833333333333;30.483533078472675;7946773.95405742;0.0 
 06/09  13:00:00;39.13333333333333;30.848162936708075;9134158.564302213;0.0 
 06/09  14:00:00;40.733333333333334;31.218584865664905;10373503.46847137;0.0 
 06/09  15:00:00;42.333333333333336;31.562412903925104;11525212.304348018;0.0 
 06/09  16:00:00;43.0;31.823896439644585;12399678.633707691;0.0 
 06/09  17:00:00;43.0;31.96525299494481;12848942.93222196;0.0 
 06/09  18:00:00;43.0;31.96644995142376;12792973.425063152;0.0 
 06/09  19:00:00;41.95000000000001;31.800964071394997;12190570.600996593;0.0 
 06/09  20:00:00;40.208333333333336;31.52084426996521;11229826.544749329;0.0 
 06/09  21:00:00;38.449999999999996;31.25353089978743;10295066.410129871;0.0 
 06/09  22:00:00;37.175000000000004;31.022617988149587;181617175.97764206;0.0 
 06/09  23:00:00;36.275;30.824300517223303;174146307.2288601;0.0 
 06/09  24:00:00;35.375;30.642293183596994;159129593.3366072;0.0 
 06/10  01:00:00;34.59166666666667;30.472173538608896;151682908.83684233;0.0 
 06/10  02:00:00;33.949999999999996;30.31427241868391;150953776.40164122;0.0 
 06/10  03:00:00;33.291666666666664;30.158779949545508;140539735.80431795;0.0 
 06/10  04:00:00;32.53333333333333;29.999998396530653;131249313.25443399;0.0 
 06/10  05:00:00;31.675;29.838823199193445;111696498.57468057;0.0 
 06/10  06:00:00;30.833333333333332;29.679466792431185;7209543.793469315;0.0 
 06/10  07:00:00;30.791666666666668;29.59287240089945;5502819.849723678;0.0 
 06/10  08:00:00;31.291666666666668;29.638681521065504;5531853.133983295;0.0 
 06/10  09:00:00;31.791666666666668;29.71346869588882;5705628.54242085;0.0 
 06/10  10:00:00;33.166666666666664;29.880011069111774;6146667.304221685;0.0 
 06/10  11:00:00;35.166666666666664;30.146471187589455;6909031.327475539;0.0 
 06/10  12:00:00;37.166666666666664;30.483979830668034;7952058.675180454;0.0 
 06/10  13:00:00;39.108333333333334;30.86565365336547;9191786.13036175;0.0 
 06/10  14:00:00;40.949999999999996;31.2598182210991;10503273.516006326;0.0 
 06/10  15:00:00;42.80833333333334;31.624568098268785;11724534.322769327;0.0 
 06/10  16:00:00;43.6;31.90687309968031;12665478.252155706;0.0 
 06/10  17:00:00;43.541666666666664;32.0616740834982;13154573.78732339;0.0 
 06/10  18:00:00;43.5;32.06666017929638;257799522.60259655;0.0 
 06/10  19:00:00;42.916666666666664;31.906168306805952;256927424.06545806;0.0 
 06/10  20:00:00;41.916666666666664;31.634823634557304;243672222.42460173;0.0 
 06/10  21:00:00;40.916666666666664;31.378456533087164;229787176.50901416;0.0 
 06/10  22:00:00;40.03333333333333;31.15721784135143;244545232.62640882;0.0 
 06/10  23:00:00;39.175000000000004;30.960374185691094;244071677.08966318;0.0 
 06/10  24:00:00;38.333333333333336;30.781354612200776;212706690.98076493;0.0 
 06/11  01:00:00;37.00833333333333;30.603219684540008;202546502.82595527;0.0 
 06/11  02:00:00;35.36666666666667;30.421076495225268;176540136.61473408;0.0 
 06/11  03:00:00;33.708333333333336;30.239955327222106;147251702.46665436;0.0 
 06/11  04:00:00;32.53333333333333;30.065223330048017;126210264.01064184;0.0 
 06/11  05:00:00;31.675;29.89990623746348;111501022.65070602;0.0 
 06/11  06:00:00;30.833333333333332;29.738438106320288;99503541.71653616;0.0 
 06/11  07:00:00;30.616666666666664;29.64611497001881;89954747.55886543;0.0 
 06/11  08:00:00;30.758333333333336;29.679179439781482;84367033.19723967;0.0 
 06/11  09:00:00;30.916666666666668;29.735493872430908;90220514.83728203;0.0 
 06/11  10:00:00;31.991666666666664;29.8759557249741;108916202.6371949;0.0 
 06/11  11:00:00;33.63333333333333;30.108769825606046;128861108.18463463;0.0 
 06/11  12:00:00;35.291666666666664;30.408221639919713;145978593.44380122;0.0 
 06/11  13:00:00;36.81666666666667;30.744144669958406;169902416.9921565;0.0 
 06/11  14:00:00;38.21666666666667;31.0864704527656;201099113.20809203;0.0 
 06/11  15:00:00;39.616666666666674;31.410744518724503;233866567.66553903;0.0 
 06/11  16:00:00;40.14166666666667;31.655869157475653;252167776.51244372;0.0 
 06/11  17:00:00;40.1;31.783730668093778;259150921.81363994;0.0 
 06/11  18:00:00;40.041666666666664;31.7678585421947;261927528.24066076;0.0 
 06/11  19:00:00;39.300000000000004;31.58896279480477;248699475.50886303;0.0 
 06/11  20:00:00;38.041666666666664;31.30273723998238;226319434.36648154;0.0 
 06/11  21:00:00;36.800000000000004;31.036857073763993;204101885.86193728;0.0 
 06/11  22:00:00;36.125;30.820914504649224;191617259.09420684;0.0 
 06/11  23:00:00;35.766666666666666;30.640802209656695;184671663.62613937;0.0 
 06/11  24:00:00;35.425000000000004;30.47573320084876;178113833.84546825;0.0 
 06/12  01:00:00;34.71666666666667;30.313522987510584;165259686.359325;0.0 
 06/12  02:00:00;33.775;30.148206037782426;148398960.22590655;0.0 
 06/12  03:00:00;32.81666666666667;29.983824210477696;139327381.54008982;0.0 
 06/12  04:00:00;31.933333333333334;29.825716703524336;119319308.61058538;0.0 
 06/12  05:00:00;31.133333333333336;29.669831605714705;97463248.19391872;0.0 
 06/12  06:00:00;30.333333333333332;29.514646579373743;5711127.646814961;0.0 
 06/12  07:00:00;30.058333333333337;29.42681898771636;5136825.412644777;0.0 
 06/12  08:00:00;30.21666666666667;29.457289326251043;5155296.126865775;0.0 
 06/12  09:00:00;30.358333333333334;29.52215294742344;5305911.4671530705;0.0 
 06/12  10:00:00;31.21666666666667;29.672994497493892;5704558.871627249;0.0 
 06/12  11:00:00;32.61666666666667;29.91970126587125;6406477.267208696;0.0 
 06/12  12:00:00;34.01666666666667;30.230766185441624;7362060.240538255;0.0 
 06/12  13:00:00;35.475;30.57895898889724;8484484.371820617;0.0 
 06/12  14:00:00;36.916666666666664;30.93399085984507;9652813.7147518;0.0 
 06/12  15:00:00;38.375;31.25732280630849;10716133.460223602;0.0 
 06/12  16:00:00;39.11666666666667;31.49911243668912;11501374.656231817;0.0 
 06/12  17:00:00;39.25833333333333;31.622534587468504;11877203.361128757;0.0 
 06/12  18:00:00;39.416666666666664;31.612324801840227;11785002.762639435;0.0 
 06/12  19:00:00;38.916666666666664;31.448433549725966;11198708.747673417;0.0 
 06/12  20:00:00;37.916666666666664;31.182167378254533;10294415.399591586;0.0 
 06/12  21:00:00;36.916666666666664;30.92873849698357;9416452.864128888;0.0 
 06/12  22:00:00;36.09166666666667;30.713282853326046;180819217.73811024;0.0 
 06/12  23:00:00;35.449999999999996;30.522588531636146;179188783.62228298;0.0 
 06/12  24:00:00;34.791666666666664;30.34255701184225;167071947.10542437;0.0 
 06/13  01:00:00;33.800000000000004;30.1643143240983;149225786.54189965;0.0 
 06/13  02:00:00;32.65833333333333;29.986650714578435;128816342.24922;0.0 
 06/13  03:00:00;31.5;29.81324340945095;112861019.33834243;0.0 
 06/13  04:00:00;30.708333333333332;29.64808924475724;103787047.67551294;0.0 
 06/13  05:00:00;30.208333333333332;29.498035532051862;97884471.30646284;0.0 
 06/13  06:00:00;29.708333333333332;29.361765858093218;6918539.940311684;0.0 
 06/13  07:00:00;29.733333333333334;29.2793775320721;4870028.948131196;0.0 
 06/13  08:00:00;30.13333333333333;29.26322577782169;4763997.131074676;0.0 
 06/13  09:00:00;30.53333333333333;29.279554231825955;4801548.052699325;0.0 
 06/13  10:00:00;31.75;29.36401389534373;5001377.8266920885;0.0 
 06/13  11:00:00;33.49166666666667;29.53535189341396;5423589.693308415;0.0 
 06/13  12:00:00;35.25;29.791328933633153;6126265.940455217;0.0 
 06/13  13:00:00;36.70000000000001;30.12026221217468;7129497.606643689;0.0 
 06/13  14:00:00;37.84166666666667;30.479516900135366;8295470.616418874;0.0 
 06/13  15:00:00;39.0;30.81239058795912;9393409.58333769;0.0 
 06/13  16:00:00;39.5;31.056377809407177;10201350.76853454;0.0 
 06/13  17:00:00;39.44166666666667;31.166765896028092;10560895.178565351;0.0 
 06/13  18:00:00;39.400000000000006;31.142080499090895;10449922.073228313;0.0 
 06/13  19:00:00;38.758333333333326;30.98462368319618;9913146.91996789;0.0 
 06/13  20:00:00;37.71666666666667;30.745075453529168;9128281.253548425;0.0 
 06/13  21:00:00;36.65833333333333;30.51878460965804;8377626.131431745;0.0 
 06/13  22:00:00;35.5;30.324540997697454;175722133.15960464;0.0 
 06/13  23:00:00;34.300000000000004;30.14666956285822;164694730.26982987;0.0 
 06/13  24:00:00;33.1;29.969517098252894;140704217.66384473;0.0 
 06/14  01:00:00;32.19166666666667;29.796578743572585;121123475.28338347;0.0 
 06/14  02:00:00;31.491666666666664;29.632502506509777;107306582.31951122;0.0 
 06/14  03:00:00;30.791666666666668;29.47605629002727;94216979.21260244;0.0 
 06/14  04:00:00;30.09166666666667;29.324647049847712;81236139.42984408;0.0 
 06/14  05:00:00;29.45;29.17825158200678;69317113.43593012;0.0 
 06/14  06:00:00;28.791666666666668;29.03585091553317;5584449.799618009;0.0 
 06/14  07:00:00;28.208333333333332;28.952584983085202;4233997.492848238;0.0 
 06/14  08:00:00;28.46666666666667;28.98734315056896;4232277.484100901;0.0 
 06/14  09:00:00;29.208333333333332;29.06723145412389;4394096.912851621;0.0 
 06/14  10:00:00;30.55;29.236988514671037;4806012.003766438;0.0 
 06/14  11:00:00;32.40833333333333;29.503974764972885;5526067.667142134;0.0 
 06/14  12:00:00;34.25;29.839438407663724;6514997.290143683;0.0 
 06/14  13:00:00;36.108333333333334;30.214034561048024;7684513.731327299;0.0 
 06/14  14:00:00;38.00833333333333;30.597887257476458;8913909.562197149;0.0 
 06/14  15:00:00;39.90833333333333;30.95358712588993;10053870.525518017;0.0 
 06/14  16:00:00;40.583333333333336;31.221618791240687;10911769.171665251;0.0 
 06/14  17:00:00;40.44166666666667;31.364611699771384;11346034.472559672;0.0 
 06/14  18:00:00;40.28333333333333;31.365225520367844;11286835.03063453;0.0 
 06/14  19:00:00;39.324999999999996;31.20051808421336;10700728.891174173;0.0 
 06/14  20:00:00;37.824999999999996;30.935725012208525;9806201.62801827;0.0 
 06/14  21:00:00;36.324999999999996;30.68658948629663;8950912.459565554;0.0 
 06/14  22:00:00;35.35;30.479657572253064;168715005.91593874;0.0 
 06/14  23:00:00;34.69166666666667;30.30594006068768;165610759.17298928;0.0 
 06/14  24:00:00;34.050000000000004;30.14806510394655;151492887.60643312;0.0 
 06/15  01:00:00;33.333333333333336;30.000300140815707;135884403.7439192;0.0 
 06/15  02:00:00;32.53333333333333;29.85579278443386;125277041.63602754;0.0 
 06/15  03:00:00;31.733333333333334;29.710070144409258;111406895.69175364;0.0 
 06/15  04:00:00;30.991666666666664;29.56034654275336;97784387.9692399;0.0 
 06/15  05:00:00;30.349999999999998;29.410182334709006;85910834.75053933;0.0 
 06/15  06:00:00;29.691666666666666;29.264801213544796;6045084.843193423;0.0 
 06/15  07:00:00;29.575;29.186388656188488;4703443.644916485;0.0 
 06/15  08:00:00;29.875;29.233056041429094;4731374.6484936355;0.0 
 06/15  09:00:00;30.816666666666666;29.316260773041137;4910933.635841378;0.0 
 06/15  10:00:00;32.391666666666666;29.49417890441983;5358419.056313456;0.0 
 06/15  11:00:00;34.03333333333333;29.76401758418289;6111629.6649088925;0.0 
 06/15  12:00:00;35.69166666666667;30.104861296899546;7141415.620715894;0.0 
 06/15  13:00:00;37.975;30.49644674005101;8377522.10760636;0.0 
 06/15  14:00:00;40.675000000000004;30.909591868430443;9706591.032294108;0.0 
 06/15  15:00:00;43.375;31.299712771026687;10969394.276952058;0.0 
 06/15  16:00:00;44.32500000000001;31.602139921349192;11953800.174772575;0.0 
 06/15  17:00:00;43.96666666666667;31.763670417044708;12463686.870107375;0.0 
 06/15  18:00:00;43.625;31.774159035965354;12429696.756531538;0.0 
 06/15  19:00:00;42.45000000000001;31.61773711427767;11842795.326619621;0.0 
 06/15  20:00:00;40.59166666666667;31.348672743510473;10906032.292950477;0.0 
 06/15  21:00:00;38.75;31.085104871390598;9978837.959314639;0.0 
 06/15  22:00:00;37.708333333333336;30.86622280826727;189677816.19858396;0.0 
 06/15  23:00:00;37.208333333333336;30.685592888528074;185851641.5692479;0.0 
 06/15  24:00:00;36.708333333333336;30.525009720493614;174455361.35131767;0.0 
 06/16  01:00:00;36.03333333333333;30.369059354589098;166377824.51369938;0.0 
 06/16  02:00:00;35.175000000000004;30.216372341060932;162132730.6549894;0.0 
 06/16  03:00:00;34.333333333333336;30.068766777085113;155737787.2756942;0.0 
 06/16  04:00:00;33.416666666666664;29.92087698542488;141424313.49183756;0.0 
 06/16  05:00:00;32.475;29.772532056048494;124524181.0358619;0.0 
 06/16  06:00:00;31.516666666666666;29.62382341175019;6797132.251135055;0.0 
 06/16  07:00:00;31.275000000000002;29.533830308769904;5391362.367477181;0.0 
 06/16  08:00:00;31.575;29.567424347807915;5402200.616067392;0.0 
 06/16  09:00:00;31.875;29.633733904842927;5556236.06965278;0.0 
 06/16  10:00:00;32.699999999999996;29.788256766280934;5970165.585774703;0.0 
 06/16  11:00:00;33.84166666666667;30.032290738486225;6678797.7667466365;0.0 
 06/16  12:00:00;35.0;30.3341681748999;7620068.531746397;0.0 
 06/16  13:00:00;36.375;30.66900911222903;8705429.30630143;0.0 
 06/16  14:00:00;37.875;31.01271801922341;9835060.251055999;0.0 
 06/16  15:00:00;39.375;31.331956550194167;10884114.909872843;0.0 
 06/16  16:00:00;39.94166666666667;31.574907930612074;11678681.25438817;0.0 
 06/16  17:00:00;39.9;31.69554243553748;12045240.658868987;0.0 
 06/16  18:00:00;39.84166666666667;31.665864322944344;11881771.488348993;0.0 
 06/16  19:00:00;39.15833333333333;31.47049408813949;11182039.665488027;0.0 
 06/16  20:00:00;38.05833333333334;31.1796712455797;10197182.01948168;0.0 
 06/16  21:00:00;36.958333333333336;30.910056201514532;9285941.593963997;0.0 
 06/16  22:00:00;36.09166666666667;30.684926065641054;181272480.70538273;0.0 
 06/16  23:00:00;35.449999999999996;30.492792124880996;179247423.0070137;0.0 
 06/16  24:00:00;34.791666666666664;30.32012542993694;167187636.30686563;0.0 
 06/17  01:00:00;33.916666666666664;30.157140475202855;152262543.94225848;0.0 
 06/17  02:00:00;32.858333333333334;29.99660662387051;135712144.62363756;0.0 
 06/17  03:00:00;31.816666666666666;29.83653172778175;117865041.87784407;0.0 
 06/17  04:00:00;30.75833333333333;29.677178302330628;100434508.76717304;0.0 
 06/17  05:00:00;29.65833333333333;29.51616304407754;80568585.80003981;0.0 
 06/17  06:00:00;28.616666666666664;29.35402846527336;6692228.433451752;0.0 
 06/17  07:00:00;28.083333333333332;29.255717657083853;4839917.867839312;0.0 
 06/17  08:00:00;28.0;29.27328897501214;4794257.288682347;0.0 
 06/17  09:00:00;29.166666666666668;29.336994231300412;4921351.372142527;0.0 
 06/17  10:00:00;30.875;29.48614094010344;5280481.282473957;0.0 
 06/17  11:00:00;32.375;29.71126941626593;5891403.628123373;0.0 
 06/17  12:00:00;33.875;30.004755007687255;6760544.334866257;0.0 
 06/17  13:00:00;35.31666666666667;30.34376610290043;7828605.654443896;0.0 
 06/17  14:00:00;36.775;30.697572085819356;8979438.37014939;0.0 
 06/17  15:00:00;38.21666666666667;31.027214161213596;10059569.400464302;0.0 
 06/17  16:00:00;38.858333333333334;31.280579740668;10889516.502024159;0.0 
 06/17  17:00:00;38.9;31.416376854989256;11314851.874502042;0.0 
 06/17  18:00:00;38.958333333333336;31.411684735769484;223676624.94878167;0.0 
 06/17  19:00:00;38.475;31.245812083353915;229158427.94037473;0.0 
 06/17  20:00:00;37.574999999999996;30.980187408713732;217452286.3887747;0.0 
 06/17  21:00:00;36.675000000000004;30.73128148331575;201148029.28120154;0.0 
 06/17  22:00:00;35.775;30.520374374532665;184807185.48127338;0.0 
 06/17  23:00:00;34.93333333333333;30.33762594105073;169555026.2223313;0.0 
 06/17  24:00:00;34.074999999999996;30.1686977103103;155781726.5078076;0.0 
 06/18  01:00:00;33.35;30.008318065800797;145696702.65180424;0.0 
 06/18  02:00:00;32.80833333333333;29.855547765658912;135427739.71112105;0.0 
 06/18  03:00:00;32.25;29.707644105449774;124869545.04845944;0.0 
 06/18  04:00:00;31.241666666666664;29.556283771132822;108565959.71625926;0.0 
 06/18  05:00:00;29.883333333333336;29.3983341031952;87355706.13727017;0.0 
 06/18  06:00:00;28.541666666666668;29.237369604336163;62837499.573652565;0.0 
 06/18  07:00:00;27.708333333333332;29.136193743849592;46023313.806692496;0.0 
 06/18  08:00:00;27.208333333333332;29.156215888719185;35171016.57486379;0.0 
 06/18  09:00:00;28.05;29.225127780896003;54212535.18993035;0.0 
 06/18  10:00:00;29.90833333333333;29.39687188053212;83567733.86289054;0.0 
 06/18  11:00:00;31.866666666666664;29.66098857743923;116402662.19765303;0.0 
 06/18  12:00:00;33.80833333333334;29.9966919568607;168608423.16501728;0.0 
 06/18  13:00:00;35.65;30.3741288668614;198926585.13926303;0.0 
 06/18  14:00:00;37.449999999999996;30.759331463474922;218411533.86500996;0.0 
 06/18  15:00:00;39.25;31.114906557095527;244168739.1411668;0.0 
 06/18  16:00:00;40.116666666666674;31.386215746468196;265028639.09442016;0.0 
 06/18  17:00:00;40.25833333333333;31.53392045012637;270847007.50383556;0.0 
 06/18  18:00:00;40.416666666666664;31.515468895220213;268564968.83618677;0.0 
 06/18  19:00:00;39.625;31.328530261679006;227523082.9585856;0.0 
 06/18  20:00:00;38.125;31.08280788817176;202891644.94631845;0.0 
 06/18  21:00:00;36.625;30.848249025138696;190956003.2674117;0.0 
 06/18  22:00:00;35.708333333333336;30.64612208378817;184430701.58602542;0.0 
 06/18  23:00:00;35.208333333333336;30.469402546505894;195409279.32547736;0.0 
 06/18  24:00:00;34.708333333333336;30.304340524480157;184095133.777034;0.0 
 06/19  01:00:00;34.09166666666667;30.14865896077205;172654213.1789175;0.0 
 06/19  02:00:00;33.449999999999996;30.000693040644148;166826390.41791576;0.0 
 06/19  03:00:00;32.791666666666664;29.852750951865303;159359585.3551895;0.0 
 06/19  04:00:00;32.03333333333333;29.701132631037762;143816333.26471156;0.0 
 06/19  05:00:00;31.175;29.546889648247642;120220403.36489356;0.0 
 06/19  06:00:00;30.333333333333332;29.393097451176942;6973994.063371047;0.0 
 06/19  07:00:00;30.175;29.301575008953947;4956887.016802857;0.0 
 06/19  08:00:00;30.416666666666668;29.32816778585966;4922951.0800866;0.0 
 06/19  09:00:00;30.675;29.38914015738514;5058401.784587;0.0 
 06/19  10:00:00;31.733333333333334;29.543655402144342;5449929.496665183;0.0 
 06/19  11:00:00;33.275;29.781321361803915;6107496.3144263625;0.0 
 06/19  12:00:00;34.833333333333336;30.059999675556938;6944066.035206299;0.0 
 06/19  13:00:00;36.25833333333333;30.3363672889927;7814376.649236105;0.0 
 06/19  14:00:00;37.5;30.58635136074194;8602079.26655018;0.0 
 06/19  15:00:00;38.75833333333333;30.807860266795174;9272000.322214996;0.0 
 06/19  16:00:00;39.53333333333333;30.980327090973798;9786111.41637791;0.0 
 06/19  17:00:00;39.875;31.087231302843904;10105733.488872929;0.0 
 06/19  18:00:00;40.233333333333334;31.100635975559033;10136798.311733374;0.0 
 06/19  19:00:00;39.46666666666667;30.98026459860759;9758913.122517778;0.0 
 06/19  20:00:00;37.866666666666674;30.76451675846584;9085301.279203853;0.0 
 06/19  21:00:00;36.26666666666667;30.554059944795014;8405658.001131823;0.0 
 06/19  22:00:00;35.65833333333333;30.381872374640547;188484606.91881916;0.0 
 06/19  23:00:00;35.81666666666667;30.248342439173115;198944516.98385057;0.0 
 06/19  24:00:00;35.958333333333336;30.131137922475148;192064700.41586453;0.0 
 06/20  01:00:00;35.24166666666667;30.00642875641353;177496219.87405512;0.0 
 06/20  02:00:00;33.88333333333333;29.866888978832133;160422039.5525602;0.0 
 06/20  03:00:00;32.541666666666664;29.72489482854966;141718327.49187404;0.0 
 06/20  04:00:00;31.708333333333332;29.59286974739146;130762247.73236017;0.0 
 06/20  05:00:00;31.266666666666666;29.470622464706604;123110289.50985634;0.0 
 06/20  06:00:00;30.808333333333334;29.349584186414443;6966594.380393218;0.0 
 06/20  07:00:00;30.95;29.28975185107249;4932570.093676674;0.0 
 06/20  08:00:00;31.55;29.34972647884041;4963195.159027803;0.0 
 06/20  09:00:00;32.15;29.438943539237286;5164134.799367651;0.0 
 06/20  10:00:00;33.333333333333336;29.609122011105693;5605967.36233888;0.0 
 06/20  11:00:00;34.93333333333333;29.868587034638708;6336874.8735394385;0.0 
 06/20  12:00:00;36.53333333333333;30.19298197389527;7323280.028347889;0.0 
 06/20  13:00:00;38.074999999999996;30.55652133913456;8485994.831062667;0.0 
 06/20  14:00:00;39.63333333333333;30.929697878651968;9708078.442221712;0.0 
 06/20  15:00:00;41.175000000000004;31.276885028573407;10846992.56030014;0.0 
 06/20  16:00:00;41.858333333333334;31.544189078131822;11717834.033505574;0.0 
 06/20  17:00:00;41.900000000000006;31.69270402457114;12174475.317076683;0.0 
 06/20  18:00:00;41.958333333333336;31.703088572131865;12140973.52246989;0.0 
 06/20  19:00:00;41.35833333333334;31.55710569282121;11593143.296888188;0.0 
 06/20  20:00:00;40.258333333333326;31.3126313292731;10729316.883082349;0.0 
 06/20  21:00:00;39.15833333333333;31.075373929732535;9878131.92468432;0.0 
 06/20  22:00:00;38.291666666666664;30.870043460763952;217428630.19814163;0.0 
 06/20  23:00:00;37.53333333333333;30.691591389002237;215440869.78637087;0.0 
 06/20  24:00:00;36.791666666666664;30.527364159713816;201182955.63346562;0.0 
 06/21  01:00:00;35.916666666666664;30.37525650813323;180539099.8758814;0.0 
 06/21  02:00:00;34.85833333333334;30.222161828785925;158952164.7705289;0.0 
 06/21  03:00:00;33.81666666666667;30.064210627967583;137203577.28870848;0.0 
 06/21  04:00:00;32.93333333333333;29.90763248478748;121526547.34588602;0.0 
 06/21  05:00:00;32.13333333333334;29.75315639066075;107730203.97965056;0.0 
 06/21  06:00:00;31.333333333333332;29.60194831992021;6156714.561249266;0.0 
 06/21  07:00:00;31.116666666666664;29.51521159232625;5345744.003139471;0.0 
 06/21  08:00:00;31.316666666666666;29.553181452889913;5373208.857226218;0.0 
 06/21  09:00:00;31.516666666666666;29.62023497228678;5531528.115286703;0.0 
 06/21  10:00:00;32.88333333333333;29.783121987704007;5961126.564360743;0.0 
 06/21  11:00:00;35.083333333333336;30.051674195730286;6721230.034330019;0.0 
 06/21  12:00:00;37.28333333333333;30.394771506830022;7768985.921214095;0.0 
 06/21  13:00:00;39.30833333333334;30.78054697323756;9012694.715141367;0.0 
 06/21  14:00:00;41.266666666666666;31.17519137249505;10318266.159407072;0.0 
 06/21  15:00:00;43.208333333333336;31.541284331866095;11530092.058759702;0.0 
 06/21  16:00:00;44.0;31.819450828792423;12448859.56720889;0.0 
 06/21  17:00:00;44.0;31.97340353154246;12931174.568112195;0.0 
 06/21  18:00:00;44.0;31.986015113237528;12905051.263587452;0.0 
 06/21  19:00:00;42.71666666666667;31.822384089386116;12308624.695073133;0.0 
 06/21  20:00:00;40.574999999999996;31.53424867295024;11326068.358637363;0.0 
 06/21  21:00:00;38.416666666666664;31.252234803846246;10350584.008402465;0.0 
 06/21  22:00:00;36.625;31.00688222529384;142076892.40549716;0.0 
 06/21  23:00:00;35.125;30.790165343987553;126706789.45380616;0.0 
 06/21  24:00:00;33.625;30.58953059088086;102795296.46659113;0.0 
 06/22  01:00:00;32.94166666666667;30.4096062285992;93945566.37137944;0.0 
 06/22  02:00:00;32.9;30.250225171200725;104517078.38844445;0.0 
 06/22  03:00:00;32.84166666666667;30.098239128599854;131318215.43608017;0.0 
 06/22  04:00:00;32.15833333333333;29.939851007195553;119639258.96140802;0.0 
 06/22  05:00:00;31.116666666666664;29.773439749272125;104590834.99702902;0.0 
 06/22  06:00:00;30.058333333333334;29.60670297226784;7264413.240368442;0.0 
 06/22  07:00:00;29.65833333333333;29.506353818256354;5335465.631651948;0.0 
 06/22  08:00:00;29.816666666666666;29.538060808486478;5324890.890290341;0.0 
 06/22  09:00:00;29.958333333333332;29.60150187507739;5469122.921609838;0.0 
 06/22  10:00:00;31.166666666666668;29.763141311499027;5889792.334850886;0.0 
 06/22  11:00:00;33.225;30.03417172218043;6652883.412212101;0.0 
 06/22  12:00:00;35.266666666666666;30.3795117646734;7710264.195827974;0.0 
 06/22  13:00:00;37.15;30.763573634018062;8959640.31893885;0.0 
 06/22  14:00:00;38.891666666666666;31.151189875735337;10259746.55729394;0.0 
 06/22  15:00:00;40.65;31.51626865877634;11476921.336524934;0.0 
 06/22  16:00:00;41.4;31.792756964947603;12394542.968036879;0.0 
 06/22  17:00:00;41.4;31.939576824615873;12851046.281603627;0.0 
 06/22  18:00:00;41.4;31.933503908258213;12755672.402581826;0.0 
 06/22  19:00:00;41.050000000000004;31.758977160998644;12093987.924461517;0.0 
 06/22  20:00:00;40.45000000000001;31.478307052428466;11097322.486634808;0.0 
 06/22  21:00:00;39.85;31.216346626089493;10157724.80183014;0.0 
 06/22  22:00:00;38.78333333333333;30.990611710800096;222349380.843148;0.0 
 06/22  23:00:00;37.44166666666667;30.784552972720203;213373508.5113878;0.0 
 06/22  24:00:00;36.083333333333336;30.593715516447606;190028761.03306368;0.0 
 06/23  01:00:00;34.625;30.414350166605498;175820091.80051684;0.0 
 06/23  02:00:00;33.125;30.239215233524543;161666171.35531035;0.0 
 06/23  03:00:00;31.625;30.061951911505194;144983098.72312966;0.0 
 06/23  04:00:00;30.53333333333333;29.887289958867388;127380287.94748028;0.0 
 06/23  05:00:00;29.675;29.71918593281737;104595032.74705482;0.0 
 06/23  06:00:00;28.833333333333332;29.55614443053393;8005039.236726202;0.0 
 06/23  07:00:00;28.208333333333332;29.458730763243768;5260980.302226055;0.0 
 06/23  08:00:00;28.583333333333332;29.46769440259506;5185829.92645766;0.0 
 06/23  09:00:00;29.291666666666668;29.526602917179208;5308628.714789141;0.0 
 06/23  10:00:00;30.2;29.66737678003693;5663673.389108282;0.0 
 06/23  11:00:00;31.458333333333332;29.88824986422868;6287448.884292021;0.0 
 06/23  12:00:00;32.699999999999996;30.16957207092051;7151630.069222959;0.0 
 06/23  13:00:00;34.13333333333333;30.489435840802674;8180104.852442467;0.0 
 06/23  14:00:00;35.73333333333333;30.81645638995124;9249245.524386127;0.0 
 06/23  15:00:00;37.333333333333336;31.107445232532427;10196179.280304369;0.0 
 06/23  16:00:00;38.0;31.308844191186875;10844159.052275108;0.0 
 06/23  17:00:00;38.0;31.400632064473086;11121055.27681929;0.0 
 06/23  18:00:00;38.0;31.375138633324013;11001285.302094592;0.0 
 06/23  19:00:00;37.59166666666667;31.20828358505891;10437653.77335957;0.0 
 06/23  20:00:00;36.949999999999996;30.949772750066273;9590313.42493969;0.0 
 06/23  21:00:00;36.291666666666664;30.705044193513658;8772464.409935383;0.0 
 06/23  22:00:00;35.59166666666667;30.49742815173605;184966979.13560715;0.0 
 06/23  23:00:00;34.949999999999996;30.315257669454212;187845981.19788885;0.0 
 06/23  24:00:00;34.291666666666664;30.147194622346415;174386234.09678632;0.0 
 06/24  01:00:00;33.475;29.98713053462156;158331191.85357362;0.0 
 06/24  02:00:00;32.574999999999996;29.829852851567534;141703347.2308836;0.0 
 06/24  03:00:00;31.675;29.67678910272478;125639753.37743811;0.0 
 06/24  04:00:00;30.833333333333332;29.528276972681663;107567365.72317995;0.0 
 06/24  05:00:00;30.09166666666667;29.384129305555888;86715842.38493001;0.0 
 06/24  06:00:00;29.333333333333332;29.243328068035567;6226443.66477578;0.0 
 06/24  07:00:00;29.349999999999998;29.167378476117335;4650280.3378659375;0.0 
 06/24  08:00:00;29.95;29.218822837150096;4679167.301913232;0.0 
 06/24  09:00:00;30.55;29.30660687185777;4870105.992486806;0.0 
 06/24  10:00:00;31.5;29.477673968051445;5307812.351760805;0.0 
 06/24  11:00:00;32.75833333333333;29.734809923047447;6031059.521854459;0.0 
 06/24  12:00:00;34.0;30.047377996395642;6982313.320999801;0.0 
 06/24  13:00:00;34.85;30.37897733202067;8049697.559497492;0.0 
 06/24  14:00:00;35.449999999999996;30.7055946545216;9127321.922457594;0.0 
 06/24  15:00:00;35.99166666666667;31.00285622102106;10108231.999983547;0.0 
 06/24  16:00:00;36.550000000000004;31.23500055540136;10854576.881656474;0.0 
 06/24  17:00:00;37.15;31.368851596167474;11244532.645895563;0.0 
 06/24  18:00:00;37.75;31.37239572171025;222801971.44940817;0.0 
 06/24  19:00:00;37.53333333333333;31.218405743807953;237337515.7593926;0.0 
 06/24  20:00:00;36.675000000000004;30.96407669283902;224675146.59593356;0.0 
 06/24  21:00:00;35.833333333333336;30.725596156961114;213266492.00542668;0.0 
 06/24  22:00:00;35.32500000000001;30.52680281426461;206387457.88171628;0.0 
 06/24  23:00:00;35.025;30.358581372429654;195348075.1343006;0.0 
 06/24  24:00:00;34.725;30.209235868428312;183872494.60920495;0.0 
 06/25  01:00:00;33.375;30.056068420722127;145131933.93487495;0.0 
 06/25  02:00:00;31.333333333333332;29.888426665476477;99550915.59345312;0.0 
 06/25  03:00:00;29.275000000000002;29.711622469649637;67800338.69754344;0.0 
 06/25  04:00:00;28.10833333333333;29.536405499891313;46802602.114430375;0.0 
 06/25  05:00:00;27.60833333333333;29.374074350053778;39172878.301002145;0.0 
 06/25  06:00:00;27.108333333333334;29.22010696234013;30653178.46170962;0.0 
 06/25  07:00:00;27.25;29.133356640421386;37860958.41901399;0.0 
 06/25  08:00:00;27.791666666666668;29.15272746022976;57101803.848951675;0.0 
 06/25  09:00:00;28.349999999999998;29.21223402895514;68845481.37115034;0.0 
 06/25  10:00:00;29.183333333333334;29.356120719338524;74976621.65333852;0.0 
 06/25  11:00:00;30.241666666666664;29.577253954867718;84748887.90398139;0.0 
 06/25  12:00:00;31.28333333333333;29.840405620926017;104406229.0397371;0.0 
 06/25  13:00:00;32.75;30.1297353012742;143010440.49219808;0.0 
 06/25  14:00:00;34.49166666666667;30.45013396909631;202201899.6561625;0.0 
 06/25  15:00:00;36.25;30.773516797797203;238467220.3069775;0.0 
 06/25  16:00:00;37.291666666666664;31.03874933343063;254486224.11017054;0.0 
 06/25  17:00:00;37.791666666666664;31.194489409030194;257376050.6543988;0.0 
 06/25  18:00:00;38.291666666666664;31.216461428934565;258780831.27812773;0.0 
 06/25  19:00:00;37.85833333333334;31.077395004239524;243755302.56544757;0.0 
 06/25  20:00:00;36.75833333333333;30.834370108316275;221178483.44223523;0.0 
 06/25  21:00:00;35.65833333333333;30.602656443998644;201323922.2673878;0.0 
 06/25  22:00:00;34.85;30.403993793198524;185894831.7929344;0.0 
 06/25  23:00:00;34.30833333333333;30.232026187169605;175137862.7454512;0.0 
 06/25  24:00:00;33.75;30.07782333404347;164110555.6198735;0.0 
 06/26  01:00:00;33.266666666666666;29.935074099435013;154572530.87484136;0.0 
 06/26  02:00:00;32.80833333333333;29.800422628725205;147352495.2749123;0.0 
 06/26  03:00:00;32.36666666666667;29.673067664734614;140648466.60922617;0.0 
 06/26  04:00:00;31.849999999999998;29.548048505620915;130107544.84145351;0.0 
 06/26  05:00:00;31.25;29.422887150218173;117116068.11737162;0.0 
 06/26  06:00:00;30.650000000000002;29.298590704941926;6722418.88410145;0.0 
 06/26  07:00:00;30.108333333333334;29.22593737534471;4829670.185370098;0.0 
 06/26  08:00:00;29.55;29.226595349269434;4756646.560179346;0.0 
 06/26  09:00:00;29.008333333333336;29.0525704219278;4565122.437109624;0.0 
 06/26  10:00:00;29.616666666666664;28.85556960608163;4113224.2525564623;0.0 
 06/26  11:00:00;31.016666666666666;29.03443749202734;4281705.707629929;0.0 
 06/26  12:00:00;32.416666666666664;29.040648049981566;4542784.73737761;0.0 
 06/26  13:00:00;33.875;28.92647183071001;4274757.1296571195;0.0 
 06/26  14:00:00;35.375;29.205518931070543;4702316.777097029;0.0 
 06/26  15:00:00;36.875;29.298590018722532;5271568.540089853;0.0 
 06/26  16:00:00;37.85;29.143236554072747;4868329.858420912;0.0 
 06/26  17:00:00;38.449999999999996;29.27015373781234;4933737.768245525;0.0 
 06/26  18:00:00;39.050000000000004;29.110233654363174;4844729.024733328;0.0 
 06/26  19:00:00;38.48333333333333;28.821637363454652;4165428.408670236;0.0 
 06/26  20:00:00;37.025000000000006;28.721928470032804;3790028.2032961454;0.0 
 06/26  21:00:00;35.583333333333336;28.42869225702816;3319394.9719603565;0.0 
 06/26  22:00:00;34.708333333333336;28.218310732971858;183362538.2091514;0.0 
 06/26  23:00:00;34.208333333333336;28.199232864494608;191211973.26164085;0.0 
 06/26  24:00:00;33.708333333333336;28.129023755403555;182082731.04545394;0.0 
 06/27  01:00:00;33.324999999999996;28.06369690746782;176451195.5087915;0.0 
 06/27  02:00:00;32.96666666666667;27.997971107009544;170854622.7163688;0.0 
 06/27  03:00:00;32.625;27.934193588538125;165830761.33076975;0.0 
 06/27  04:00:00;32.208333333333336;27.870578250643362;155412166.59703785;0.0 
 06/27  05:00:00;31.708333333333332;27.804025406323635;139449635.8587191;0.0 
 06/27  06:00:00;31.208333333333332;27.737708226867316;3205089.2016039155;0.0 
 06/27  07:00:00;31.40833333333333;27.730156244437964;2415167.6059261393;0.0 
 06/27  08:00:00;32.050000000000004;27.848151439293304;2263342.230418453;0.0 
 06/27  09:00:00;32.708333333333336;28.004679943070673;2491568.8772886363;0.0 
 06/27  10:00:00;33.75833333333333;28.249177485988763;3014922.780335526;0.0 
 06/27  11:00:00;35.11666666666667;28.580989583808307;3841586.7139939694;0.0 
 06/27  12:00:00;36.458333333333336;28.973010681248127;4924824.7128910525;0.0 
 06/27  13:00:00;37.583333333333336;29.395175622594024;6170716.68577973;0.0 
 06/27  14:00:00;38.641666666666666;29.81230361323252;7435211.261263968;0.0 
 06/27  15:00:00;39.68333333333333;30.186277641993655;8558504.534873378;0.0 
 06/27  16:00:00;40.15833333333334;30.466792579800615;9370235.956275502;0.0 
 06/27  17:00:00;40.31666666666667;30.634309549734827;9796779.860919273;0.0 
 06/27  18:00:00;40.458333333333336;30.678733461183555;9812937.459677843;0.0 
 06/27  19:00:00;39.85833333333334;30.570783499703776;9368405.789422577;0.0 
 06/27  20:00:00;38.81666666666667;30.359820238549872;8619377.028851513;0.0 
 06/27  21:00:00;37.75833333333333;30.161628018305024;7893047.586416423;0.0 
 06/27  22:00:00;36.949999999999996;30.00342297995975;201045140.38691813;0.0 
 06/27  23:00:00;36.35;29.871413373919783;231060238.33448672;0.0 
 06/27  24:00:00;35.75;29.752578352683344;218453193.92848223;0.0 
 06/28  01:00:00;35.03333333333333;29.637650856175316;202549536.09909976;0.0 
 06/28  02:00:00;34.175000000000004;29.52179493675742;182496283.55997947;0.0 
 06/28  03:00:00;33.333333333333336;29.403842220214226;164302454.30464464;0.0 
 06/28  04:00:00;32.416666666666664;29.28026844692678;144898636.75352135;0.0 
 06/28  05:00:00;31.416666666666668;29.154295877087538;122277135.80357707;0.0 
 06/28  06:00:00;30.416666666666668;29.027090772444257;6197911.729232638;0.0 
 06/28  07:00:00;30.116666666666664;28.95800735904936;4357515.858966697;0.0 
 06/28  08:00:00;30.316666666666666;29.011072037839757;4346793.27303387;0.0 
 06/28  09:00:00;30.516666666666666;29.09298461922013;4521630.937534675;0.0 
 06/28  10:00:00;31.59166666666667;29.261178069643673;4943612.5191544695;0.0 
 06/28  11:00:00;33.35;29.523437785272904;5657541.516058163;0.0 
 06/28  12:00:00;35.09166666666667;29.848044579579355;6614263.751026534;0.0 
 06/28  13:00:00;36.61666666666667;30.20583376496947;7727048.16374869;0.0 
 06/28  14:00:00;38.01666666666667;30.568893125186424;8886611.612221438;0.0 
 06/28  15:00:00;39.416666666666664;30.907722278386434;9969471.73318174;0.0 
 06/28  16:00:00;40.175000000000004;31.17479954088874;10811070.73288646;0.0 
 06/28  17:00:00;40.53333333333333;31.33087947337359;11264933.194072666;0.0 
 06/28  18:00:00;40.875;31.348902193751446;11238395.04702513;0.0 
 06/28  19:00:00;40.241666666666674;31.200993903818425;10687310.405663049;0.0 
 06/28  20:00:00;39.0;30.94878913962331;9819857.51712167;0.0 
 06/28  21:00:00;37.74166666666667;30.709378124855277;8985927.232874021;0.0 
 06/28  22:00:00;35.916666666666664;30.49657327724077;179425331.98943236;0.0 
 06/28  23:00:00;33.65833333333333;30.29349324330633;166872953.79931659;0.0 
 06/28  24:00:00;31.416666666666668;30.093593437841722;118661307.4765506;0.0 
 06/29  01:00:00;30.38333333333334;29.91089940877474;88397815.456163;0.0 
 06/29  02:00:00;30.241666666666664;29.753329976375614;85214534.52847627;0.0 
 06/29  03:00:00;30.083333333333332;29.609468817335024;92848072.49809872;0.0 
 06/29  04:00:00;29.941666666666666;29.475429818334774;102474893.39919531;0.0 
 06/29  05:00:00;29.78333333333333;29.348164962327;90834129.22206369;0.0 
 06/29  06:00:00;29.641666666666666;29.22505060291513;6458180.101992311;0.0 
 06/29  07:00:00;29.25;29.151653264066464;4658421.3260988705;0.0 
 06/29  08:00:00;29.583333333333332;29.182297189990724;4633325.241412275;0.0 
 06/29  09:00:00;30.0;29.255992753608638;4791926.808070665;0.0 
 06/29  10:00:00;30.816666666666666;29.418532383885672;5205779.419037251;0.0 
 06/29  11:00:00;32.15833333333333;29.67182471353482;5913124.836519368;0.0 
 06/29  12:00:00;33.51666666666667;29.984698741820363;6855035.309720305;0.0 
 06/29  13:00:00;35.03333333333333;30.324815633009706;7925356.773019067;0.0 
 06/29  14:00:00;36.69166666666667;30.672727603036332;9039187.977135027;0.0 
 06/29  15:00:00;38.333333333333336;31.002905391180807;10101255.842118636;0.0 
 06/29  16:00:00;39.175000000000004;31.26050512989168;10929988.286750048;0.0 
 06/29  17:00:00;39.53333333333333;31.397760982919987;11349291.39581635;0.0 
 06/29  18:00:00;39.875;31.400861699307104;11299674.367154595;0.0 
 06/29  19:00:00;39.300000000000004;31.255161389027155;10776367.327725476;0.0 
 06/29  20:00:00;38.041666666666664;31.00673294996747;9940223.993629372;0.0 
 06/29  21:00:00;36.800000000000004;30.770908301026406;9124985.911371658;0.0 
 06/29  22:00:00;35.891666666666666;30.5721272430129;192554874.35663608;0.0 
 06/29  23:00:00;35.19166666666667;30.40028802091661;196949220.76369593;0.0 
 06/29  24:00:00;34.49166666666667;30.243103204702937;184608141.45724532;0.0 
 06/30  01:00:00;33.90833333333334;30.095658511688196;178919982.44098094;0.0 
 06/30  02:00:00;33.46666666666667;29.955910309743075;185494857.83235505;0.0 
 06/30  03:00:00;33.008333333333326;29.821627305524235;191267596.2561175;0.0 
 06/30  04:00:00;32.449999999999996;29.68874042237024;185295315.19264796;0.0 
 06/30  05:00:00;31.849999999999998;29.55521638399726;165438087.5208598;0.0 
 06/30  06:00:00;31.25;29.424668984987004;7810142.479930398;0.0 
 06/30  07:00:00;31.291666666666668;29.346467750729385;5072553.191096859;0.0 
 06/30  08:00:00;31.733333333333334;29.396740087151514;5068620.340444468;0.0 
 06/30  09:00:00;32.19166666666667;29.478026483825897;5253761.868471848;0.0 
 06/30  10:00:00;33.275;29.6453326058257;5694889.694007698;0.0 
 06/30  11:00:00;34.833333333333336;29.908360102707082;6444644.952534009;0.0 
 06/30  12:00:00;36.375;30.23838219766769;7457123.436755394;0.0 
 06/30  13:00:00;37.75833333333333;30.601737536608166;8631195.235126583;0.0 
 06/30  14:00:00;39.11666666666667;30.964130709566394;9830062.419636687;0.0 
 06/30  15:00:00;40.458333333333336;31.285970213257013;10890435.220785135;0.0 
 06/30  16:00:00;41.0;31.529187204569983;11667830.635144163;0.0 
 06/30  17:00:00;41.05833333333333;31.66762131525014;12075834.893062258;0.0 
 06/30  18:00:00;41.1;31.382715728710565;11464602.185213964;0.0 
 06/30  19:00:00;36.84166666666667;30.663344488230496;9017124.351094807;0.0 
 06/30  20:00:00;32.75;30.24620048665119;7355941.264412206;0.0 
 06/30  21:00:00;31.416666666666668;30.01970843483768;6699631.29009896;0.0 
 06/30  22:00:00;30.59166666666667;29.87020700014271;124163713.37396789;0.0 
 06/30  23:00:00;29.95;29.730707407652616;125555957.2381686;0.0 
 06/30  24:00:00;29.349999999999998;29.42454038548757;99134603.68549544;0.0 
 07/01  01:00:00;28.75;29.088007853637222;75289040.76772845;0.0 
 07/01  02:00:00;28.208333333333332;28.969879491643855;59556435.40564275;0.0 
 07/01  03:00:00;27.766666666666666;28.844879084492618;49448489.500641175;0.0 
 07/01  04:00:00;27.425;28.57433552621403;40847359.8377462;0.0 
 07/01  05:00:00;27.125;28.263679453025926;33037997.27627726;0.0 
 07/01  06:00:00;27.233333333333334;28.052817583459554;4276268.590559284;0.0 
 07/01  07:00:00;27.166666666666668;27.906349156318086;2744828.985984869;0.0 
 07/01  08:00:00;27.0;27.835278676355006;2340494.8208614546;0.0 
 07/01  09:00:00;27.933333333333337;27.79446012209713;2205651.4703542856;0.0 
 07/01  10:00:00;29.300000000000008;27.87276558122237;2273077.0831323257;0.0 
 07/01  11:00:00;30.5;27.977644845021278;2452688.357237408;0.0 
 07/01  12:00:00;31.46666666666667;27.87280129353877;2318016.025110452;0.0 
 07/01  13:00:00;32.791666666666664;27.864780430881513;2248566.2364092986;0.0 
 07/01  14:00:00;34.550000000000004;28.21360939324997;2829299.385476414;0.0 
 07/01  15:00:00;36.291666666666664;28.400303895751644;3558737.11138737;0.0 
 07/01  16:00:00;37.0;28.142105616501357;3127453.726820412;0.0 
 07/01  17:00:00;37.0;27.98997244765864;2605902.080376965;0.0 
 07/01  18:00:00;37.05833333333333;27.887510260221138;206692941.41965806;0.0 
 07/01  19:00:00;36.516666666666666;27.683684352060954;196990837.7159604;0.0 
 07/01  20:00:00;35.458333333333336;27.665042539799344;169205896.08883068;0.0 
 07/01  21:00:00;34.416666666666664;27.355098446199047;151746442.49505812;0.0 
 07/01  22:00:00;33.416666666666664;27.103174652606985;146394838.27053234;0.0 
 07/01  23:00:00;33.0;27.025377999464464;169982927.34514615;0.0 
 07/01  24:00:00;32.94166666666667;27.00956999519775;176907900.54081717;0.0 
 07/02  01:00:00;32.550000000000004;26.96831557946854;176880612.45103183;0.0 
 07/02  02:00:00;32.00833333333333;26.957495010959406;183963737.9791094;0.0 
 07/02  03:00:00;31.45;27.013486610792302;202671827.52137843;0.0 
 07/02  04:00:00;31.083333333333332;27.017405361454877;191721900.8173463;0.0 
 07/02  05:00:00;30.416666666666668;26.99108218502015;151307005.1234677;0.0 
 07/02  06:00:00;29.941666666666666;26.94413961825762;118732103.21450083;0.0 
 07/02  07:00:00;29.375;26.92494541993624;103010000.06918573;0.0 
 07/02  08:00:00;29.583333333333332;27.005282279434777;108180469.90125996;0.0 
 07/02  09:00:00;30.583333333333332;27.148198380959006;122895234.49892727;0.0 
 07/02  10:00:00;31.583333333333332;27.366507961639126;139321990.00822398;0.0 
 07/02  11:00:00;33.166666666666664;27.660839053181764;176283627.07147148;0.0 
 07/02  12:00:00;34.583333333333336;28.00912590756231;204334218.24839097;0.0 
 07/02  13:00:00;35.583333333333336;28.380171451868364;257943193.36236203;0.0 
 07/02  14:00:00;36.583333333333336;28.75891322785246;293658518.9979412;0.0 
 07/02  15:00:00;37.583333333333336;29.118199730269694;262892811.6916166;0.0 
 07/02  16:00:00;38.0;29.406051781233884;268499514.706305;0.0 
 07/02  17:00:00;38.0;29.575351700801466;265344309.2935312;0.0 
 07/02  18:00:00;37.416666666666664;29.616120427487814;259175706.85118774;0.0 
 07/02  19:00:00;36.416666666666664;29.53323286777034;249317754.7307927;0.0 
 07/02  20:00:00;35.53333333333333;29.37152971212656;234361713.00525028;0.0 
 07/02  21:00:00;34.675000000000004;29.220770869647584;216553285.9834242;0.0 
 07/02  22:00:00;34.125;29.091673002720977;206802251.5776105;0.0 
 07/02  23:00:00;33.766666666666666;28.981853773430135;201672055.41193372;0.0 
 07/02  24:00:00;33.366666666666674;28.88492158748392;192559825.7917795;0.0 
 07/03  01:00:00;32.96666666666667;28.79397625727403;184689253.673345;0.0 
 07/03  02:00:00;32.56666666666667;28.708971344654742;177168211.68083784;0.0 
 07/03  03:00:00;32.166666666666664;28.624989483398775;168706312.78145644;0.0 
 07/03  04:00:00;31.650000000000002;28.537307481943802;155930060.571318;0.0 
 07/03  05:00:00;30.991666666666664;28.45065740949849;134368711.91899836;0.0 
 07/03  06:00:00;30.349999999999998;28.365218667702155;5065564.531200368;0.0 
 07/03  07:00:00;30.041666666666668;28.32072220510555;3347030.368276786;0.0 
 07/03  08:00:00;30.583333333333332;28.386576135264246;3224796.0179821067;0.0 
 07/03  09:00:00;31.291666666666668;28.512631829069818;3458472.6442740513;0.0 
 07/03  10:00:00;32.375;28.71959818268897;3940830.0768818026;0.0 
 07/03  11:00:00;34.166666666666664;29.015159779282282;4712170.296747821;0.0 
 07/03  12:00:00;35.583333333333336;29.369912758996374;5732165.579664144;0.0 
 07/03  13:00:00;36.641666666666666;29.753144780884345;6909834.392712945;0.0 
 07/03  14:00:00;37.800000000000004;30.14524546268314;8142726.128785055;0.0 
 07/03  15:00:00;38.94166666666667;30.509579942160826;9285068.10983203;0.0 
 07/03  16:00:00;39.166666666666664;30.790693393795976;10152731.795060452;0.0 
 07/03  17:00:00;37.30833333333334;30.925062619357856;10554248.371991869;0.0 
 07/03  18:00:00;34.40833333333333;30.866058572734477;10338955.4575056;0.0 
 07/03  19:00:00;31.916666666666668;30.63608076744292;9555807.752374241;0.0 
 07/03  20:00:00;31.058333333333337;30.24218671381654;8414410.201110164;0.0 
 07/03  21:00:00;31.15833333333333;29.688935367402127;6607395.458175595;0.0 
 07/03  22:00:00;27.583333333333332;29.132477986841383;45778184.09678089;0.0 
 07/03  23:00:00;25.0;28.400511707366075;0.0;0.0 
 07/03  24:00:00;25.46666666666667;28.294974713619894;262378.4722281935;0.0 
 07/04  01:00:00;25.741666666666664;28.28267299258465;185468.3624279073;0.0 
 07/04  02:00:00;25.583333333333332;28.14073648840187;0.0;0.0 
 07/04  03:00:00;25.441666666666666;27.889286250272416;0.0;0.0 
 07/04  04:00:00;25.166666666666668;27.554063382027635;0.0;0.0 
 07/04  05:00:00;25.0;27.2949202631917;0.0;0.0 
 07/04  06:00:00;24.76666666666667;27.023202045340355;0.0;0.0 
 07/04  07:00:00;24.833333333333332;26.86846421600588;0.0;0.0 
 07/04  08:00:00;25.583333333333332;27.115609495780372;419513.07246242015;0.0 
 07/04  09:00:00;27.166666666666668;27.281449387379364;35177378.524870135;0.0 
 07/04  10:00:00;28.583333333333332;27.31107367225387;80775724.51930346;0.0 
 07/04  11:00:00;30.166666666666668;27.309295391442543;123075338.47192505;0.0 
 07/04  12:00:00;32.050000000000004;27.3110275698983;172870245.94810352;0.0 
 07/04  13:00:00;33.73333333333333;27.390459035885026;204929465.92949024;0.0 
 07/04  14:00:00;35.391666666666666;27.770880180406838;225666835.9194334;0.0 
 07/04  15:00:00;37.03333333333333;27.988108929407627;242174067.7231065;0.0 
 07/04  16:00:00;37.875;27.76552276951919;245845981.70006052;0.0 
 07/04  17:00:00;38.291666666666664;27.651587482786653;250137632.7172287;0.0 
 07/04  18:00:00;38.791666666666664;27.603049861534092;259999522.0466525;0.0 
 07/04  19:00:00;38.24166666666667;27.46450755766522;254836396.34200647;0.0 
 07/04  20:00:00;36.88333333333333;27.447355637556615;233620090.7098797;0.0 
 07/04  21:00:00;35.541666666666664;27.226480486068493;211913401.38793266;0.0 
 07/04  22:00:00;34.416666666666664;27.012258054567678;194764658.59703764;0.0 
 07/04  23:00:00;34.0;26.878712629607424;183255940.3659734;0.0 
 07/04  24:00:00;33.416666666666664;26.868913838436168;181748625.38838184;0.0 
 07/05  01:00:00;32.59166666666667;26.923191071503123;181863232.25243217;0.0 
 07/05  02:00:00;31.95;26.90484788615019;154950996.71328208;0.0 
 07/05  03:00:00;31.291666666666668;26.875374996354253;129684112.5010502;0.0 
 07/05  04:00:00;31.0;26.843472270521158;117914553.89619291;0.0 
 07/05  05:00:00;30.416666666666668;26.800194983710227;106198022.59421736;0.0 
 07/05  06:00:00;29.241666666666664;26.742459266227485;1172370.0606718906;0.0 
 07/05  07:00:00;28.291666666666668;26.721193556370988;925939.7636749486;0.0 
 07/05  08:00:00;29.166666666666668;26.839970543994642;1095490.4182070938;0.0 
 07/05  09:00:00;29.88333333333334;27.015841541129717;1245872.8403973344;0.0 
 07/05  10:00:00;30.733333333333334;27.266460870311644;1570673.3491374375;0.0 
 07/05  11:00:00;32.333333333333336;27.608062838734003;2221065.485978199;0.0 
 07/05  12:00:00;33.70000000000001;28.004910228940446;3162453.781238525;0.0 
 07/05  13:00:00;34.84166666666667;28.415239513904353;4260593.580419147;0.0 
 07/05  14:00:00;35.94166666666667;28.830210962119708;5429542.351475165;0.0 
 07/05  15:00:00;37.041666666666664;29.22442929305772;6541979.198215678;0.0 
 07/05  16:00:00;37.791666666666664;29.544425579449435;7419492.875002237;0.0 
 07/05  17:00:00;38.0;29.749427872726624;7921546.717520279;0.0 
 07/05  18:00:00;37.416666666666664;29.806411904643088;7954366.617284173;0.0 
 07/05  19:00:00;36.416666666666664;29.699577112011706;7503690.72131801;0.0 
 07/05  20:00:00;35.475;29.49929435539275;6782278.291967466;0.0 
 07/05  21:00:00;34.574999999999996;29.313171176094865;6095423.175856278;0.0 
 07/05  22:00:00;34.083333333333336;29.166098385304014;191809466.84491795;0.0 
 07/05  23:00:00;33.708333333333336;29.046411923228217;203252276.98069695;0.0 
 07/05  24:00:00;33.208333333333336;28.939386969646534;198018872.0341346;0.0 
 07/06  01:00:00;32.65;28.840704761933562;185902788.58855507;0.0 
 07/06  02:00:00;31.991666666666664;28.745712127159038;164547581.71418136;0.0 
 07/06  03:00:00;31.349999999999998;28.651832677743684;144198013.76487085;0.0 
 07/06  04:00:00;30.808333333333334;28.559031809121596;128460164.76193315;0.0 
 07/06  05:00:00;30.25;28.466516716256;114029375.08761708;0.0 
 07/06  06:00:00;29.708333333333332;28.375935646809836;5126075.715490443;0.0 
 07/06  07:00:00;29.208333333333332;28.321494291677286;3348984.412705174;0.0 
 07/06  08:00:00;29.583333333333332;28.38453849487571;3211977.382439215;0.0 
 07/06  09:00:00;30.175;28.48810487478724;3400929.2754456415;0.0 
 07/06  10:00:00;31.291666666666668;28.678213823191726;3837860.4928835714;0.0 
 07/06  11:00:00;33.166666666666664;28.963448690829193;4564481.687136404;0.0 
 07/06  12:00:00;34.583333333333336;29.30163661488859;5518607.642822453;0.0 
 07/06  13:00:00;35.525;29.663280019216284;6614990.994662581;0.0 
 07/06  14:00:00;36.483333333333334;30.03272217001435;7769775.080318597;0.0 
 07/06  15:00:00;37.425000000000004;30.378927982141096;8853754.138839269;0.0 
 07/06  16:00:00;37.916666666666664;30.64937448911381;9684806.202037526;0.0 
 07/06  17:00:00;37.88333333333333;30.803042833446938;10113581.852427136;0.0 
 07/06  18:00:00;37.68333333333333;30.81808475459613;10072242.454643581;0.0 
 07/06  19:00:00;37.833333333333336;30.69655967512756;9586876.094100637;0.0 
 07/06  20:00:00;37.24166666666667;30.47968450939838;8816876.913961608;0.0 
 07/06  21:00:00;35.94166666666667;30.263594312215886;8054772.604768143;0.0 
 07/06  22:00:00;35.166666666666664;30.090370509953477;205719352.09402686;0.0 
 07/06  23:00:00;34.416666666666664;29.939045294986016;211343579.39146483;0.0 
 07/06  24:00:00;33.88333333333333;29.800585921907587;196702790.6416583;0.0 
 07/07  01:00:00;33.391666666666666;29.675071584934056;188119713.24543703;0.0 
 07/07  02:00:00;32.75;29.54801164370888;173208658.071414;0.0 
 07/07  03:00:00;32.09166666666667;29.417341909267112;158346900.4864895;0.0 
 07/07  04:00:00;31.916666666666668;29.29340107251511;148710967.5273658;0.0 
 07/07  05:00:00;31.416666666666668;29.168755215446556;131899732.376851;0.0 
 07/07  06:00:00;30.825;29.044061915955535;6472081.439590532;0.0 
 07/07  07:00:00;30.46666666666667;28.96371847360851;4363234.072490172;0.0 
 07/07  08:00:00;30.125;29.0055667223473;4325456.015271199;0.0 
 07/07  09:00:00;30.816666666666666;29.09397707358579;4510210.697209918;0.0 
 07/07  10:00:00;32.333333333333336;29.276789191290618;4964683.840277785;0.0 
 07/07  11:00:00;34.166666666666664;29.549197937637093;5711098.374233875;0.0 
 07/07  12:00:00;35.699999999999996;29.878126536380083;6689840.005333996;0.0 
 07/07  13:00:00;36.9;30.23347288434391;7811192.8669089805;0.0 
 07/07  14:00:00;38.15833333333333;30.603791870402322;9006303.557715083;0.0 
 07/07  15:00:00;39.4;30.954835897559974;10145430.044610534;0.0 
 07/07  16:00:00;39.958333333333336;31.231788836021178;11035332.66900246;0.0 
 07/07  17:00:00;40.0;31.384700237659388;11490026.520282883;0.0 
 07/07  18:00:00;39.416666666666664;31.372389611131567;11384328.716626763;0.0 
 07/07  19:00:00;38.416666666666664;31.20698487364851;10776395.461920002;0.0 
 07/07  20:00:00;37.65;30.962231435136427;9908348.23379088;0.0 
 07/07  21:00:00;37.050000000000004;30.73425018206959;9090159.558962;0.0 
 07/07  22:00:00;36.916666666666664;30.551852883708786;227825809.6866657;0.0 
 07/07  23:00:00;36.416666666666664;30.391921230301577;237420311.19910645;0.0 
 07/07  24:00:00;34.13333333333333;30.208328997480976;206972363.19034317;0.0 
 07/08  01:00:00;32.275;30.031429121093975;181681936.1368732;0.0 
 07/08  02:00:00;31.316666666666666;29.880420111521744;151819552.08233395;0.0 
 07/08  03:00:00;30.375;29.73118438408547;124783603.69612819;0.0 
 07/08  04:00:00;29.708333333333332;29.581427508835827;105415360.35541032;0.0 
 07/08  05:00:00;29.208333333333332;29.435942787787102;90459935.19317243;0.0 
 07/08  06:00:00;29.116666666666664;29.302121718521942;7285300.397111462;0.0 
 07/08  07:00:00;29.083333333333332;29.214174929049353;4821991.146476149;0.0 
 07/08  08:00:00;29.583333333333332;29.244152423805986;4771290.0428384235;0.0 
 07/08  09:00:00;30.583333333333332;29.323038393910807;4935100.56843366;0.0 
 07/08  10:00:00;32.166666666666664;29.490238993042322;5351657.8035179535;0.0 
 07/08  11:00:00;33.583333333333336;29.718374697352015;5982425.598650456;0.0 
 07/08  12:00:00;33.475;29.92666023033783;6629270.898160207;0.0 
 07/08  13:00:00;33.333333333333336;30.112189318815638;7222738.302355148;0.0 
 07/08  14:00:00;33.733333333333334;30.32198768549166;7878963.735380646;0.0 
 07/08  15:00:00;34.13333333333333;30.553543818148754;8620282.252393534;0.0 
 07/08  16:00:00;34.65;30.754327066730095;9270657.482323416;0.0 
 07/08  17:00:00;35.19166666666667;30.872017162697087;9647010.094564525;0.0 
 07/08  18:00:00;35.75;30.86843220830629;211685402.75142717;0.0 
 07/08  19:00:00;35.475;30.727052002426348;231415871.5907135;0.0 
 07/08  20:00:00;34.516666666666666;30.5078552310524;211111694.67641798;0.0 
 07/08  21:00:00;33.574999999999996;30.295354545165083;190272390.82263675;0.0 
 07/08  22:00:00;32.791666666666664;30.111501957567697;170568754.9191434;0.0 
 07/08  23:00:00;32.03333333333333;29.945744453275598;146967761.61339283;0.0 
 07/08  24:00:00;31.291666666666668;29.791610391866758;124310382.24286848;0.0 
 07/09  01:00:00;30.766666666666666;29.649638511682568;112842330.4616355;0.0 
 07/09  02:00:00;30.366666666666664;29.515244775973102;108923447.95762491;0.0 
 07/09  03:00:00;29.96666666666667;29.384616485610966;104970059.50515112;0.0 
 07/09  04:00:00;29.508333333333336;29.258795335143514;97952129.99311258;0.0 
 07/09  05:00:00;28.950000000000003;29.13269928637094;85622543.00198999;0.0 
 07/09  06:00:00;28.40833333333333;29.006897727341656;73715671.43058142;0.0 
 07/09  07:00:00;28.083333333333332;28.921631419701683;66372191.977899574;0.0 
 07/09  08:00:00;28.583333333333332;28.961349304374128;81911582.57724303;0.0 
 07/09  09:00:00;29.583333333333332;29.04869437071957;109868564.32318126;0.0 
 07/09  10:00:00;30.583333333333332;29.22121406675005;134170672.0447435;0.0 
 07/09  11:00:00;32.166666666666664;29.477373202233725;173006563.87835273;0.0 
 07/09  12:00:00;34.166666666666664;29.80859163637153;212056550.7015828;0.0 
 07/09  13:00:00;35.75833333333333;30.172431337978463;239772889.97520036;0.0 
 07/09  14:00:00;37.11666666666667;30.53216337000426;264476882.62104478;0.0 
 07/09  15:00:00;38.458333333333336;30.856233220855817;284847414.4627811;0.0 
 07/09  16:00:00;39.0;31.091771023534974;296040231.4781188;0.0 
 07/09  17:00:00;38.88333333333333;31.214919821345564;294211131.5442097;0.0 
 07/09  18:00:00;38.68333333333333;31.214157962286396;283776253.9562807;0.0 
 07/09  19:00:00;37.958333333333336;31.06603432720566;268374321.7054778;0.0 
 07/09  20:00:00;36.800000000000004;30.821795936332403;245348408.259113;0.0 
 07/09  21:00:00;35.65833333333333;30.589015333010135;223642438.3467814;0.0 
 07/09  22:00:00;35.083333333333336;30.396471712591282;215525670.0555023;0.0 
 07/09  23:00:00;35.0;30.23434791103705;214751351.62539294;0.0 
 07/09  24:00:00;34.06666666666667;30.075877546775924;199070793.1561249;0.0 
 07/10  01:00:00;33.108333333333334;29.915273009814708;185440376.4884487;0.0 
 07/10  02:00:00;32.550000000000004;29.764052994220844;174866251.4963198;0.0 
 07/10  03:00:00;32.00833333333333;29.61945169989666;163978816.895721;0.0 
 07/10  04:00:00;31.916666666666668;29.487384052175212;163562126.5238271;0.0 
 07/10  05:00:00;30.833333333333332;29.3506573505307;139050710.59799513;0.0 
 07/10  06:00:00;29.88333333333334;29.210130300992045;7440353.163974057;0.0 
 07/10  07:00:00;29.333333333333332;29.111666155420817;4649156.404298103;0.0 
 07/10  08:00:00;29.0;29.123188777169336;4530390.334894527;0.0 
 07/10  09:00:00;29.583333333333332;29.185410164606882;4657091.68022578;0.0 
 07/10  10:00:00;30.583333333333332;29.334729355020574;5024274.213235473;0.0 
 07/10  11:00:00;32.166666666666664;29.563381517066727;5644253.721878232;0.0 
 07/10  12:00:00;33.81666666666667;29.844026072667305;6466361.56969662;0.0 
 07/10  13:00:00;34.050000000000004;30.110839259075124;7314642.657394969;0.0 
 07/10  14:00:00;33.391666666666666;30.31910691704624;8013398.980919354;0.0 
 07/10  15:00:00;35.84166666666667;30.519923286960665;8599327.58675626;0.0 
 07/10  16:00:00;36.86666666666667;30.702680113422442;9130928.46039615;0.0 
 07/10  17:00:00;35.324999999999996;30.78860021976061;9431335.308447484;0.0 
 07/10  18:00:00;33.76666666666667;30.7393819236316;9303435.069471056;0.0 
 07/10  19:00:00;32.166666666666664;30.540474696800572;8700562.13842903;0.0 
 07/10  20:00:00;30.625;30.26649214194023;7864800.677741997;0.0 
 07/10  21:00:00;29.066666666666666;30.005285351350068;7073203.494647984;0.0 
 07/10  22:00:00;28.166666666666668;29.785429114143014;73691426.28840931;0.0 
 07/10  23:00:00;27.416666666666668;29.596009365710135;59418302.98764703;0.0 
 07/10  24:00:00;27.058333333333337;29.427179280491472;44030582.09631984;0.0 
 07/11  01:00:00;27.21666666666667;29.278821385784294;44850190.97236361;0.0 
 07/11  02:00:00;27.474999999999998;29.141731638298598;51793042.14794737;0.0 
 07/11  03:00:00;27.71666666666667;29.01387176915723;58496269.274899185;0.0 
 07/11  04:00:00;27.566666666666666;28.886233523041245;53990629.10493404;0.0 
 07/11  05:00:00;27.166666666666668;28.754371224871267;42164161.68465835;0.0 
 07/11  06:00:00;26.941666666666666;28.623860559798658;5989941.290695626;0.0 
 07/11  07:00:00;26.958333333333332;28.53606951293528;3638409.0720202248;0.0 
 07/11  08:00:00;27.583333333333332;28.583691061240515;3479700.108922744;0.0 
 07/11  09:00:00;28.058333333333337;28.665454088654126;3624303.251452697;0.0 
 07/11  10:00:00;29.03333333333333;28.830046096188184;4003174.369346101;0.0 
 07/11  11:00:00;30.574999999999992;29.08681112528012;4667757.51657696;0.0 
 07/11  12:00:00;32.13333333333333;29.405730887711798;5579106.799208138;0.0 
 07/11  13:00:00;33.5;29.754029241610358;6641528.167804031;0.0 
 07/11  14:00:00;34.75833333333333;30.10951522417406;7760472.681115403;0.0 
 07/11  15:00:00;36.0;30.446113791232335;8823296.556698872;0.0 
 07/11  16:00:00;36.61666666666667;30.71478594693087;9666980.879498309;0.0 
 07/11  17:00:00;36.81666666666667;30.87524646923993;10147546.210836262;0.0 
 07/11  18:00:00;37.016666666666666;30.901021817280448;10165466.186067646;0.0 
 07/11  19:00:00;36.983333333333334;30.76930153106838;9678291.330824368;0.0 
 07/11  20:00:00;36.84166666666667;30.53890479577139;8881547.206649337;0.0 
 07/11  21:00:00;36.68333333333333;30.32320798912747;8116007.535550348;0.0 
 07/11  22:00:00;33.916666666666664;30.10964792086098;141588592.80387315;0.0 
 07/11  23:00:00;31.708333333333332;29.903840112555486;112670886.33271003;0.0 
 07/11  24:00:00;31.208333333333332;29.73408228182545;105870461.54004306;0.0 
 07/12  01:00:00;30.59166666666667;29.57700331359382;100260032.70273983;0.0 
 07/12  02:00:00;29.95;29.427340925735678;100270421.67874919;0.0 
 07/12  03:00:00;29.291666666666668;29.28255902223098;84215403.7165167;0.0 
 07/12  04:00:00;28.708333333333332;29.142589101166426;70659683.4760999;0.0 
 07/12  05:00:00;28.208333333333332;29.008555286364967;59954752.422975846;0.0 
 07/12  06:00:00;27.416666666666668;28.872532856348982;6082280.892121648;0.0 
 07/12  07:00:00;27.0;28.775824291591743;4023674.3404370802;0.0 
 07/12  08:00:00;27.0;28.808397295970497;3931227.961768218;0.0 
 07/12  09:00:00;27.816666666666666;28.885825694246545;4075844.0337069207;0.0 
 07/12  10:00:00;29.333333333333332;29.057429928305286;4478383.814330657;0.0 
 07/12  11:00:00;31.75;29.330915736206588;5192665.59901627;0.0 
 07/12  12:00:00;33.875;29.677158766836556;6190438.833142282;0.0 
 07/12  13:00:00;35.25833333333333;30.047577777291618;7343862.537115886;0.0 
 07/12  14:00:00;36.55833333333333;30.41905988627455;8535926.914951928;0.0 
 07/12  15:00:00;37.858333333333334;30.760189544377244;9635996.501263617;0.0 
 07/12  16:00:00;38.75;31.025367105822085;10478015.587421238;0.0 
 07/12  17:00:00;38.416666666666664;31.165946670843812;10903444.3609978;0.0 
 07/12  18:00:00;38.0;31.16267082501281;10832086.798360758;0.0 
 07/12  19:00:00;37.416666666666664;31.00777000083725;10264607.787285764;0.0 
 07/12  20:00:00;35.541666666666664;30.746544621021656;9384152.838727936;0.0 
 07/12  21:00:00;33.041666666666664;30.19305389292906;8069071.987032862;0.0 
 07/12  22:00:00;31.708333333333332;29.617586192778475;115087376.54877977;0.0 
 07/12  23:00:00;31.266666666666666;29.410148754152885;135566909.98901886;0.0 
 07/12  24:00:00;30.808333333333334;29.270529094433797;122106176.66203204;0.0 
 07/13  01:00:00;30.308333333333334;29.16083535149534;109696622.07077889;0.0 
 07/13  02:00:00;29.866666666666664;29.051552746934032;101287378.61355084;0.0 
 07/13  03:00:00;29.40833333333333;28.937589519294345;92001601.78501011;0.0 
 07/13  04:00:00;28.90833333333333;28.819491691557335;80932276.89310533;0.0 
 07/13  05:00:00;28.46666666666667;28.70108142752693;70923855.49132411;0.0 
 07/13  06:00:00;28.008333333333336;28.58480066388061;5535991.001682921;0.0 
 07/13  07:00:00;27.333333333333332;28.49993812122088;3541582.658427989;0.0 
 07/13  08:00:00;27.0;28.507415544325465;3347062.714679542;0.0 
 07/13  09:00:00;28.63333333333334;28.566321115155773;3442422.120741248;0.0 
 07/13  10:00:00;31.083333333333332;28.73394970396812;3783926.14320271;0.0 
 07/13  11:00:00;33.166666666666664;28.98956666074075;4384508.12890757;0.0 
 07/13  12:00:00;34.70000000000001;29.307588263172914;5255359.2836656235;0.0 
 07/13  13:00:00;36.01666666666667;29.676040474164562;6372297.202486818;0.0 
 07/13  14:00:00;37.416666666666664;30.063315183369824;7597180.495695915;0.0 
 07/13  15:00:00;38.81666666666667;30.423477789003936;8741818.146598611;0.0 
 07/13  16:00:00;39.166666666666664;30.700967727199597;9626302.345411941;0.0 
 07/13  17:00:00;39.0;30.864789157335434;10128754.15786577;0.0 
 07/13  18:00:00;39.05833333333334;30.887128379608622;10145807.112203155;0.0 
 07/13  19:00:00;38.458333333333336;30.751589440250086;9652556.013997903;0.0 
 07/13  20:00:00;37.53333333333333;30.532602969400774;8891391.748012105;0.0 
 07/13  21:00:00;36.733333333333334;30.32952661060551;8165220.495116904;0.0 
 07/13  22:00:00;35.99166666666667;30.15373337959163;211237822.0400262;0.0 
 07/13  23:00:00;35.291666666666664;29.995672291219307;218056040.94740427;0.0 
 07/13  24:00:00;34.18333333333333;29.84040748715643;205086283.40036854;0.0 
 07/14  01:00:00;33.30833333333333;29.69339510137235;198512447.92486715;0.0 
 07/14  02:00:00;32.75;29.55853369251416;187426503.95638236;0.0 
 07/14  03:00:00;32.208333333333336;29.428259935860236;176040538.4481899;0.0 
 07/14  04:00:00;32.0;29.309331330463596;169486664.25011858;0.0 
 07/14  05:00:00;31.416666666666668;29.189591771169916;152797723.318968;0.0 
 07/14  06:00:00;31.058333333333337;29.072648219655694;7048524.326793103;0.0 
 07/14  07:00:00;31.041666666666668;29.002050737663172;4468124.112676453;0.0 
 07/14  08:00:00;31.0;29.040309712304904;4386454.30386149;0.0 
 07/14  09:00:00;32.050000000000004;29.13370883791877;4576205.65350904;0.0 
 07/14  10:00:00;32.916666666666664;29.3144501116009;5024998.996994205;0.0 
 07/14  11:00:00;34.166666666666664;29.576623153829377;5754742.624303339;0.0 
 07/14  12:00:00;35.75833333333333;29.905709789824442;6735348.225323915;0.0 
 07/14  13:00:00;35.19166666666667;30.228006005771025;7788779.9922603415;0.0 
 07/14  14:00:00;33.233333333333334;30.518679036461865;8801788.205337975;0.0 
 07/14  15:00:00;31.291666666666668;30.761643319614606;9656483.760677105;0.0 
 07/14  16:00:00;31.375;30.944376935794025;10241718.026407162;0.0 
 07/14  17:00:00;33.166666666666664;31.063396387430686;10530490.53574843;0.0 
 07/14  18:00:00;34.70000000000001;30.729287211267177;9869909.728746016;0.0 
 07/14  19:00:00;34.733333333333334;30.06969059914827;7578140.467653472;0.0 
 07/14  20:00:00;33.93333333333333;29.765402579680046;6175271.78401078;0.0 
 07/14  21:00:00;33.13333333333333;29.33678838464155;5328981.472787026;0.0 
 07/14  22:00:00;32.56666666666667;29.013767772182444;139382947.9579569;0.0 
 07/14  23:00:00;32.166666666666664;28.813492859155478;169556576.89996728;0.0 
 07/14  24:00:00;32.0;28.626281473457865;158027849.94880766;0.0 
 07/15  01:00:00;31.416666666666668;28.594223930269255;138040690.38362265;0.0 
 07/15  02:00:00;30.474999999999998;28.492796815687353;117823689.1456734;0.0 
 07/15  03:00:00;29.51666666666667;28.379235311860175;95944481.48464955;0.0 
 07/15  04:00:00;28.808333333333334;28.261717397014092;79732730.15773568;0.0 
 07/15  05:00:00;28.308333333333334;28.14766373092715;68789911.23273356;0.0 
 07/15  06:00:00;27.808333333333334;27.94107609494561;4175001.3998347432;0.0 
 07/15  07:00:00;27.833333333333332;27.750717733662686;2595054.1428191643;0.0 
 07/15  08:00:00;28.0;27.683448641900373;2134977.618638783;0.0 
 07/15  09:00:00;28.641666666666666;27.626493058275212;1996738.2181588523;0.0 
 07/15  10:00:00;30.208333333333332;27.68356440897482;2014087.286540004;0.0 
 07/15  11:00:00;32.166666666666664;27.800532381595715;2158554.6799804284;0.0 
 07/15  12:00:00;33.99166666666667;27.70102175763031;2053418.4898291114;0.0 
 07/15  13:00:00;35.63333333333333;27.727397316911706;2031586.9951835042;0.0 
 07/15  14:00:00;37.291666666666664;28.126360986336067;2700717.220613133;0.0 
 07/15  15:00:00;38.93333333333333;28.346379945172362;3472524.2016349095;0.0 
 07/15  16:00:00;39.483333333333334;28.27369433704243;3314713.050412457;0.0 
 07/15  17:00:00;39.28333333333333;28.448777169999016;3536763.821057151;0.0 
 07/15  18:00:00;39.083333333333336;28.38589296655069;259852109.8946944;0.0 
 07/15  19:00:00;38.125;28.132968178962418;268758319.7276748;0.0 
 07/15  20:00:00;36.68333333333334;28.01752109978771;245648591.7254254;0.0 
 07/15  21:00:00;35.225;27.76764529455868;220090040.09075823;0.0 
 07/15  22:00:00;34.25;27.5155005304988;205554505.7124185;0.0 
 07/15  23:00:00;33.416666666666664;27.35320674725097;189024098.39916837;0.0 
 07/15  24:00:00;33.0;27.297541216340537;180791061.29363775;0.0 
 07/16  01:00:00;32.65;27.32467219248029;173301530.79404873;0.0 
 07/16  02:00:00;32.050000000000004;27.293507081277856;162024583.77017793;0.0 
 07/16  03:00:00;31.45;27.253069953047216;151480244.7944014;0.0 
 07/16  04:00:00;31.083333333333332;27.207756068111483;143154725.35546452;0.0 
 07/16  05:00:00;30.416666666666668;27.156981080249892;123913109.10462049;0.0 
 07/16  06:00:00;30.116666666666664;27.109967167863843;116253044.06866233;0.0 
 07/16  07:00:00;30.083333333333332;27.107783209703996;115305184.96756506;0.0 
 07/16  08:00:00;29.416666666666668;27.21020042703005;99294887.92366968;0.0 
 07/16  09:00:00;30.166666666666668;27.365251140303755;127933084.79927054;0.0 
 07/16  10:00:00;31.583333333333332;27.620510494575566;157741826.51219994;0.0 
 07/16  11:00:00;33.166666666666664;27.95315854455823;184757505.14426425;0.0 
 07/16  12:00:00;34.70000000000001;28.332041947194615;247299066.7739182;0.0 
 07/16  13:00:00;35.958333333333336;28.719459622632176;268225111.49783736;0.0 
 07/16  14:00:00;37.199999999999996;29.10609752886744;286645890.4000512;0.0 
 07/16  15:00:00;38.458333333333336;29.475372919952445;304504067.97287476;0.0 
 07/16  16:00:00;39.0;29.776481725512145;313108001.1556734;0.0 
 07/16  17:00:00;39.583333333333336;29.976855491721196;326177764.500574;0.0 
 07/16  18:00:00;39.416666666666664;30.032646509518898;314193204.59449595;0.0 
 07/16  19:00:00;38.416666666666664;29.93337314091644;270783921.2090579;0.0 
 07/16  20:00:00;37.475;29.76306674607468;247998159.2784186;0.0 
 07/16  21:00:00;36.574999999999996;29.604198617655882;259995852.63031113;0.0 
 07/16  22:00:00;35.791666666666664;29.463390343779746;241895498.74355635;0.0 
 07/16  23:00:00;35.03333333333333;29.336054801398948;229376161.1237886;0.0 
 07/16  24:00:00;34.291666666666664;29.221998815414583;216848068.47989768;0.0 
 07/17  01:00:00;33.708333333333336;29.119946965869797;205697999.58905977;0.0 
 07/17  02:00:00;33.266666666666666;29.023986919806674;229211788.3144245;0.0 
 07/17  03:00:00;32.80833333333333;28.93027053480849;262264702.79732352;0.0 
 07/17  04:00:00;32.13333333333334;28.832514701216656;213615124.11111176;0.0 
 07/17  05:00:00;31.275000000000002;28.72830370965245;151262655.21778947;0.0 
 07/17  06:00:00;30.433333333333334;28.623599771619908;6034430.557304791;0.0 
 07/17  07:00:00;27.708333333333332;28.52569648103703;3709560.3369916766;0.0 
 07/17  08:00:00;25.416666666666668;28.409456534949843;3358125.290734876;0.0 
 07/17  09:00:00;25.0;28.205092649414627;2966248.3221373665;0.0 
 07/17  10:00:00;25.583333333333332;27.99703720260166;2583912.4310748633;0.0 
 07/17  11:00:00;26.583333333333332;27.806962748995684;2276619.044603111;0.0 
 07/17  12:00:00;28.108333333333334;27.706819151673518;2125138.674461321;0.0 
 07/17  13:00:00;29.308333333333334;27.780453014497414;2162585.9584497097;0.0 
 07/17  14:00:00;30.066666666666666;28.13067947482533;2638325.1534439917;0.0 
 07/17  15:00:00;30.808333333333334;28.30171861288585;3250770.9808478868;0.0 
 07/17  16:00:00;31.625;28.124200817818547;2952679.0665902225;0.0 
 07/17  17:00:00;32.0;27.859849340734467;2391795.409015135;0.0 
 07/17  18:00:00;31.88333333333334;27.545099396810475;1870894.8802197871;0.0 
 07/17  19:00:00;31.333333333333332;27.308289879141963;1495410.8253530571;0.0 
 07/17  20:00:00;30.416666666666668;27.23778158365032;1367336.5728601667;0.0 
 07/17  21:00:00;29.416666666666668;27.15728563137409;1239636.2713508974;0.0 
 07/17  22:00:00;29.0;26.984934896992304;76192518.90247749;0.0 
 07/17  23:00:00;28.53333333333333;26.90943691995281;65187334.77533222;0.0 
 07/17  24:00:00;27.791666666666668;26.911843281665213;46649658.81754813;0.0 
 07/18  01:00:00;27.5;26.851601752641926;38971467.311902486;0.0 
 07/18  02:00:00;27.5;26.79359927575423;39158413.31877847;0.0 
 07/18  03:00:00;27.5;26.7361633953759;39485297.68391632;0.0 
 07/18  04:00:00;28.375;26.69428188583883;65537004.552845456;0.0 
 07/18  05:00:00;27.833333333333332;26.64604015118776;54700909.06754674;0.0 
 07/18  06:00:00;27.583333333333332;26.593854302566672;1018068.3067561735;0.0 
 07/18  07:00:00;27.416666666666668;26.58422592613138;804418.3033624148;0.0 
 07/18  08:00:00;27.0;26.690615923390407;884809.5893517176;0.0 
 07/18  09:00:00;27.7;26.846929536940554;1118847.4356977548;0.0 
 07/18  10:00:00;29.25;27.10462574414433;1484330.6950865104;0.0 
 07/18  11:00:00;31.166666666666668;27.454685049501204;2045472.176776932;0.0 
 07/18  12:00:00;32.875;27.873076859332343;2965226.716721351;0.0 
 07/18  13:00:00;33.96666666666667;28.31389500587336;4129940.9162124004;0.0 
 07/18  14:00:00;34.708333333333336;28.75121582894488;5368872.834930244;0.0 
 07/18  15:00:00;35.46666666666667;29.162980073319204;6547731.339488029;0.0 
 07/18  16:00:00;35.916666666666664;29.499273082978593;7484685.202067912;0.0 
 07/18  17:00:00;36.291666666666664;29.723099566409662;8046069.212515548;0.0 
 07/18  18:00:00;36.791666666666664;29.81301922666405;8160198.406525679;0.0 
 07/18  19:00:00;36.53333333333333;29.73731752528853;7776354.453201505;0.0 
 07/18  20:00:00;35.733333333333334;29.54585025565601;7059851.260707148;0.0 
 07/18  21:00:00;34.93333333333333;29.35916431734813;6347347.050215269;0.0 
 07/18  22:00:00;34.25;29.20453011169256;182532454.48553798;0.0 
 07/18  23:00:00;34.0;29.078818009847126;194938126.6286676;0.0 
 07/18  24:00:00;33.53333333333333;28.96671938598791;184386438.3612619;0.0 
 07/19  01:00:00;32.55833333333334;28.853361108061904;165426911.1416961;0.0 
 07/19  02:00:00;31.516666666666666;28.737396473450804;146132122.06125912;0.0 
 07/19  03:00:00;30.458333333333332;28.617250249035877;125005663.28301062;0.0 
 07/19  04:00:00;30.0;28.502993397376837;117228816.08873735;0.0 
 07/19  05:00:00;29.416666666666668;28.389226583052917;103359605.2499534;0.0 
 07/19  06:00:00;28.3;28.270521690457944;5246583.367345301;0.0 
 07/19  07:00:00;27.333333333333332;28.189031651431915;3220520.9085719883;0.0 
 07/19  08:00:00;27.583333333333332;28.250124093658354;2983031.838197112;0.0 
 07/19  09:00:00;28.583333333333332;28.364594448978437;3170986.572673503;0.0 
 07/19  10:00:00;29.583333333333332;28.55954294875741;3616416.3039649073;0.0 
 07/19  11:00:00;31.283333333333342;28.848536199348775;4358881.975520025;0.0 
 07/19  12:00:00;33.483333333333334;29.21627898773411;5387454.375164121;0.0 
 07/19  13:00:00;35.275;29.62129666597394;6599362.526157291;0.0 
 07/19  14:00:00;36.71666666666667;30.023903455688508;7846098.897258716;0.0 
 07/19  15:00:00;38.175000000000004;30.389341035902522;8971037.040641684;0.0 
 07/19  16:00:00;38.916666666666664;30.663520793936755;9793627.707433082;0.0 
 07/19  17:00:00;39.0;30.819746698286803;10220161.555847054;0.0 
 07/19  18:00:00;38.88333333333333;30.84916074162258;10216499.79447208;0.0 
 07/19  19:00:00;38.333333333333336;30.719873771331265;9711177.40541449;0.0 
 07/19  20:00:00;37.300000000000004;30.484278074865355;8882253.33252715;0.0 
 07/19  21:00:00;36.15833333333333;30.258709143627996;8078472.718346193;0.0 
 07/19  22:00:00;35.35;30.07078939417337;202258363.59786654;0.0 
 07/19  23:00:00;34.75;29.910974046832024;217206920.69954374;0.0 
 07/19  24:00:00;34.15;29.768880243140742;211172756.94550952;0.0 
 07/20  01:00:00;33.550000000000004;29.636387059834203;203737069.49751893;0.0 
 07/20  02:00:00;32.891666666666666;29.510372940323165;193258677.6995589;0.0 
 07/20  03:00:00;32.25;29.388767591088207;181808664.26967713;0.0 
 07/20  04:00:00;31.766666666666666;29.271786020799123;173148304.87199077;0.0 
 07/20  05:00:00;31.366666666666664;29.160217315790973;163872877.44058856;0.0 
 07/20  06:00:00;30.96666666666667;29.051149857983308;7256905.680711399;0.0 
 07/20  07:00:00;30.333333333333332;28.968336476285913;4443903.433086632;0.0 
 07/20  08:00:00;30.583333333333332;29.001693935760173;4335770.7071547;0.0 
 07/20  09:00:00;31.525000000000002;29.085732435336514;4507746.542022665;0.0 
 07/20  10:00:00;32.541666666666664;29.25113054980123;4925074.779155042;0.0 
 07/20  11:00:00;33.583333333333336;29.50826994060536;5637229.925064391;0.0 
 07/20  12:00:00;34.99166666666667;29.8426334596244;6631602.456138024;0.0 
 07/20  13:00:00;36.34166666666667;30.212519565122708;7795060.327731801;0.0 
 07/20  14:00:00;37.44166666666667;30.575842668869274;8972532.248004852;0.0 
 07/20  15:00:00;38.541666666666664;30.900458818124402;10015535.574986631;0.0 
 07/20  16:00:00;39.583333333333336;31.146888134880736;10784214.669337839;0.0 
 07/20  17:00:00;39.416666666666664;31.269397948883334;11143378.252083236;0.0 
 07/20  18:00:00;38.125;31.225573437904714;10960247.032999042;0.0 
 07/20  19:00:00;36.625;30.992490890831608;10244782.494105747;0.0 
 07/20  20:00:00;33.666666666666664;30.200726854780203;8252377.451578171;0.0 
 07/20  21:00:00;29.724999999999998;29.530704427346095;5994589.026883934;0.0 
 07/20  22:00:00;28.625;29.199807142332343;82084002.90483072;0.0 
 07/20  23:00:00;27.833333333333332;28.91461208696455;65715186.43004487;0.0 
 07/20  24:00:00;27.058333333333337;28.666355778416932;44539943.755943954;0.0 
 07/21  01:00:00;26.983333333333334;28.465312423919347;39939702.62900565;0.0 
 07/21  02:00:00;26.78333333333333;28.315511410265756;33416136.685462676;0.0 
 07/21  03:00:00;26.583333333333332;28.27797872124569;27086679.328596983;0.0 
 07/21  04:00:00;25.625;28.03527362672882;3903836.743626724;0.0 
 07/21  05:00:00;24.416666666666668;27.329526031295803;0.0;0.0 
 07/21  06:00:00;24.0;27.838214653205004;4641263.020599276;0.0 
 07/21  07:00:00;24.0;27.740210498903636;2780083.9753514;0.0 
 07/21  08:00:00;24.0;27.59527165266752;2049056.7605113673;0.0 
 07/21  09:00:00;24.583333333333332;27.584210452138397;1895751.0961817456;0.0 
 07/21  10:00:00;26.166666666666668;27.720610549742663;2013780.3699865104;0.0 
 07/21  11:00:00;27.0;27.77734797623909;2143312.493009744;0.0 
 07/21  12:00:00;27.641666666666666;27.660833310568748;2001840.6524438583;0.0 
 07/21  13:00:00;28.683333333333334;27.626519224104026;1883644.021924742;0.0 
 07/21  14:00:00;29.625;27.812359857977327;2153046.7017748677;0.0 
 07/21  15:00:00;30.583333333333332;28.005776514720385;2587729.727267407;0.0 
 07/21  16:00:00;31.46666666666667;28.153618568371687;2978867.326076907;0.0 
 07/21  17:00:00;32.266666666666666;28.22809989362651;3218248.9076149557;0.0 
 07/21  18:00:00;33.06666666666667;28.111376958481987;3107618.5481427805;0.0 
 07/21  19:00:00;32.758333333333326;27.87876539575377;2565111.70723091;0.0 
 07/21  20:00:00;31.599999999999998;27.745767749098913;2205423.886735891;0.0 
 07/21  21:00:00;30.458333333333332;27.5826619947146;1942182.6709507203;0.0 
 07/21  22:00:00;30.0;27.414463636562456;119271395.43422991;0.0 
 07/21  23:00:00;29.416666666666668;27.284189697710616;115348796.27163664;0.0 
 07/21  24:00:00;29.116666666666664;27.211929191416164;106864554.98077562;0.0 
 07/22  01:00:00;28.96666666666667;27.186943511100967;102617740.55382618;0.0 
 07/22  02:00:00;28.566666666666666;27.137627942243896;91545439.7206861;0.0 
 07/22  03:00:00;28.166666666666668;27.08316203016631;79489905.59886804;0.0 
 07/22  04:00:00;28.0;27.031914537407676;74049361.51137799;0.0 
 07/22  05:00:00;27.416666666666668;26.977134642922195;53119255.78111897;0.0 
 07/22  06:00:00;27.116666666666664;26.921448575217017;2180786.027011354;0.0 
 07/22  07:00:00;27.083333333333332;26.900102089702784;1407752.523965116;0.0 
 07/22  08:00:00;27.0;26.990607535031813;1377447.7336882448;0.0 
 07/22  09:00:00;28.166666666666668;27.13440517906101;1445773.834944922;0.0 
 07/22  10:00:00;30.166666666666668;27.379913667931305;1714294.9522092799;0.0 
 07/22  11:00:00;31.583333333333332;27.711673487097915;2350352.2742738845;0.0 
 07/22  12:00:00;32.93333333333333;28.108709161317986;3315780.6931698574;0.0 
 07/22  13:00:00;34.300000000000004;28.52965615505181;4455977.478003723;0.0 
 07/22  14:00:00;35.44166666666667;28.934586438697494;5605639.476849267;0.0 
 07/22  15:00:00;36.6;29.302891308325314;6656583.3882903885;0.0 
 07/22  16:00:00;37.625;29.60517878878733;7495508.028085491;0.0 
 07/22  17:00:00;38.0;29.78350085826545;7947735.096544117;0.0 
 07/22  18:00:00;37.94166666666667;29.815997507515274;311754202.7439196;0.0 
 07/22  19:00:00;37.375;29.72444935481535;329393845.44994164;0.0 
 07/22  20:00:00;36.300000000000004;29.549574689003546;299674699.98908603;0.0 
 07/22  21:00:00;35.1;29.37961349914532;272298124.2685946;0.0 
 07/22  22:00:00;34.25;29.237817951395687;254436263.15170008;0.0 
 07/22  23:00:00;33.416666666666664;29.119104763329272;236536465.94593465;0.0 
 07/22  24:00:00;32.475;29.01237135835342;218500085.4311025;0.0 
 07/23  01:00:00;31.75;28.907043968479957;200653384.0018215;0.0 
 07/23  02:00:00;31.09166666666667;28.7975033131757;179012859.5942544;0.0 
 07/23  03:00:00;30.450000000000003;28.6855405860377;158118581.87486893;0.0 
 07/23  04:00:00;30.025000000000002;28.57581452430519;143702528.57262522;0.0 
 07/23  05:00:00;29.78333333333333;28.47341726375464;136995772.61936706;0.0 
 07/23  06:00:00;29.525000000000002;28.37842620202846;130704679.27027977;0.0 
 07/23  07:00:00;29.166666666666668;28.31478492623714;116975553.12262863;0.0 
 07/23  08:00:00;29.583333333333332;28.35748436166226;125254649.77471025;0.0 
 07/23  09:00:00;31.166666666666668;28.46402223595365;173615885.42369634;0.0 
 07/23  10:00:00;31.708333333333332;28.64098872943551;192700114.23526213;0.0 
 07/23  11:00:00;31.208333333333332;28.866409862604836;180926841.43326557;0.0 
 07/23  12:00:00;31.46666666666667;29.152506465148218;186114041.23763657;0.0 
 07/23  13:00:00;32.266666666666666;29.474988986375877;200673868.8336377;0.0 
 07/23  14:00:00;33.125;29.79212174024561;222261438.17724848;0.0 
 07/23  15:00:00;33.96666666666667;30.086905637184802;241818460.93542382;0.0 
 07/23  16:00:00;34.708333333333336;30.33143920422452;256331750.90946764;0.0 
 07/23  17:00:00;35.0;30.485317796923272;254101806.56562394;0.0 
 07/23  18:00:00;35.0;30.512184093993937;249221419.10521814;0.0 
 07/23  19:00:00;34.59166666666667;30.389485990154075;245086855.5817152;0.0 
 07/23  20:00:00;33.949999999999996;30.167101136595704;230687826.52591482;0.0 
 07/23  21:00:00;33.291666666666664;29.949284809417104;215244951.97405556;0.0 
 07/23  22:00:00;32.708333333333336;29.762308061672844;202940463.74663743;0.0 
 07/23  23:00:00;32.208333333333336;29.600004839985388;194919153.03074926;0.0 
 07/23  24:00:00;31.416666666666668;29.449960856615757;174817214.72983697;0.0 
 07/24  01:00:00;30.766666666666666;29.309703091024947;154142151.96635753;0.0 
 07/24  02:00:00;30.366666666666664;29.18077291197635;139851985.1877626;0.0 
 07/24  03:00:00;29.96666666666667;29.05701982821215;125899910.66324727;0.0 
 07/24  04:00:00;29.566666666666666;28.93650916173124;114607983.93664975;0.0 
 07/24  05:00:00;29.166666666666668;28.817665004434073;105495615.74669534;0.0 
 07/24  06:00:00;28.708333333333332;28.700036073412818;6523710.355462992;0.0 
 07/24  07:00:00;28.208333333333332;28.61182047878674;3824898.3156395415;0.0 
 07/24  08:00:00;28.583333333333332;28.643187164985694;3639210.91024106;0.0 
 07/24  09:00:00;29.583333333333332;28.727815316076658;3794017.112025466;0.0 
 07/24  10:00:00;30.583333333333332;28.898685626965346;4202355.61733321;0.0 
 07/24  11:00:00;32.166666666666664;29.167887620510516;4917581.423573807;0.0 
 07/24  12:00:00;34.050000000000004;29.517461301725756;5925219.406057932;0.0 
 07/24  13:00:00;35.44166666666667;29.901552384474552;7111936.097842803;0.0 
 07/24  14:00:00;36.483333333333334;30.283011326633773;8334653.54392406;0.0 
 07/24  15:00:00;37.541666666666664;30.629713446365738;9444155.962635094;0.0 
 07/24  16:00:00;38.0;30.89026896380214;10263757.397627294;0.0 
 07/24  17:00:00;38.583333333333336;31.04001559895723;10684495.31966649;0.0 
 07/24  18:00:00;38.88333333333333;31.057029318236484;10641194.522431329;0.0 
 07/24  19:00:00;38.333333333333336;30.916290517129635;10099281.189130273;0.0 
 07/24  20:00:00;37.416666666666664;30.67302571880927;9243832.553480867;0.0 
 07/24  21:00:00;36.416666666666664;30.434182560297202;8405755.622250041;0.0 
 07/24  22:00:00;35.416666666666664;30.230597162681374;226909170.9401169;0.0 
 07/24  23:00:00;34.416666666666664;30.05329820859237;230152493.04976353;0.0 
 07/24  24:00:00;33.88333333333333;29.901778857239105;219792905.7013164;0.0 
 07/25  01:00:00;33.391666666666666;29.759037144742404;207546482.63322553;0.0 
 07/25  02:00:00;32.75;29.614246664907665;189532052.12721768;0.0 
 07/25  03:00:00;32.09166666666667;29.47514243207566;171264774.70734018;0.0 
 07/25  04:00:00;31.916666666666668;29.349708614695135;164943694.53397527;0.0 
 07/25  05:00:00;31.241666666666664;29.225431735453835;145485721.8422253;0.0 
 07/25  06:00:00;29.941666666666666;29.089469939498557;6917463.202908648;0.0 
 07/25  07:00:00;29.166666666666668;28.991109858761433;4435955.917301787;0.0 
 07/25  08:00:00;29.583333333333332;29.00157723591497;4314365.737537097;0.0 
 07/25  09:00:00;27.666666666666668;29.029391600598785;4389106.423227288;0.0 
 07/25  10:00:00;28.333333333333332;29.14935213725293;4690936.877795636;0.0 
 07/25  11:00:00;31.166666666666668;29.39949771055512;5322976.638429732;0.0 
 07/25  12:00:00;32.233333333333334;29.6892719277318;6164698.427095311;0.0 
 07/25  13:00:00;32.69166666666667;30.00008746679244;7144892.287480063;0.0 
 07/25  14:00:00;33.19166666666667;30.315115233133024;8168877.31946742;0.0 
 07/25  15:00:00;33.69166666666667;30.603880971166618;9109891.566884547;0.0 
 07/25  16:00:00;33.958333333333336;30.820285179252284;9809972.87281425;0.0 
 07/25  17:00:00;34.05833333333333;30.928656468561233;10137833.468781881;0.0 
 07/25  18:00:00;34.15833333333333;30.903304601703397;10007367.48084575;0.0 
 07/25  19:00:00;32.916666666666664;30.713785180194453;9377544.192153715;0.0 
 07/25  20:00:00;32.233333333333334;30.447758374103433;8504182.271419235;0.0 
 07/25  21:00:00;32.63333333333333;30.22300053226591;7728044.957933875;0.0 
 07/25  22:00:00;32.916666666666664;30.038822569928016;183412206.3901918;0.0 
 07/25  23:00:00;32.416666666666664;29.870661266488828;188152544.32440573;0.0 
 07/25  24:00:00;31.00833333333334;29.70120634141178;156827246.1273454;0.0 
 07/26  01:00:00;29.833333333333332;29.535546259149438;126863210.0154126;0.0 
 07/26  02:00:00;29.09166666666667;29.381135284555835;104000569.85054244;0.0 
 07/26  03:00:00;28.333333333333332;29.232856555099136;81537259.22892246;0.0 
 07/26  04:00:00;28.0;29.096293893420107;70699245.84983647;0.0 
 07/26  05:00:00;27.416666666666668;28.966635463579774;53086811.33018066;0.0 
 07/26  06:00:00;26.941666666666666;28.8405849718371;6924736.496491784;0.0 
 07/26  07:00:00;26.958333333333332;28.75425498053117;4048514.770557737;0.0 
 07/26  08:00:00;27.583333333333332;28.76924429387631;3857403.8064556513;0.0 
 07/26  09:00:00;28.46666666666667;28.8361231483119;3979841.0929123624;0.0 
 07/26  10:00:00;29.5;28.986312926354202;4330128.892102115;0.0 
 07/26  11:00:00;31.166666666666668;29.215437397343802;4922826.654479334;0.0 
 07/26  12:00:00;32.641666666666666;29.516744768597363;5785299.904234644;0.0 
 07/26  13:00:00;33.800000000000004;29.865526413550004;6863356.343510753;0.0 
 07/26  14:00:00;35.05833333333333;30.228396761826435;8020686.447747532;0.0 
 07/26  15:00:00;36.300000000000004;30.56471081227549;9101520.369894225;0.0 
 07/26  16:00:00;36.916666666666664;30.81892497412498;9920501.470087154;0.0 
 07/26  17:00:00;37.23333333333334;30.96331930403274;10360957.175992312;0.0 
 07/26  18:00:00;37.63333333333333;30.985914852904244;10368594.77890217;0.0 
 07/26  19:00:00;37.333333333333336;30.856090871555907;9886996.350803018;0.0 
 07/26  20:00:00;36.35833333333334;30.620364651228442;9079562.00634554;0.0 
 07/26  21:00:00;35.25833333333333;30.385089794829742;8268870.041782696;0.0 
 07/26  22:00:00;34.45000000000001;30.182934896067547;215794153.82016802;0.0 
 07/26  23:00:00;33.85;30.008347679661256;225839812.09052527;0.0 
 07/26  24:00:00;33.25;29.85175835247381;212650397.35852563;0.0 
 07/27  01:00:00;32.766666666666666;29.7090485990332;201087285.75261652;0.0 
 07/27  02:00:00;32.36666666666667;29.57717589098148;191662709.36358884;0.0 
 07/27  03:00:00;31.96666666666667;29.450653793941555;182548369.14465678;0.0 
 07/27  04:00:00;31.275000000000002;29.324408336396214;163163281.57267866;0.0 
 07/27  05:00:00;30.375;29.19566407332057;137564535.35169184;0.0 
 07/27  06:00:00;29.474999999999998;29.064660940955424;7291523.547683882;0.0 
 07/27  07:00:00;29.041666666666668;28.966358494328905;4417817.889886455;0.0 
 07/27  08:00:00;29.0;28.98051696371861;4274074.652284225;0.0 
 07/27  09:00:00;29.7;29.042891363838987;4399110.270979904;0.0 
 07/27  10:00:00;30.666666666666668;29.20049324135353;4786972.86201245;0.0 
 07/27  11:00:00;31.875;29.44830762139581;5453371.671421537;0.0 
 07/27  12:00:00;33.375;29.754332412181697;6341862.533343257;0.0 
 07/27  13:00:00;34.70000000000001;30.08112139965736;7348063.7677508;0.0 
 07/27  14:00:00;35.9;30.383306554953545;8304231.562251424;0.0 
 07/27  15:00:00;37.1;30.638935220102777;9105763.666287193;0.0 
 07/27  16:00:00;37.833333333333336;30.825470001699262;9687539.162931684;0.0 
 07/27  17:00:00;38.0;30.92656083052115;9987709.954622196;0.0 
 07/27  18:00:00;37.766666666666666;30.9254131464831;9943954.399181332;0.0 
 07/27  19:00:00;37.25;30.79838912167757;9506849.594432304;0.0 
 07/27  20:00:00;36.475;30.58844048339992;8810238.791173363;0.0 
 07/27  21:00:00;35.574999999999996;30.389354670563176;8125880.940312575;0.0 
 07/27  22:00:00;35.083333333333336;30.218689622646604;219420590.51889545;0.0 
 07/27  23:00:00;34.59166666666667;30.066109883613723;233552015.47077113;0.0 
 07/27  24:00:00;33.891666666666666;29.921772274304384;216780818.77742523;0.0 
 07/28  01:00:00;33.30833333333333;29.78508069033398;202452299.37817308;0.0 
 07/28  02:00:00;32.75;29.65741239786597;192540417.8121262;0.0 
 07/28  03:00:00;32.208333333333336;29.53270472204582;182721257.88957822;0.0 
 07/28  04:00:00;31.708333333333332;29.407860126666193;171812205.334191;0.0 
 07/28  05:00:00;31.208333333333332;29.28597481358564;159197538.6267842;0.0 
 07/28  06:00:00;30.766666666666666;29.168724871409548;7474309.91621732;0.0 
 07/28  07:00:00;30.25;28.9634756936057;4457059.445329934;0.0 
 07/28  08:00:00;30.0;28.756556245583365;3922159.4724326986;0.0 
 07/28  09:00:00;28.71666666666667;28.567841605862686;3542019.3057111152;0.0 
 07/28  10:00:00;28.733333333333334;28.50786077769919;3360886.845244679;0.0 
 07/28  11:00:00;30.333333333333332;28.564539227304426;3455766.28266834;0.0 
 07/28  12:00:00;31.46666666666667;28.44685424244457;3298974.671637794;0.0 
 07/28  13:00:00;32.733333333333334;28.426784392284446;3186252.905304449;0.0 
 07/28  14:00:00;34.333333333333336;28.735164052920776;3732206.389269447;0.0 
 07/28  15:00:00;35.93333333333333;28.913422690081248;4396752.359705231;0.0 
 07/28  16:00:00;36.833333333333336;28.700274740089835;4014748.2729135123;0.0 
 07/28  17:00:00;37.0;28.440566773508067;3380094.0184128378;0.0 
 07/28  18:00:00;36.65;28.20759355673521;2904766.5808979943;0.0 
 07/28  19:00:00;35.583333333333336;27.977804397229274;2500681.616854543;0.0 
 07/28  20:00:00;34.125;27.854331569867615;2253692.2637022934;0.0 
 07/28  21:00:00;32.625;27.712103557464943;2041375.5611606848;0.0 
 07/28  22:00:00;32.0;27.51010605607416;140699595.48040298;0.0 
 07/28  23:00:00;31.416666666666668;27.399004125688105;147138165.07719105;0.0 
 07/28  24:00:00;30.941666666666666;27.357321502141406;137407819.0753157;0.0 
 07/29  01:00:00;30.724999999999998;27.37511074614977;132683542.40183862;0.0 
 07/29  02:00:00;30.483333333333334;27.327040315468214;129386300.01458365;0.0 
 07/29  03:00:00;30.224999999999998;27.27025176591324;125292305.40353693;0.0 
 07/29  04:00:00;31.208333333333332;27.22567849708911;152860246.03786758;0.0 
 07/29  05:00:00;30.25;27.157936981009865;126583125.22233897;0.0 
 07/29  06:00:00;29.058333333333334;27.072108515407663;2224862.531770165;0.0 
 07/29  07:00:00;29.041666666666668;27.037245818074254;1507109.4427856747;0.0 
 07/29  08:00:00;29.0;27.117249205054875;1495734.3941870432;0.0 
 07/29  09:00:00;29.058333333333334;27.241470294333496;1451816.5111485345;0.0 
 07/29  10:00:00;29.625;27.455207915100456;1751328.1106569904;0.0 
 07/29  11:00:00;30.583333333333332;27.76942977492442;2415145.808554297;0.0 
 07/29  12:00:00;32.050000000000004;28.159624338481525;3394683.6353432713;0.0 
 07/29  13:00:00;33.208333333333336;28.587041477593264;4574081.984069335;0.0 
 07/29  14:00:00;33.85;29.01024783103976;5807175.0094996225;0.0 
 07/29  15:00:00;34.50833333333333;29.399884133591225;6948569.555153696;0.0 
 07/29  16:00:00;34.916666666666664;29.71110729714736;7837324.58871348;0.0 
 07/29  17:00:00;35.0;29.903091655538095;8330263.638049275;0.0 
 07/29  18:00:00;35.0;29.951995509534672;194238248.7198435;0.0 
 07/29  19:00:00;34.65;29.844421455060527;186030308.32315168;0.0 
 07/29  20:00:00;33.99166666666667;29.636163621975737;153482194.70502615;0.0 
 07/29  21:00:00;33.35;29.433545998399;169864294.28638712;0.0 
 07/29  22:00:00;33.041666666666664;29.266092214962253;194005951.59117275;0.0 
 07/29  23:00:00;32.59166666666667;29.123514988252108;178171774.62194714;0.0 
 07/29  24:00:00;31.95;28.991130228179497;162409943.44052926;0.0 
 07/30  01:00:00;31.349999999999998;28.865261426034568;148534462.0207144;0.0 
 07/30  02:00:00;30.808333333333334;28.744431732597317;137869018.85107595;0.0 
 07/30  03:00:00;30.25;28.628229151257276;124637764.79702507;0.0 
 07/30  04:00:00;29.650000000000002;28.51444776554869;109376978.6033459;0.0 
 07/30  05:00:00;29.05;28.40162591765693;93601036.1177518;0.0 
 07/30  06:00:00;28.45;28.291111496605215;77834933.40450512;0.0 
 07/30  07:00:00;28.083333333333332;28.21938784569912;68521941.85135071;0.0 
 07/30  08:00:00;28.583333333333332;28.257140045164054;82542933.08003677;0.0 
 07/30  09:00:00;29.0;28.337029769475816;93873289.16034168;0.0 
 07/30  10:00:00;29.583333333333332;28.492025268831824;100107805.79575172;0.0 
 07/30  11:00:00;30.583333333333332;28.726358933457217;106485612.58136915;0.0 
 07/30  12:00:00;31.583333333333332;29.011439155631905;127580642.07779874;0.0 
 07/30  13:00:00;32.641666666666666;29.32022150326399;166451665.28939596;0.0 
 07/30  14:00:00;33.68333333333333;29.61906830856564;215421016.8605246;0.0 
 07/30  15:00:00;34.74166666666667;29.862672453055936;233997012.92850107;0.0 
 07/30  16:00:00;35.083333333333336;30.012477165358604;240893858.48821962;0.0 
 07/30  17:00:00;33.833333333333336;30.027460896778592;213512365.08108857;0.0 
 07/30  18:00:00;31.833333333333332;29.906378751709557;162156969.70418102;0.0 
 07/30  19:00:00;32.75;29.75395110915443;182551331.83936948;0.0 
 07/30  20:00:00;33.82500000000001;29.610045380508343;208858021.3619179;0.0 
 07/30  21:00:00;33.525;29.465386867211176;210257772.38823962;0.0 
 07/30  22:00:00;33.225;29.197864039828374;207564157.39712977;0.0 
 07/30  23:00:00;32.86666666666667;28.90117785427739;229546672.1949739;0.0 
 07/30  24:00:00;32.525;28.731117289989864;263937166.9051681;0.0 
 07/31  01:00:00;31.758333333333336;28.582162412750307;212560632.35154554;0.0 
 07/31  02:00:00;30.600000000000005;28.47305068609423;145222598.55971685;0.0 
 07/31  03:00:00;29.458333333333332;28.29689747881756;116434974.03215653;0.0 
 07/31  04:00:00;28.825;28.13414584350689;99113939.61654967;0.0 
 07/31  05:00:00;28.583333333333332;28.059906423394636;90741404.72115071;0.0 
 07/31  06:00:00;28.325;27.91105481274107;4490663.819334443;0.0 
 07/31  07:00:00;28.083333333333332;27.763094150654908;2692429.9538248037;0.0 
 07/31  08:00:00;28.0;27.734557706083752;2141873.254322398;0.0 
 07/31  09:00:00;28.233333333333334;27.806923961139535;2143359.1289574634;0.0 
 07/31  10:00:00;28.166666666666668;27.911919635901782;2302698.0534050325;0.0 
 07/31  11:00:00;26.833333333333332;28.06233622603158;2617588.4822649662;0.0 
 07/31  12:00:00;24.833333333333332;28.24250439650182;3096010.0052182376;0.0 
 07/31  13:00:00;24.991666666666664;28.469757823550907;3746905.8662211113;0.0 
 07/31  14:00:00;26.691666666666666;28.73820971851985;4511973.10400812;0.0 
 07/31  15:00:00;28.391666666666666;28.98682046199688;5227035.157229548;0.0 
 07/31  16:00:00;29.041666666666668;29.169600244308608;5762025.120696815;0.0 
 07/31  17:00:00;29.583333333333332;29.10900422689892;5787615.71652982;0.0 
 07/31  18:00:00;30.058333333333337;28.697713433065683;4543015.416679455;0.0 
 07/31  19:00:00;29.108333333333334;28.42869240724433;3593079.790870466;0.0 
 07/31  20:00:00;28.10833333333333;28.262013553480685;3213985.2452210654;0.0 
 07/31  21:00:00;27.666666666666668;28.144082018071263;2964085.0073193526;0.0 
 07/31  22:00:00;28.2;28.05531349738462;74943844.56522866;0.0 
 07/31  23:00:00;29.34166666666667;27.912572135510946;110999472.69318636;0.0 
 07/31  24:00:00;30.5;27.755137452280593;135288354.65182117;0.0 
 08/01  01:00:00;31.700000000000006;27.72441706059531;157071238.44500217;0.0 
 08/01  02:00:00;31.96666666666667;27.687238492782658;160424976.56774685;0.0 
 08/01  03:00:00;31.45;27.635145287524068;152688448.06638408;0.0 
 08/01  04:00:00;30.791666666666668;27.558634100357967;141059421.8697683;0.0 
 08/01  05:00:00;29.8;27.368188359861023;117962452.55821323;0.0 
 08/01  06:00:00;28.775000000000002;27.26651730809148;2721337.1509314026;0.0 
 08/01  07:00:00;28.75;27.21815100739339;1843342.7373724037;0.0 
 08/01  08:00:00;27.833333333333332;27.1249915346924;1437723.832993282;0.0 
 08/01  09:00:00;27.349999999999998;27.055450312891736;1181619.4758026693;0.0 
 08/01  10:00:00;27.25;27.194455810594082;1264565.360638896;0.0 
 08/01  11:00:00;28.166666666666668;27.387220120708122;1527579.3719533517;0.0 
 08/01  12:00:00;30.166666666666668;27.653295221309765;2038625.7678434623;0.0 
 08/01  13:00:00;31.875;27.952508385965952;2736769.837402951;0.0 
 08/01  14:00:00;33.31666666666667;28.246379995857705;3512014.5935523584;0.0 
 08/01  15:00:00;34.775;28.32708932896927;3943563.2619441557;0.0 
 08/01  16:00:00;36.333333333333336;28.052015367695915;3231295.4766991725;0.0 
 08/01  17:00:00;37.0;27.780168885613836;2435620.585358233;0.0 
 08/01  18:00:00;35.95000000000001;27.65732477184189;2064832.3908744538;0.0 
 08/01  19:00:00;35.083333333333336;27.565161727796006;1889778.5662766856;0.0 
 08/01  20:00:00;34.18333333333333;27.430591972445438;1658684.2111324547;0.0 
 08/01  21:00:00;32.78333333333334;27.318222443009955;1470835.4646236454;0.0 
 08/01  22:00:00;32.083333333333336;27.203311766457915;168602405.3366508;0.0 
 08/01  23:00:00;31.416666666666668;27.150557474417287;179162977.09820193;0.0 
 08/01  24:00:00;30.88333333333334;27.109356073042964;161401828.91961616;0.0 
 08/02  01:00:00;29.925;27.08422352641885;128155948.95557821;0.0 
 08/02  02:00:00;28.425;27.022108563566444;82868629.27662437;0.0 
 08/02  03:00:00;26.925;26.907484028841818;34155386.0527546;0.0 
 08/02  04:00:00;26.708333333333332;26.792727660470238;26773073.782639306;0.0 
 08/02  05:00:00;27.0;26.746075779597593;36015680.920894444;0.0 
 08/02  06:00:00;26.416666666666668;26.6824301352187;1505811.5359245474;0.0 
 08/02  07:00:00;26.0;26.599560044656574;954090.6324968054;0.0 
 08/02  08:00:00;26.0;26.56576416059237;709749.0154419198;0.0 
 08/02  09:00:00;26.641666666666666;26.553810569017525;635847.0690983672;0.0 
 08/02  10:00:00;28.208333333333332;26.582306089858733;675809.9756782287;0.0 
 08/02  11:00:00;30.166666666666668;26.633580294088873;693665.1277992381;0.0 
 08/02  12:00:00;32.166666666666664;26.693937237811124;707327.2000322117;0.0 
 08/02  13:00:00;33.175000000000004;26.802996168608953;797221.0936538831;0.0 
 08/02  14:00:00;33.53333333333333;27.13706927108289;1316221.9645680927;0.0 
 08/02  15:00:00;33.875;27.56561402956886;2266839.359504177;0.0 
 08/02  16:00:00;34.0;27.764482910318005;2971226.295936334;0.0 
 08/02  17:00:00;35.166666666666664;27.528551048160733;2419695.248808613;0.0 
 08/02  18:00:00;35.94166666666667;27.244489001974788;1660582.436552033;0.0 
 08/02  19:00:00;35.375;27.03524666872747;1201784.0576552115;0.0 
 08/02  20:00:00;34.125;26.93250796056627;978160.3064863561;0.0 
 08/02  21:00:00;32.56666666666667;26.871167891259105;865858.304161156;0.0 
 08/02  22:00:00;31.666666666666668;26.818905966322138;167270777.76702085;0.0 
 08/02  23:00:00;31.208333333333332;26.779844859173306;174708475.95735848;0.0 
 08/02  24:00:00;30.941666666666666;26.713418267098373;163383474.48032454;0.0 
 08/03  01:00:00;30.55;26.654344009235004;146568464.9537867;0.0 
 08/03  02:00:00;30.008333333333336;26.591074838531398;127112430.42660357;0.0 
 08/03  03:00:00;29.45;26.54661698231266;107792151.32974464;0.0 
 08/03  04:00:00;29.141666666666666;26.562554644129136;97729959.81700915;0.0 
 08/03  05:00:00;29.041666666666668;26.545719698800763;95869905.11670336;0.0 
 08/03  06:00:00;28.941666666666666;26.523268533566124;956243.6324188081;0.0 
 08/03  07:00:00;28.958333333333332;26.529770093184855;792489.4323346906;0.0 
 08/03  08:00:00;29.0;26.627874617285386;835189.9530669666;0.0 
 08/03  09:00:00;29.75833333333334;26.785423024730083;1058295.337126488;0.0 
 08/03  10:00:00;31.291666666666668;27.033841883205024;1543083.4232109408;0.0 
 08/03  11:00:00;33.166666666666664;27.366192683869418;2025814.43107709;0.0 
 08/03  12:00:00;35.166666666666664;27.77169302102968;2849452.2655210826;0.0 
 08/03  13:00:00;36.75833333333333;28.225517062921153;4009129.5901618693;0.0 
 08/03  14:00:00;38.11666666666667;28.688855742771448;5298301.953521046;0.0 
 08/03  15:00:00;39.458333333333336;29.114975058143987;6485697.656059901;0.0 
 08/03  16:00:00;40.0;29.441885823404892;7365384.624860679;0.0 
 08/03  17:00:00;40.0;29.637527976116502;7830281.5644780975;0.0 
 08/03  18:00:00;39.300000000000004;29.67110561744252;7796275.211195629;0.0 
 08/03  19:00:00;38.916666666666664;29.570921700471782;7341913.378116306;0.0 
 08/03  20:00:00;38.125;29.417185649678164;6721335.651806235;0.0 
 08/03  21:00:00;36.625;29.264240883128945;6118893.695201903;0.0 
 08/03  22:00:00;35.416666666666664;29.125793615798386;243802249.43923482;0.0 
 08/03  23:00:00;33.71666666666667;28.989177506466433;235324596.65111762;0.0 
 08/03  24:00:00;31.516666666666666;28.844771877551214;171215627.3099446;0.0 
 08/04  01:00:00;30.308333333333334;28.70961790363435;134371284.15813145;0.0 
 08/04  02:00:00;29.866666666666664;28.593325698800996;119179715.24121839;0.0 
 08/04  03:00:00;29.40833333333333;28.488615364588018;103327986.22693753;0.0 
 08/04  04:00:00;29.083333333333332;28.391878515984242;90975442.94309208;0.0 
 08/04  05:00:00;29.0;28.30338538819993;86984768.97223651;0.0 
 08/04  06:00:00;28.766666666666666;28.21631660289135;4898977.305052343;0.0 
 08/04  07:00:00;28.25;28.153878140166555;3140966.3927601743;0.0 
 08/04  08:00:00;28.583333333333332;28.197856169908942;2902873.854897486;0.0 
 08/04  09:00:00;29.0;28.288898208403044;3052674.2174649416;0.0 
 08/04  10:00:00;29.40833333333333;28.461412881552747;3453363.6643179003;0.0 
 08/04  11:00:00;30.166666666666668;28.725330110187528;4142449.2908995757;0.0 
 08/04  12:00:00;30.90833333333333;29.056437402856044;5091110.2957792645;0.0 
 08/04  13:00:00;32.483333333333334;29.436148884058003;6232262.417183263;0.0 
 08/04  14:00:00;34.625;29.838335383615817;7459903.5511339;0.0 
 08/04  15:00:00;36.78333333333333;30.22266059350196;8628030.309380798;0.0 
 08/04  16:00:00;37.75833333333333;30.522397516023645;9534747.793801468;0.0 
 08/04  17:00:00;37.916666666666664;30.69489884259251;10022155.145488655;0.0 
 08/04  18:00:00;35.083333333333336;30.68290342608091;9943310.801513057;0.0 
 08/04  19:00:00;32.416666666666664;30.49467098658063;9305103.900564035;0.0 
 08/04  20:00:00;31.941666666666666;30.238056485068878;8401162.780835474;0.0 
 08/04  21:00:00;31.84166666666667;30.00645469739249;7555777.974401881;0.0 
 08/04  22:00:00;31.333333333333332;29.80706601415955;137056373.94664866;0.0 
 08/04  23:00:00;31.0;29.634162098629705;143478598.0773812;0.0 
 08/04  24:00:00;30.59166666666667;29.47983400257284;124941702.47058943;0.0 
 08/05  01:00:00;29.95;29.332502993169168;108282746.42086889;0.0 
 08/05  02:00:00;29.291666666666668;29.190978432025634;94511855.8804692;0.0 
 08/05  03:00:00;28.650000000000002;29.053980544025677;79964935.43038198;0.0 
 08/05  04:00:00;28.166666666666668;28.92287785265894;66572805.935640424;0.0 
 08/05  05:00:00;27.825;28.79996050916203;55751304.73519464;0.0 
 08/05  06:00:00;27.525000000000002;28.684378556157597;5973684.782427974;0.0 
 08/05  07:00:00;27.166666666666668;28.60627499133616;3790043.163408056;0.0 
 08/05  08:00:00;27.583333333333332;28.603448342599062;3583453.460962225;0.0 
 08/05  09:00:00;28.7;28.67385434080943;3704020.484036434;0.0 
 08/05  10:00:00;29.666666666666668;28.83259973230409;4061504.237025733;0.0 
 08/05  11:00:00;31.05;29.072255088276062;4668354.2691666195;0.0 
 08/05  12:00:00;32.791666666666664;29.371138314035232;5503242.052143383;0.0 
 08/05  13:00:00;34.199999999999996;29.69822574079805;6490289.3779813135;0.0 
 08/05  14:00:00;35.34166666666667;30.024920933028017;7525353.409164669;0.0 
 08/05  15:00:00;36.5;30.33759876740589;8522932.972465707;0.0 
 08/05  16:00:00;37.583333333333336;30.605352339207943;9370049.094174534;0.0 
 08/05  17:00:00;38.0;30.773300399229814;9881825.062024102;0.0 
 08/05  18:00:00;36.833333333333336;30.77935608318216;266536610.80313078;0.0 
 08/05  19:00:00;35.416666666666664;30.61560882469924;278329195.59056836;0.0 
 08/05  20:00:00;34.300000000000004;30.35704832730771;259126952.92428747;0.0 
 08/05  21:00:00;33.15833333333333;30.10993828619648;228275657.34043938;0.0 
 08/05  22:00:00;32.291666666666664;29.898621096406625;203436373.95461935;0.0 
 08/05  23:00:00;31.416666666666668;29.714596282252188;177207096.75224057;0.0 
 08/05  24:00:00;31.0;29.556648482262972;164428804.75790635;0.0 
 08/06  01:00:00;30.766666666666666;29.418099961562813;157466372.47091976;0.0 
 08/06  02:00:00;30.366666666666664;29.286314344280253;148919346.7192012;0.0 
 08/06  03:00:00;29.96666666666667;29.162834574066594;138428325.29386014;0.0 
 08/06  04:00:00;29.566666666666666;29.045258084779437;128295396.77722725;0.0 
 08/06  05:00:00;29.224999999999998;28.931752541064373;119929144.03925626;0.0 
 08/06  06:00:00;28.866666666666664;28.82122978061022;109463048.99362297;0.0 
 08/06  07:00:00;28.525000000000002;28.73329369313366;99715821.20615512;0.0 
 08/06  08:00:00;28.166666666666668;28.741577680602465;89955157.25493783;0.0 
 08/06  09:00:00;28.641666666666666;28.800901757257122;106215113.14246398;0.0 
 08/06  10:00:00;30.208333333333332;28.957494414913743;148834644.2794021;0.0 
 08/06  11:00:00;31.583333333333332;29.177106971864394;179889771.16080058;0.0 
 08/06  12:00:00;33.4;29.436740963022373;228315375.53834492;0.0 
 08/06  13:00:00;35.041666666666664;29.737439583667527;265942287.5687639;0.0 
 08/06  14:00:00;36.083333333333336;30.07210598222355;286819174.8127589;0.0 
 08/06  15:00:00;37.141666666666666;30.40090339684311;306206362.8696573;0.0 
 08/06  16:00:00;37.833333333333336;30.652942848771847;316747089.5103524;0.0 
 08/06  17:00:00;38.0;30.793445918876923;319981207.7677021;0.0 
 08/06  18:00:00;37.300000000000004;30.791770698005426;307118524.022375;0.0 
 08/06  19:00:00;35.75;30.64152055601043;276942259.94321936;0.0 
 08/06  20:00:00;34.59166666666667;30.40789774161389;251031649.2337863;0.0 
 08/06  21:00:00;33.891666666666666;30.191134166937733;238174364.40965667;0.0 
 08/06  22:00:00;33.30833333333333;30.004574626449113;225094165.79347903;0.0 
 08/06  23:00:00;32.75;29.83962287970591;209847220.88498902;0.0 
 08/06  24:00:00;32.208333333333336;29.689797601447268;196685633.34383678;0.0 
 08/07  01:00:00;31.825;29.553563148714005;185957196.802499;0.0 
 08/07  02:00:00;31.583333333333332;29.42663281013854;177938037.3329736;0.0 
 08/07  03:00:00;31.325;29.305926779540243;170106871.44701254;0.0 
 08/07  04:00:00;31.083333333333332;29.189288427883707;163585827.17756042;0.0 
 08/07  05:00:00;30.416666666666668;29.06866390280274;148254607.34306315;0.0 
 08/07  06:00:00;29.766666666666666;28.94791261309547;7366097.803896082;0.0 
 08/07  07:00:00;29.25;28.85968764594989;4245229.791438132;0.0 
 08/07  08:00:00;29.583333333333332;28.877724097584068;4073498.801095426;0.0 
 08/07  09:00:00;30.116666666666664;28.94165524318375;4200632.3560874;0.0 
 08/07  10:00:00;30.666666666666668;29.07093795551693;4523412.637818313;0.0 
 08/07  11:00:00;32.166666666666664;29.253758766316775;5001715.600027753;0.0 
 08/07  12:00:00;33.35;29.438577319656332;5507782.756516147;0.0 
 08/07  13:00:00;31.90833333333333;29.587360598232692;5970087.313456466;0.0 
 08/07  14:00:00;29.066666666666666;29.69397621586046;6382519.429929461;0.0 
 08/07  15:00:00;26.208333333333332;29.45853911721741;6240043.279798962;0.0 
 08/07  16:00:00;25.0;28.994488250229853;4902023.741269879;0.0 
 08/07  17:00:00;25.0;28.704468236678622;4038265.5191578697;0.0 
 08/07  18:00:00;25.349999999999998;28.282080223236743;3207089.395114744;0.0 
 08/07  19:00:00;25.833333333333332;27.96227869085368;2567584.8387626563;0.0 
 08/07  20:00:00;25.88333333333334;27.72503854690015;2195850.4229617864;0.0 
 08/07  21:00:00;25.683333333333334;27.668807021195363;1974976.6364774802;0.0 
 08/07  22:00:00;25.833333333333332;27.627988426976938;1225494.674386216;0.0 
 08/07  23:00:00;26.0;27.578414318438337;4848509.536020138;0.0 
 08/07  24:00:00;25.88333333333334;27.47319645902161;1108579.8118995854;0.0 
 08/08  01:00:00;25.8;27.33948843676542;0.0;0.0 
 08/08  02:00:00;25.741666666666664;27.20074796320847;0.0;0.0 
 08/08  03:00:00;25.7;27.073158335732668;0.0;0.0 
 08/08  04:00:00;25.875;27.0585846908742;671349.2036177636;0.0 
 08/08  05:00:00;26.0;27.016302144543193;2700386.0093171;0.0 
 08/08  06:00:00;25.650000000000002;26.94177078223224;2069883.7746412135;0.0 
 08/08  07:00:00;25.166666666666668;26.898625257331485;1309038.4655504571;0.0 
 08/08  08:00:00;25.583333333333332;26.967405848689154;1285406.5825983987;0.0 
 08/08  09:00:00;26.291666666666668;27.089527862453792;1393198.3280301022;0.0 
 08/08  10:00:00;27.375;27.289139530615113;1510053.5189924515;0.0 
 08/08  11:00:00;28.583333333333332;27.56443955125613;1975758.1651349713;0.0 
 08/08  12:00:00;29.933333333333334;27.888183037643163;2702540.9594700495;0.0 
 08/08  13:00:00;31.358333333333334;28.245786692894594;3626415.3717342103;0.0 
 08/08  14:00:00;32.71666666666667;28.6298458043868;4683934.962972001;0.0 
 08/08  15:00:00;34.05833333333333;29.000463263977867;5729154.541319858;0.0 
 08/08  16:00:00;34.833333333333336;29.288666734221536;6532932.554840228;0.0 
 08/08  17:00:00;35.583333333333336;29.48021084471419;7026421.761799029;0.0 
 08/08  18:00:00;36.11666666666667;29.56055412954988;7174918.687259976;0.0 
 08/08  19:00:00;35.5;29.496031350193807;6902971.450591476;0.0 
 08/08  20:00:00;34.125;29.327748627481867;6329477.744040613;0.0 
 08/08  21:00:00;32.68333333333333;29.155441172770484;5731393.699448226;0.0 
 08/08  22:00:00;31.458333333333332;29.00378569247724;165611835.34854794;0.0 
 08/08  23:00:00;31.0;28.878973668633957;171203096.45574483;0.0 
 08/08  24:00:00;30.88333333333334;28.772948836966904;158849692.95594147;0.0 
 08/09  01:00:00;30.508333333333336;28.671781493166815;147397526.8330812;0.0 
 08/09  02:00:00;29.95;28.574136581611402;131906414.11912864;0.0 
 08/09  03:00:00;29.40833333333333;28.47903405621649;117057404.68605958;0.0 
 08/09  04:00:00;29.083333333333332;28.38721033293818;106073937.07990631;0.0 
 08/09  05:00:00;27.25;28.270976985490876;47740758.131992996;0.0 
 08/09  06:00:00;26.816666666666666;28.161691545566523;5653973.15522728;0.0 
 08/09  07:00:00;27.166666666666668;28.09131295633532;3216525.6130313952;0.0 
 08/09  08:00:00;27.583333333333332;28.11686327831551;2782532.6810776484;0.0 
 08/09  09:00:00;28.46666666666667;28.202952569765163;2904155.5493496545;0.0 
 08/09  10:00:00;30.083333333333332;28.38906972511818;3317587.105786476;0.0 
 08/09  11:00:00;32.166666666666664;28.689533009683885;4065126.3862115014;0.0 
 08/09  12:00:00;33.46666666666667;29.0669056077142;5115607.702749389;0.0 
 08/09  13:00:00;34.324999999999996;29.475258329121512;6349386.927827242;0.0 
 08/09  14:00:00;35.28333333333333;29.876854823464445;7601170.3471839605;0.0 
 08/09  15:00:00;36.225;30.224457077648477;8679589.466337977;0.0 
 08/09  16:00:00;36.833333333333336;30.470131181040927;9423471.511526218;0.0 
 08/09  17:00:00;37.0;30.593153618802287;9752535.43981087;0.0 
 08/09  18:00:00;37.23333333333334;30.58081604053857;9620721.212408828;0.0 
 08/09  19:00:00;36.583333333333336;30.4371555358608;9065695.290642222;0.0 
 08/09  20:00:00;35.53333333333333;30.225397967334704;8301715.844245247;0.0 
 08/09  21:00:00;34.733333333333334;30.024211385710373;7576336.3463560315;0.0 
 08/09  22:00:00;34.166666666666664;29.850590829581165;211868317.27998036;0.0 
 08/09  23:00:00;33.416666666666664;29.696709549413768;224021566.1413644;0.0 
 08/09  24:00:00;32.53333333333333;29.54915860881313;201458170.89307308;0.0 
 08/10  01:00:00;31.90833333333333;29.40810608917728;185141604.745009;0.0 
 08/10  02:00:00;31.349999999999998;29.275424873263233;171007327.32069615;0.0 
 08/10  03:00:00;30.808333333333334;29.14832331295366;156730017.67231506;0.0 
 08/10  04:00:00;30.25;29.02667231420504;143548081.22895458;0.0 
 08/10  05:00:00;30.0;28.9110243435004;138785339.29033446;0.0 
 08/10  06:00:00;29.650000000000002;28.800970789472856;7025914.398083381;0.0 
 08/10  07:00:00;29.166666666666668;28.702857553809892;4015067.0009545465;0.0 
 08/10  08:00:00;29.583333333333332;28.704675336419342;3786912.7386612957;0.0 
 08/10  09:00:00;30.349999999999998;28.770666409463285;3912854.523015732;0.0 
 08/10  10:00:00;31.416666666666668;28.936297245453375;4319678.003140423;0.0 
 08/10  11:00:00;33.75;29.228156623014836;5087889.108857492;0.0 
 08/10  12:00:00;35.35;29.595132383794933;6149970.741740497;0.0 
 08/10  13:00:00;36.416666666666664;29.985914643983396;7373067.044191515;0.0 
 08/10  14:00:00;37.81666666666667;30.38426134484583;8656102.176765457;0.0 
 08/10  15:00:00;39.21666666666667;30.75628374954178;9858625.029964691;0.0 
 08/10  16:00:00;39.858333333333334;31.038833994846232;10767298.98779136;0.0 
 08/10  17:00:00;39.958333333333336;31.192809779821204;11226370.224693134;0.0 
 08/10  18:00:00;39.59166666666667;31.19337939472108;11148253.500919323;0.0 
 08/10  19:00:00;39.125;31.05287019823091;10589087.056114208;0.0 
 08/10  20:00:00;38.300000000000004;30.823873150911755;9747672.768237341;0.0 
 08/10  21:00:00;37.041666666666664;30.596390080902935;8918878.95533742;0.0 
 08/10  22:00:00;36.09166666666667;30.39841470622856;251620478.9757712;0.0 
 08/10  23:00:00;35.333333333333336;30.2269968471157;264319176.25090805;0.0 
 08/10  24:00:00;34.65;30.072522201424203;248662703.09623802;0.0 
 08/11  01:00:00;34.050000000000004;29.929973921472563;232540218.4629412;0.0 
 08/11  02:00:00;33.508333333333326;29.79605408925863;213476971.2726571;0.0 
 08/11  03:00:00;32.95000000000001;29.666801873056894;194645212.48046815;0.0 
 08/11  04:00:00;32.291666666666664;29.395035759978597;174441686.9012815;0.0 
 08/11  05:00:00;31.416666666666668;29.03125372036474;155720254.47903398;0.0 
 08/11  06:00:00;30.416666666666668;28.770977767512008;6453937.370168894;0.0 
 08/11  07:00:00;30.0;28.614150205840584;3747832.3508138238;0.0 
 08/11  08:00:00;30.058333333333337;28.59001178007122;3483995.266487896;0.0 
 08/11  09:00:00;30.21666666666667;28.536243370142575;3412637.512252193;0.0 
 08/11  10:00:00;31.291666666666668;28.37082445863314;3167861.1993046626;0.0 
 08/11  11:00:00;33.166666666666664;28.274176234215115;2966159.940253632;0.0 
 08/11  12:00:00;35.28333333333333;28.218715247794336;2842028.6881484725;0.0 
 08/11  13:00:00;34.625;28.246636209269838;2852482.519243159;0.0 
 08/11  14:00:00;31.86666666666666;28.529291223959092;3367177.116621486;0.0 
 08/11  15:00:00;29.125;28.55850595394364;3864766.6915671146;0.0 
 08/11  16:00:00;31.5;28.253741661932334;3281539.0456729867;0.0 
 08/11  17:00:00;32.833333333333336;28.034486795725883;2651253.2975757993;0.0 
 08/11  18:00:00;32.583333333333336;27.927263395245603;2372999.0655827145;0.0 
 08/11  19:00:00;33.0;27.838277989563228;2222241.7128425045;0.0 
 08/11  20:00:00;32.18333333333334;27.671292539914873;1975459.8594536139;0.0 
 08/11  21:00:00;30.78333333333333;27.480833660119618;1712725.9326298432;0.0 
 08/11  22:00:00;29.5;27.23239028834338;77667862.0696239;0.0 
 08/11  23:00:00;28.708333333333332;27.17894581742354;79718882.01414981;0.0 
 08/11  24:00:00;28.208333333333332;27.180047192140474;75435018.98272026;0.0 
 08/12  01:00:00;28.116666666666664;27.12922962333658;69953006.40328974;0.0 
 08/12  02:00:00;28.258333333333336;27.078068621785075;69935995.19785671;0.0 
 08/12  03:00:00;28.416666666666668;27.026446946066866;70326846.21727642;0.0 
 08/12  04:00:00;28.791666666666668;26.97974246163138;78043501.48470894;0.0 
 08/12  05:00:00;29.0;26.935061655367107;80146631.15599237;0.0 
 08/12  06:00:00;28.066666666666666;26.876831203146917;1459050.110962079;0.0 
 08/12  07:00:00;27.166666666666668;26.827045785105224;1112983.552566672;0.0 
 08/12  08:00:00;27.583333333333332;26.887887460312914;1136060.1917469946;0.0 
 08/12  09:00:00;28.291666666666668;27.017283178221835;1167270.485705047;0.0 
 08/12  10:00:00;29.958333333333332;27.25957733238533;1507577.239079362;0.0 
 08/12  11:00:00;31.583333333333332;27.606225170091477;2197296.7173531363;0.0 
 08/12  12:00:00;33.166666666666664;28.020746592848315;3195085.7703429796;0.0 
 08/12  13:00:00;34.75833333333333;28.4768064645022;4424322.277131706;0.0 
 08/12  14:00:00;36.11666666666667;28.93791331920103;5742964.621174914;0.0 
 08/12  15:00:00;37.458333333333336;29.36071055369095;6970637.451010237;0.0 
 08/12  16:00:00;38.0;29.68315983195123;7895325.690653301;0.0 
 08/12  17:00:00;38.0;29.871611041621662;8383085.403838733;0.0 
 08/12  18:00:00;37.53333333333333;29.911674479437877;248192697.5846737;0.0 
 08/12  19:00:00;37.083333333333336;29.813225485591488;261690665.8732559;0.0 
 08/12  20:00:00;36.53333333333333;29.627404372202047;243702729.69959956;0.0 
 08/12  21:00:00;35.791666666666664;29.43937229357648;240753712.8587373;0.0 
 08/12  22:00:00;35.208333333333336;29.2806339208931;233647271.77776107;0.0 
 08/12  23:00:00;35.0;29.15212309836421;225623370.36531985;0.0 
 08/12  24:00:00;33.833333333333336;29.026068466161387;198052487.7418347;0.0 
 08/13  01:00:00;32.475;28.89573758720824;168027596.2826437;0.0 
 08/13  02:00:00;31.575;28.774867094852073;148298338.29680198;0.0 
 08/13  03:00:00;30.675;28.655805441680098;127075672.59507114;0.0 
 08/13  04:00:00;30.125;28.54252452097577;117647030.98531725;0.0 
 08/13  05:00:00;29.416666666666668;28.43053448030263;103484583.69637324;0.0 
 08/13  06:00:00;28.88333333333334;28.323095707763418;88909289.95110527;0.0 
 08/13  07:00:00;28.916666666666668;28.245197616582406;89392672.1311746;0.0 
 08/13  08:00:00;29.0;28.246280251173047;92922872.71375938;0.0 
 08/13  09:00:00;29.46666666666667;28.300417390382226;105080693.14914729;0.0 
 08/13  10:00:00;30.5;28.440343565822335;127393052.05600268;0.0 
 08/13  11:00:00;32.166666666666664;28.666337898897414;163136231.55844304;0.0 
 08/13  12:00:00;33.0;28.961324339173927;183130459.67524117;0.0 
 08/13  13:00:00;33.583333333333336;29.300151666739584;193942948.93204814;0.0 
 08/13  14:00:00;34.525;29.6535818241896;218222726.26196152;0.0 
 08/13  15:00:00;35.483333333333334;29.979382123355517;243068935.56083006;0.0 
 08/13  16:00:00;35.958333333333336;30.226785100236068;251606996.97902265;0.0 
 08/13  17:00:00;36.0;30.36155740732299;247363915.52948138;0.0 
 08/13  18:00:00;35.416666666666664;30.35671540142796;235709614.5093171;0.0 
 08/13  19:00:00;34.416666666666664;30.21243097463051;218990580.96875542;0.0 
 08/13  20:00:00;33.708333333333336;29.989032404736758;202094107.31006512;0.0 
 08/13  21:00:00;33.208333333333336;29.780336962316188;185296723.97007266;0.0 
 08/13  22:00:00;33.0;29.60503504455521;182790151.13043314;0.0 
 08/13  23:00:00;32.416666666666664;29.44942281337171;175368184.8769376;0.0 
 08/13  24:00:00;31.825;29.306177616231693;164393189.66894698;0.0 
 08/14  01:00:00;31.349999999999998;29.173438346351045;155286428.9227186;0.0 
 08/14  02:00:00;30.808333333333334;29.045722814446595;141007157.31043437;0.0 
 08/14  03:00:00;30.25;28.92381442375775;127487692.8694744;0.0 
 08/14  04:00:00;29.416666666666668;28.801551326133104;105946581.91544059;0.0 
 08/14  05:00:00;29.0;28.687151580860164;94648724.32595335;0.0 
 08/14  06:00:00;28.53333333333333;28.580285671543447;5966723.234909059;0.0 
 08/14  07:00:00;28.083333333333332;28.488476945494956;3616977.083537697;0.0 
 08/14  08:00:00;28.0;28.48377683561817;3364936.9441121696;0.0 
 08/14  09:00:00;28.7;28.54054398297762;3461309.4658925943;0.0 
 08/14  10:00:00;30.25;28.705909950078624;3824748.295668075;0.0 
 08/14  11:00:00;31.583333333333332;28.947736580281077;4425377.080856096;0.0 
 08/14  12:00:00;32.35;29.200223957580633;5129584.417605148;0.0 
 08/14  13:00:00;33.125;29.45229269706111;5877136.43212256;0.0 
 08/14  14:00:00;33.96666666666667;29.712239503285208;6651041.039266282;0.0 
 08/14  15:00:00;34.824999999999996;29.957094526382136;7382421.938610005;0.0 
 08/14  16:00:00;35.666666666666664;30.163277024560696;8014938.87497265;0.0 
 08/14  17:00:00;31.333333333333332;30.22700137973207;8322527.117703327;0.0 
 08/14  18:00:00;26.833333333333332;29.786130184197116;7594209.10939315;0.0 
 08/14  19:00:00;25.416666666666668;29.10138838994899;5445339.08962196;0.0 
 08/14  20:00:00;25.233333333333334;28.822081991236114;4214990.663232243;0.0 
 08/14  21:00:00;25.63333333333333;28.44138351105453;3518009.3664119067;0.0 
 08/14  22:00:00;25.916666666666668;28.04062748803793;2548480.7758701006;0.0 
 08/14  23:00:00;26.0;27.799993464180385;4180380.2845422956;0.0 
 08/14  24:00:00;26.0;27.71182613814752;4199343.255088889;0.0 
 08/15  01:00:00;25.88333333333334;27.714279069387857;1433567.3465716252;0.0 
 08/15  02:00:00;25.741666666666664;27.58802991882089;0.0;0.0 
 08/15  03:00:00;25.583333333333332;27.409328991571368;0.0;0.0 
 08/15  04:00:00;25.38333333333334;27.197876415268677;0.0;0.0 
 08/15  05:00:00;25.24166666666667;27.011942740761228;0.0;0.0 
 08/15  06:00:00;25.083333333333332;27.227818509696093;3060069.7557502845;0.0 
 08/15  07:00:00;25.0;27.171264711791014;1812799.8451260647;0.0 
 08/15  08:00:00;25.583333333333332;27.204462932452042;1645558.922814885;0.0 
 08/15  09:00:00;26.991666666666664;27.31364062639172;1535984.0400410132;0.0 
 08/15  10:00:00;28.458333333333332;27.519521208254442;1761179.4582345928;0.0 
 08/15  11:00:00;30.166666666666668;27.79991859102151;2294854.580306267;0.0 
 08/15  12:00:00;31.700000000000006;28.095615479150016;2976447.541902023;0.0 
 08/15  13:00:00;32.84166666666667;28.377576323239964;3712666.9408345297;0.0 
 08/15  14:00:00;34.0;28.69950539785721;4612553.430725314;0.0 
 08/15  15:00:00;35.141666666666666;29.067346802850334;5681755.832476543;0.0 
 08/15  16:00:00;35.833333333333336;29.387623030362022;6635388.374020709;0.0 
 08/15  17:00:00;36.0;29.591253620580574;7230428.907074799;0.0 
 08/15  18:00:00;36.35;29.666235952353677;7391366.381436484;0.0 
 08/15  19:00:00;35.666666666666664;29.59921122528355;7114061.6582327075;0.0 
 08/15  20:00:00;34.358333333333334;29.431500049576698;6535228.145877656;0.0 
 08/15  21:00:00;33.25833333333333;29.265358983256885;5942872.483063663;0.0 
 08/15  22:00:00;32.333333333333336;29.119620535025792;177878867.37687522;0.0 
 08/15  23:00:00;32.0;29.00064955959937;185481962.92198172;0.0 
 08/15  24:00:00;31.416666666666668;28.893313302058516;164817681.03397828;0.0 
 08/16  01:00:00;30.825;28.789467047363573;151603525.91793412;0.0 
 08/16  02:00:00;30.583333333333332;28.697277596837495;142841981.87543812;0.0 
 08/16  03:00:00;30.325;28.606158184680385;132919768.45548353;0.0 
 08/16  04:00:00;30.083333333333332;28.51342720552657;126028658.15464869;0.0 
 08/16  05:00:00;30.0;28.424042753717075;126423210.47783762;0.0 
 08/16  06:00:00;29.53333333333333;28.33027632903004;5500776.238034764;0.0 
 08/16  07:00:00;29.083333333333332;28.25064950897244;3330798.8538095173;0.0 
 08/16  08:00:00;29.0;28.262774235454902;3021750.7767779934;0.0 
 08/16  09:00:00;29.875;28.336458024855435;3142216.8622932606;0.0 
 08/16  10:00:00;31.375;28.514595549787302;3542992.6650410574;0.0 
 08/16  11:00:00;32.583333333333336;28.787421411724182;4234334.389945223;0.0 
 08/16  12:00:00;33.525;29.10965165455863;5134504.487921806;0.0 
 08/16  13:00:00;34.483333333333334;29.455428520822398;6159469.675331277;0.0 
 08/16  14:00:00;35.541666666666664;29.819524706844053;7274980.452443298;0.0 
 08/16  15:00:00;36.583333333333336;30.160112981284865;8327103.217527803;0.0 
 08/16  16:00:00;37.0;30.413129833844604;9107338.325553704;0.0 
 08/16  17:00:00;37.583333333333336;30.569996966266473;9557457.015013147;0.0 
 08/16  18:00:00;37.65;30.602381709514503;9589803.995793685;0.0 
 08/16  19:00:00;36.40833333333333;30.47863646585762;9131286.541174462;0.0 
 08/16  20:00:00;34.76666666666667;30.2617728934097;8378074.178212453;0.0 
 08/16  21:00:00;33.108333333333334;29.97167524934255;7524885.7527906485;0.0 
 08/16  22:00:00;31.583333333333332;29.412991098172242;140889919.13002956;0.0 
 08/16  23:00:00;31.0;28.936416448763936;147944614.82404998;0.0 
 08/16  24:00:00;30.650000000000002;28.62104830752084;141760874.61070096;0.0 
 08/17  01:00:00;29.875;28.393152118452296;119984787.09986296;0.0 
 08/17  02:00:00;29.03333333333333;28.212621887609703;96127038.14661351;0.0 
 08/17  03:00:00;28.175;28.056163586431865;71961739.81090152;0.0 
 08/17  04:00:00;27.916666666666668;27.913329133175242;63923961.633954614;0.0 
 08/17  05:00:00;28.0;27.78477985906873;64996194.68699822;0.0 
 08/17  06:00:00;27.474999999999998;27.73495322074997;3833244.9745660755;0.0 
 08/17  07:00:00;24.708333333333332;27.620110799475132;2487265.8674554788;0.0 
 08/17  08:00:00;23.0;27.383569028864333;1718668.5391509521;0.0 
 08/17  09:00:00;23.525000000000002;27.275547368714246;1437759.3169140385;0.0 
 08/17  10:00:00;24.541666666666668;27.282900559771292;1373818.4815268326;0.0 
 08/17  11:00:00;25.583333333333332;27.28045991634797;1437683.3599373694;0.0 
 08/17  12:00:00;27.28333333333333;27.21656427866003;1370552.1573466784;0.0 
 08/17  13:00:00;28.724999999999998;27.25698999372523;1373696.9294258144;0.0 
 08/17  14:00:00;29.566666666666666;27.55550472254745;1756931.907815142;0.0 
 08/17  15:00:00;30.425;27.739387063860804;2297078.558694808;0.0 
 08/17  16:00:00;29.166666666666668;27.5250131876511;2013449.630065173;0.0 
 08/17  17:00:00;26.25;27.17942017540909;1388327.1763055176;0.0 
 08/17  18:00:00;24.708333333333332;26.86394937745651;880767.9902220039;0.0 
 08/17  19:00:00;24.208333333333332;26.6131722143268;526692.4540427629;0.0 
 08/17  20:00:00;24.116666666666664;26.50390311350326;250222.18016051175;0.0 
 08/17  21:00:00;24.375;26.455493261712125;125586.07692862765;0.0 
 08/17  22:00:00;24.791666666666668;25.808663672346352;0.0;0.0 
 08/17  23:00:00;25.0;25.859179210796338;0.0;0.0 
 08/17  24:00:00;25.0;25.824226391066464;0.0;0.0 
 08/18  01:00:00;24.941666666666666;25.756580120960816;0.0;0.0 
 08/18  02:00:00;24.900000000000002;25.651782862890627;0.0;0.0 
 08/18  03:00:00;24.841666666666665;25.58624356334522;0.0;0.0 
 08/18  04:00:00;24.333333333333332;25.27452944005799;0.0;0.0 
 08/18  05:00:00;24.0;25.01923138915269;0.0;0.0 
 08/18  06:00:00;24.058333333333334;25.544757696924638;0.0;0.0 
 08/18  07:00:00;24.625;25.692210816434283;0.0;0.0 
 08/18  08:00:00;25.0;25.835661857198172;0.0;0.0 
 08/18  09:00:00;24.88333333333334;26.089940412646445;91523.90505791648;0.0 
 08/18  10:00:00;25.5;26.23172665882824;387649.5380768529;0.0 
 08/18  11:00:00;27.166666666666668;26.252648997378234;423193.70041719684;0.0 
 08/18  12:00:00;28.7;26.258982397851412;362921.35285564285;0.0 
 08/18  13:00:00;29.724999999999998;26.320576104063164;431031.50098776625;0.0 
 08/18  14:00:00;30.683333333333334;26.570327650904016;922161.1190118284;0.0 
 08/18  15:00:00;31.625;26.74462632476646;1358936.7561973396;0.0 
 08/18  16:00:00;32.0;26.730290017098167;1194570.5681494637;0.0 
 08/18  17:00:00;32.0;26.80179476149056;1093271.764561636;0.0 
 08/18  18:00:00;32.0;26.769237059789067;1031232.7866026198;0.0 
 08/18  19:00:00;32.0;26.63561650982319;751933.6609725802;0.0 
 08/18  20:00:00;31.474999999999998;26.544744038200502;547571.0006274254;0.0 
 08/18  21:00:00;30.575;26.486549424789217;440225.5633005201;0.0 
 08/18  22:00:00;30.083333333333332;26.434334600490818;123432863.26355183;0.0 
 08/18  23:00:00;28.833333333333332;26.33553881993544;91729890.07790461;0.0 
 08/18  24:00:00;27.066666666666666;26.23902497640044;30850235.637610614;0.0 
 08/19  01:00:00;26.10833333333333;26.220161702327903;4096803.6025180724;0.0 
 08/19  02:00:00;25.55;25.976474127034606;0.0;0.0 
 08/19  03:00:00;25.008333333333336;25.653841868571234;0.0;0.0 
 08/19  04:00:00;24.916666666666668;25.549897346624505;0.0;0.0 
 08/19  05:00:00;24.88333333333334;25.491542068045344;0.0;0.0 
 08/19  06:00:00;24.683333333333337;25.83981491849536;0.0;0.0 
 08/19  07:00:00;24.833333333333332;25.868715675671563;0.0;0.0 
 08/19  08:00:00;25.583333333333332;26.043191787550636;2838.008635781553;0.0 
 08/19  09:00:00;26.583333333333332;26.27212903422326;441826.94794790004;0.0 
 08/19  10:00:00;28.166666666666668;26.538040104033417;1142912.5520301622;0.0 
 08/19  11:00:00;29.583333333333332;26.866962788252682;1801778.3604194815;0.0 
 08/19  12:00:00;30.525000000000002;27.19615634451509;2443814.3351395708;0.0 
 08/19  13:00:00;31.191666666666666;27.47969882376349;2609198.923956725;0.0 
 08/19  14:00:00;31.75;27.733234644566096;3021396.1038938984;0.0 
 08/19  15:00:00;32.291666666666664;27.991274183359497;3621285.861570785;0.0 
 08/19  16:00:00;32.791666666666664;28.23273133729812;4231263.179149123;0.0 
 08/19  17:00:00;33.0;28.39820957550624;4633430.825884573;0.0 
 08/19  18:00:00;32.94166666666667;28.45323614991844;179694693.67849106;0.0 
 08/19  19:00:00;32.375;28.406460032710836;188926523.91848627;0.0 
 08/19  20:00:00;29.724999999999998;28.263950845643645;116935262.69154197;0.0 
 08/19  21:00:00;25.825;27.727697109121607;16889211.29302875;0.0 
 08/19  22:00:00;24.083333333333332;26.642099592388135;0.0;0.0 
 08/19  23:00:00;24.583333333333332;26.537528605214167;0.0;0.0 
 08/19  24:00:00;24.88333333333334;26.541117083735333;0.0;0.0 
 08/20  01:00:00;24.858333333333334;26.461522822541827;0.0;0.0 
 08/20  02:00:00;25.016666666666666;26.491692488677106;0.0;0.0 
 08/20  03:00:00;25.15833333333333;26.51794053336016;0.0;0.0 
 08/20  04:00:00;25.083333333333332;26.42864067875968;0.0;0.0 
 08/20  05:00:00;25.0;26.321680179891093;0.0;0.0 
 08/20  06:00:00;25.0;26.25957449233729;0.0;0.0 
 08/20  07:00:00;25.0;26.208548617338298;0.0;0.0 
 08/20  08:00:00;25.583333333333332;26.533607985518813;316597.57137886685;0.0 
 08/20  09:00:00;26.525000000000002;26.852833672227955;20621294.761944424;0.0 
 08/20  10:00:00;27.541666666666668;27.051888110766228;56499328.69817777;0.0 
 08/20  11:00:00;28.583333333333332;27.316558156090746;92675105.18312958;0.0 
 08/20  12:00:00;29.46666666666667;27.64431070782568;117877476.15802228;0.0 
 08/20  13:00:00;30.150000000000002;28.01510857637257;136445510.58092818;0.0 
 08/20  14:00:00;30.691666666666666;28.393782689297428;154280007.77460697;0.0 
 08/20  15:00:00;31.25;28.55752615082316;170925730.6256889;0.0 
 08/20  16:00:00;31.208333333333332;28.219381050983074;173407428.9292624;0.0 
 08/20  17:00:00;31.583333333333332;27.849298164888378;188627162.7032962;0.0 
 08/20  18:00:00;31.241666666666664;27.577948435959854;170302984.40084463;0.0 
 08/20  19:00:00;30.291666666666668;27.3961701706902;138979147.2984892;0.0 
 08/20  20:00:00;29.474999999999998;27.326904328266963;118181340.2549696;0.0 
 08/20  21:00:00;28.575;27.25140484261611;93277600.6826212;0.0 
 08/20  22:00:00;28.083333333333332;27.145778148387624;79959123.67404418;0.0 
 08/20  23:00:00;27.708333333333332;27.06289915085874;66990539.776061304;0.0 
 08/20  24:00:00;27.208333333333332;26.970371931803985;47200930.39092497;0.0 
 08/21  01:00:00;26.88333333333334;26.897555522876235;34376452.16701183;0.0 
 08/21  02:00:00;26.683333333333337;26.870125465680147;27038835.042929128;0.0 
 08/21  03:00:00;26.483333333333334;26.820295169498177;19730739.160688486;0.0 
 08/21  04:00:00;26.34166666666667;26.767697686713046;14289223.79512722;0.0 
 08/21  05:00:00;26.183333333333334;26.715036957591717;8340577.422431814;0.0 
 08/21  06:00:00;26.041666666666668;26.665703693176543;1496601.4013433377;0.0 
 08/21  07:00:00;26.0;26.63114548516026;1035714.7920561413;0.0 
 08/21  08:00:00;26.0;26.665310587786156;880940.1408878248;0.0 
 08/21  09:00:00;26.0;26.753091629186937;965995.1142168692;0.0 
 08/21  10:00:00;26.583333333333332;26.90327427692016;1176822.9802536888;0.0 
 08/21  11:00:00;28.75;27.1307435247829;1457749.7683613263;0.0 
 08/21  12:00:00;30.583333333333332;27.412102806098265;1927403.5760124251;0.0 
 08/21  13:00:00;31.700000000000006;27.717806644930842;2579989.1815945003;0.0 
 08/21  14:00:00;32.84166666666667;28.045808792629586;3375434.1306473063;0.0 
 08/21  15:00:00;34.0;28.364777518146525;4199732.098662348;0.0 
 08/21  16:00:00;34.208333333333336;28.60626248864308;4854597.359679933;0.0 
 08/21  17:00:00;34.175000000000004;28.735287206015325;5190892.30865922;0.0 
 08/21  18:00:00;34.475;28.761392730641052;5198124.727320415;0.0 
 08/21  19:00:00;34.25;28.69243038420979;4926770.802195692;0.0 
 08/21  20:00:00;33.35833333333334;28.562994202718528;4492546.492159529;0.0 
 08/21  21:00:00;32.25833333333333;28.43224588252753;4056911.270197864;0.0 
 08/21  22:00:00;31.566666666666666;28.323109226971166;154015136.41064587;0.0 
 08/21  23:00:00;31.166666666666668;28.233730051392204;163858525.66051397;0.0 
 08/21  24:00:00;30.416666666666668;28.14763781381411;149683824.75336397;0.0 
 08/22  01:00:00;29.358333333333334;28.060687960701085;123988918.82852285;0.0 
 08/22  02:00:00;28.2;27.962933876117173;83804451.9413188;0.0 
 08/22  03:00:00;27.058333333333334;27.746071455564977;43480960.466054834;0.0 
 08/22  04:00:00;26.833333333333332;27.616334180166785;35287644.786733694;0.0 
 08/22  05:00:00;27.0;27.534203858399945;41637490.685500585;0.0 
 08/22  06:00:00;26.53333333333333;27.469086580807613;3651764.623284585;0.0 
 08/22  07:00:00;26.083333333333332;27.41636080154353;2239750.951621141;0.0 
 08/22  08:00:00;26.0;27.437997178638863;1834893.2921870744;0.0 
 08/22  09:00:00;26.291666666666668;27.524862899998226;1796428.9561892448;0.0 
 08/22  10:00:00;27.375;27.70823464360953;2099413.257963692;0.0 
 08/22  11:00:00;29.166666666666668;27.986063319552596;2697303.0707220505;0.0 
 08/22  12:00:00;30.583333333333332;28.304002309555653;3490791.2821383066;0.0 
 08/22  13:00:00;31.349999999999998;28.593291926535738;4274079.069281585;0.0 
 08/22  14:00:00;32.00833333333333;28.83217195648854;4953995.864295383;0.0 
 08/22  15:00:00;32.65;29.026320484709583;5508367.085675526;0.0 
 08/22  16:00:00;33.541666666666664;29.188897425112646;5934361.123389959;0.0 
 08/22  17:00:00;33.416666666666664;29.269091656792614;6141704.298460466;0.0 
 08/22  18:00:00;32.475;29.242134997801433;6042023.809476793;0.0 
 08/22  19:00:00;32.041666666666664;29.141819202272462;5701497.14964556;0.0 
 08/22  20:00:00;31.416666666666668;28.989464792579284;5214670.216756329;0.0 
 08/22  21:00:00;30.474999999999998;28.837100541361746;4735197.927558983;0.0 
 08/22  22:00:00;30.041666666666668;28.704006452945805;121241176.53269078;0.0 
 08/22  23:00:00;28.833333333333332;28.577207333574407;103777877.30435166;0.0 
 08/22  24:00:00;28.349999999999998;28.464017383021737;89711511.93125115;0.0 
 08/23  01:00:00;28.425000000000008;28.370291975659523;89786802.33922212;0.0 
 08/23  02:00:00;28.183333333333337;28.282533522206275;81844395.08066426;0.0 
 08/23  03:00:00;27.925;28.19490957573582;73287118.5486707;0.0 
 08/23  04:00:00;27.916666666666668;28.111015240563855;73523712.97894737;0.0 
 08/23  05:00:00;27.708333333333332;28.031846275674596;66717314.36231773;0.0 
 08/23  06:00:00;27.208333333333332;27.9454859468335;4868009.088834108;0.0 
 08/23  07:00:00;27.0;27.87793306312234;2921406.1003055386;0.0 
 08/23  08:00:00;27.0;27.901773534056705;2428389.5972984694;0.0 
 08/23  09:00:00;28.166666666666668;27.993172551030625;2530317.4588944046;0.0 
 08/23  10:00:00;29.583333333333332;28.189540853360146;2948173.4698896343;0.0 
 08/23  11:00:00;30.583333333333332;28.485222706603604;3680902.1070923614;0.0 
 08/23  12:00:00;31.816666666666666;28.846605150029504;4659848.179236715;0.0 
 08/23  13:00:00;32.75;29.190500858076593;5649486.346082845;0.0 
 08/23  14:00:00;33.291666666666664;29.47569068026547;6498112.439502188;0.0 
 08/23  15:00:00;33.85;29.708166243897722;7202925.671537988;0.0 
 08/23  16:00:00;34.625;29.88917630033778;7734121.291489213;0.0 
 08/23  17:00:00;34.53333333333333;29.97537528936462;7951165.53382298;0.0 
 08/23  18:00:00;33.733333333333334;29.943411119808758;7788138.386865835;0.0 
 08/23  19:00:00;32.93333333333333;29.81569576424356;7327922.5534250615;0.0 
 08/23  20:00:00;32.13333333333334;29.624712362574172;6688378.097945464;0.0 
 08/23  21:00:00;31.333333333333332;29.442431168241445;6075488.908995636;0.0 
 08/23  22:00:00;30.416666666666668;29.275007483464492;125549726.28074081;0.0 
 08/23  23:00:00;30.0;29.028839882190344;133887458.92819826;0.0 
 08/23  24:00:00;29.53333333333333;28.723731744771474;123815922.22954741;0.0 
 08/24  01:00:00;29.025000000000002;28.550930138017748;107083667.8043847;0.0 
 08/24  02:00:00;28.666666666666668;28.44367037072797;96038506.3998851;0.0 
 08/24  03:00:00;28.325;28.352477854715065;85585600.7230916;0.0 
 08/24  04:00:00;28.083333333333332;28.26334965671354;78761394.43527865;0.0 
 08/24  05:00:00;27.416666666666668;28.173697350919344;57916231.74475379;0.0 
 08/24  06:00:00;27.291666666666668;28.0292786390676;5210659.0649810275;0.0 
 08/24  07:00:00;27.791666666666668;27.918122437726982;2931991.2764504864;0.0 
 08/24  08:00:00;27.416666666666668;27.865812603409378;2335044.22833638;0.0 
 08/24  09:00:00;27.175;27.784005811548848;2156075.630130894;0.0 
 08/24  10:00:00;28.291666666666668;27.736205138343184;2060478.32317123;0.0 
 08/24  11:00:00;29.583333333333332;27.75381321864704;2059717.3172089274;0.0 
 08/24  12:00:00;30.291666666666668;27.994440119326452;2456423.923289001;0.0 
 08/24  13:00:00;29.333333333333332;28.31118612982999;3221511.144184266;0.0 
 08/24  14:00:00;27.275000000000002;28.61275444557998;4118890.606652886;0.0 
 08/24  15:00:00;25.23333333333333;28.851741511475666;4928716.513274696;0.0 
 08/24  16:00:00;24.166666666666668;28.98073088972674;5414035.602148008;0.0 
 08/24  17:00:00;24.0;28.987632591100336;5484242.173428754;0.0 
 08/24  18:00:00;24.0;28.88333367821134;5201496.5534193395;0.0 
 08/24  19:00:00;24.0;28.53162407427477;4479879.413178689;0.0 
 08/24  20:00:00;24.058333333333334;28.079988592600035;3190560.5254836576;0.0 
 08/24  21:00:00;24.158333333333335;27.78142509527214;2370686.0512388865;0.0 
 08/24  22:00:00;24.083333333333332;26.66198395698318;0.0;0.0 
 08/24  23:00:00;24.0;26.374306838196205;0.0;0.0 
 08/24  24:00:00;24.0;26.164683189107908;0.0;0.0 
 08/25  01:00:00;24.058333333333334;26.03866744352433;0.0;0.0 
 08/25  02:00:00;24.099999999999998;25.933084595016677;0.0;0.0 
 08/25  03:00:00;24.158333333333335;25.85409504021504;0.0;0.0 
 08/25  04:00:00;24.083333333333332;25.717623051701263;0.0;0.0 
 08/25  05:00:00;24.0;25.56960038748792;0.0;0.0 
 08/25  06:00:00;23.825;26.379085640037683;370148.92988102563;0.0 
 08/25  07:00:00;23.875;26.416036984353696;368961.88257381436;0.0 
 08/25  08:00:00;24.0;26.37950901692373;237803.12646858027;0.0 
 08/25  09:00:00;24.175;26.342309592952518;155771.07465686742;0.0 
 08/25  10:00:00;24.708333333333332;26.323385930328552;139609.77678133151;0.0 
 08/25  11:00:00;25.0;26.292437641132413;123612.67990032642;0.0 
 08/25  12:00:00;24.88333333333334;26.26027133443577;84668.11063268904;0.0 
 08/25  13:00:00;25.383333333333336;26.2522085553811;99107.46854229481;0.0 
 08/25  14:00:00;26.441666666666666;26.24915852230895;139922.67345075752;0.0 
 08/25  15:00:00;27.483333333333334;26.254453211557177;192240.0000748729;0.0 
 08/25  16:00:00;27.958333333333332;26.253695896333102;226268.57082266134;0.0 
 08/25  17:00:00;28.0;26.238348124095257;221627.97163126717;0.0 
 08/25  18:00:00;27.53333333333333;26.20580422349265;180834.59562265445;0.0 
 08/25  19:00:00;27.083333333333332;26.15004140552121;104763.46674531966;0.0 
 08/25  20:00:00;26.650000000000002;26.086842887954862;17306.91868615874;0.0 
 08/25  21:00:00;26.05;25.997283991036056;0.0;0.0 
 08/25  22:00:00;25.916666666666668;25.955916780894555;0.0;0.0 
 08/25  23:00:00;26.0;25.98024407067767;0.0;0.0 
 08/25  24:00:00;26.0;25.98343947490001;0.0;0.0 
 08/26  01:00:00;25.825;25.894133274163696;0.0;0.0 
 08/26  02:00:00;25.46666666666667;25.687741997127137;0.0;0.0 
 08/26  03:00:00;25.125;25.450704888905506;0.0;0.0 
 08/26  04:00:00;25.0;25.32130347896758;0.0;0.0 
 08/26  05:00:00;24.416666666666668;25.006184417846555;0.0;0.0 
 08/26  06:00:00;24.116666666666664;25.318845317252983;0.0;0.0 
 08/26  07:00:00;24.083333333333332;25.359508469405323;0.0;0.0 
 08/26  08:00:00;24.583333333333332;25.453995195620006;0.0;0.0 
 08/26  09:00:00;26.108333333333334;25.761400313420328;0.0;0.0 
 08/26  10:00:00;27.541666666666668;26.166544126123835;431791.5570510081;0.0 
 08/26  11:00:00;28.583333333333332;26.485146700333257;1457433.5647590144;0.0 
 08/26  12:00:00;29.816666666666666;26.86270018645185;2207156.1071453467;0.0 
 08/26  13:00:00;31.099999999999998;27.284127401089535;3019922.7286230363;0.0 
 08/26  14:00:00;32.300000000000004;27.71724792905591;3522974.3583564293;0.0 
 08/26  15:00:00;33.5;28.112581081086958;4423144.522869902;0.0 
 08/26  16:00:00;34.0;28.41187094827572;5180904.554601823;0.0 
 08/26  17:00:00;34.0;28.610689476390565;5647682.99335295;0.0 
 08/26  18:00:00;34.0;28.681314048814613;230766582.45291185;0.0 
 08/26  19:00:00;33.416666666666664;28.617425138210994;240389120.5344126;0.0 
 08/26  20:00:00;32.416666666666664;28.477913550060922;219449958.89215305;0.0 
 08/26  21:00:00;31.416666666666668;28.344119608096012;195094078.41458774;0.0 
 08/26  22:00:00;31.0;28.229919124730458;185080046.00756568;0.0 
 08/26  23:00:00;30.53333333333333;28.133793464822727;170397690.79164082;0.0 
 08/26  24:00:00;29.791666666666668;28.04429173208017;147804063.9042148;0.0 
 08/27  01:00:00;29.208333333333332;27.95976517490128;126963145.6714412;0.0 
 08/27  02:00:00;28.708333333333332;27.879019076593153;106608522.2789468;0.0 
 08/27  03:00:00;28.208333333333332;27.798321365037623;86263939.40369947;0.0 
 08/27  04:00:00;28.0;27.719284793794117;76622439.91371109;0.0 
 08/27  05:00:00;27.416666666666668;27.63605353468059;56115476.40228846;0.0 
 08/27  06:00:00;26.825;27.551616538785186;34602230.344202206;0.0 
 08/27  07:00:00;26.875;27.490351813451557;35525082.00236329;0.0 
 08/27  08:00:00;27.0;27.520319515495967;40515737.97703189;0.0 
 08/27  09:00:00;27.349999999999998;27.60984038349015;50433034.08875018;0.0 
 08/27  10:00:00;29.0;27.81408740725806;103779197.26840821;0.0 
 08/27  11:00:00;30.583333333333332;28.13244641594652;151790776.25782853;0.0 
 08/27  12:00:00;31.525000000000002;28.513460853109915;176605951.20587102;0.0 
 08/27  13:00:00;32.483333333333334;28.914740765491796;203169611.52175915;0.0 
 08/27  14:00:00;33.541666666666664;29.30190144605453;230013516.07226115;0.0 
 08/27  15:00:00;34.583333333333336;29.64733660242123;253505171.19472727;0.0 
 08/27  16:00:00;35.0;29.898251113422656;261136740.87822017;0.0 
 08/27  17:00:00;35.583333333333336;30.03016677810045;279862098.2531776;0.0 
 08/27  18:00:00;35.65;30.034066161033888;282788436.0641215;0.0 
 08/27  19:00:00;34.699999999999996;29.909781498383015;255401827.86533684;0.0 
 08/27  20:00:00;33.5;29.708853105158813;236928670.2107334;0.0 
 08/27  21:00:00;32.300000000000004;29.512576768776537;214579537.91316283;0.0 
 08/27  22:00:00;31.333333333333332;29.332808379679154;190762320.43844616;0.0 
 08/27  23:00:00;30.416666666666668;29.16911612247249;160795764.5196442;0.0 
 08/27  24:00:00;29.766666666666666;29.0207495525016;141721899.88159502;0.0 
 08/28  01:00:00;29.366666666666664;28.887418310708984;128762919.98492993;0.0 
 08/28  02:00:00;28.90833333333333;28.762035150085012;113049237.1760127;0.0 
 08/28  03:00:00;28.46666666666667;28.64385946445063;97935354.34618771;0.0 
 08/28  04:00:00;28.125;28.5333503436386;84738552.205142;0.0 
 08/28  05:00:00;27.825;28.428547850391556;72779893.0883941;0.0 
 08/28  06:00:00;27.525000000000002;28.325674917863925;6033297.210638448;0.0 
 08/28  07:00:00;27.166666666666668;28.234862760820644;3374342.54566242;0.0 
 08/28  08:00:00;27.583333333333332;28.237179599291988;2968492.8903198726;0.0 
 08/28  09:00:00;28.233333333333334;28.302116834874884;3062232.0424600863;0.0 
 08/28  10:00:00;29.333333333333332;28.464979751042492;3434199.252330696;0.0 
 08/28  11:00:00;30.583333333333332;28.73859943611841;4128177.4100731397;0.0 
 08/28  12:00:00;31.700000000000006;29.084776697385536;5096552.694394593;0.0 
 08/28  13:00:00;32.78333333333333;29.45968120191584;6217920.343445292;0.0 
 08/28  14:00:00;33.725;29.81384763194232;7311891.741296511;0.0 
 08/28  15:00:00;34.68333333333333;30.118589006786905;8253480.291741982;0.0 
 08/28  16:00:00;35.625;30.34801332271128;8943616.355956813;0.0 
 08/28  17:00:00;36.0;30.46426447657069;9260031.436747625;0.0 
 08/28  18:00:00;35.766666666666666;30.448590132694132;9143893.616671458;0.0 
 08/28  19:00:00;35.25;30.308130708870678;8628811.947582504;0.0 
 08/28  20:00:00;34.24166666666667;30.082917571911782;7860771.532999869;0.0 
 08/28  21:00:00;32.88333333333333;29.86431001990203;7120072.666375379;0.0 
 08/28  22:00:00;32.125;29.680644731491288;185643125.2312238;0.0 
 08/28  23:00:00;31.416666666666668;29.52142254779814;189168746.45381016;0.0 
 08/28  24:00:00;30.53333333333333;29.371847352625295;163438112.37701353;0.0 
 08/29  01:00:00;29.96666666666667;29.236419700659223;144811304.73244327;0.0 
 08/29  02:00:00;29.625;29.111945903802702;134163281.5589412;0.0 
 08/29  03:00:00;29.266666666666666;28.988483690655404;123137195.7740766;0.0 
 08/29  04:00:00;29.041666666666668;28.86574036431513;117093550.496568;0.0 
 08/29  05:00:00;28.416666666666668;28.741731832984016;98593419.16431743;0.0 
 08/29  06:00:00;28.0;28.622974324084975;7097868.115342653;0.0 
 08/29  07:00:00;28.0;28.526757369723;3799340.756623705;0.0 
 08/29  08:00:00;28.0;28.493684810826284;3397868.931122259;0.0 
 08/29  09:00:00;28.583333333333332;28.532142932189497;3451975.3711495134;0.0 
 08/29  10:00:00;29.583333333333332;28.665823152161703;3741522.858095084;0.0 
 08/29  11:00:00;31.166666666666668;28.88484686599558;4269988.442741662;0.0 
 08/29  12:00:00;32.233333333333334;29.150464406945684;4984674.289041766;0.0 
 08/29  13:00:00;32.63333333333333;29.43106443093754;5810984.228232725;0.0 
 08/29  14:00:00;33.03333333333333;29.7208614581083;6694269.607291059;0.0 
 08/29  15:00:00;33.43333333333334;29.970657590291793;7487172.633606653;0.0 
 08/29  16:00:00;28.0;29.75812129767765;7415233.578401222;0.0 
 08/29  17:00:00;24.0;29.126549671156777;5544112.224890413;0.0 
 08/29  18:00:00;23.766666666666666;28.719204711235694;4210202.050099568;0.0 
 08/29  19:00:00;23.833333333333332;28.322582562666454;3303015.9714030223;0.0 
 08/29  20:00:00;23.825;28.16240011742364;2815364.7161830817;0.0 
 08/29  21:00:00;23.525000000000002;27.942549631049392;2480539.5517321527;0.0 
 08/29  22:00:00;23.75;26.658605932417384;0.0;0.0 
 08/29  23:00:00;24.0;26.542152121340806;0.0;0.0 
 08/29  24:00:00;23.825;26.31959322385381;0.0;0.0 
 08/30  01:00:00;23.641666666666666;26.138554234732066;0.0;0.0 
 08/30  02:00:00;23.599999999999998;25.996317406892118;0.0;0.0 
 08/30  03:00:00;23.541666666666668;25.851394150256322;0.0;0.0 
 08/30  04:00:00;23.208333333333332;25.56427433039016;0.0;0.0 
 08/30  05:00:00;23.0;25.322937465012103;0.0;0.0 
 08/30  06:00:00;23.291666666666668;26.60530745669526;966333.5551250293;0.0 
 08/30  07:00:00;23.791666666666668;26.717792167170717;1027592.0722170947;0.0 
 08/30  08:00:00;24.0;26.670838666393504;789401.301896338;0.0 
 08/30  09:00:00;24.291666666666668;26.61283074466687;662492.2766710239;0.0 
 08/30  10:00:00;24.791666666666668;26.600370614500605;599577.8080409835;0.0 
 08/30  11:00:00;25.583333333333332;26.789661440289024;857022.3700805563;0.0 
 08/30  12:00:00;27.28333333333333;27.022729243946003;1147362.5646858984;0.0 
 08/30  13:00:00;28.900000000000002;27.29458788768547;1579645.5108012194;0.0 
 08/30  14:00:00;30.099999999999998;27.526833595742556;2131043.295265687;0.0 
 08/30  15:00:00;31.3;27.39207078410327;2010433.55993786;0.0 
 08/30  16:00:00;31.916666666666668;27.164140029519462;1442399.1990916163;0.0 
 08/30  17:00:00;32.0;27.068441155303503;1164705.833309659;0.0 
 08/30  18:00:00;31.708333333333332;27.070187302560885;1135256.8295331828;0.0 
 08/30  19:00:00;31.208333333333332;26.986420918593524;1050609.3661337353;0.0 
 08/30  20:00:00;30.3;26.885649098156502;896009.3338617808;0.0 
 08/30  21:00:00;29.100000000000005;26.805551321994795;773893.1239273238;0.0 
 08/30  22:00:00;28.25;26.71124071098197;70534788.33361;0.0 
 08/30  23:00:00;28.0;26.64253869139125;71653155.57072839;0.0 
 08/30  24:00:00;27.53333333333333;26.602054267653386;56530061.89888218;0.0 
 08/31  01:00:00;27.083333333333332;26.570132826454337;42053815.46237804;0.0 
 08/31  02:00:00;26.825;26.529506285267434;32337537.527550958;0.0 
 08/31  03:00:00;26.583333333333332;26.48733252263102;23110285.910069115;0.0 
 08/31  04:00:00;26.208333333333332;26.440769779387704;8956301.811878309;0.0 
 08/31  05:00:00;26.0;26.395082372571835;898332.2143939423;0.0 
 08/31  06:00:00;25.88333333333334;26.353398311702666;704256.2825604106;0.0 
 08/31  07:00:00;25.916666666666668;26.323546894837005;507332.224132836;0.0 
 08/31  08:00:00;26.583333333333332;26.37329644791254;548901.9580109826;0.0 
 08/31  09:00:00;28.400000000000002;26.530884696374162;818099.4588962251;0.0 
 08/31  10:00:00;30.333333333333332;26.816541545002504;1317826.8296352476;0.0 
 08/31  11:00:00;31.46666666666667;27.19599146543985;2218007.8701623376;0.0 
 08/31  12:00:00;32.266666666666666;27.6240090860923;2851723.2508844873;0.0 
 08/31  13:00:00;33.06666666666667;28.051456363148592;3766114.2372531486;0.0 
 08/31  14:00:00;33.86666666666667;28.458090431116187;4848660.75864985;0.0 
 08/31  15:00:00;34.666666666666664;28.83296689277618;5871790.683021672;0.0 
 08/31  16:00:00;35.291666666666664;29.139019001722847;6704456.194674544;0.0 
 08/31  17:00:00;35.791666666666664;29.332057071140706;7187152.947742691;0.0 
 08/31  18:00:00;35.65;29.37968171988862;7212070.881590365;0.0 
 08/31  19:00:00;34.175000000000004;29.283655667630764;6794902.751559431;0.0 
 08/31  20:00:00;32.71666666666667;29.106388904380093;6125417.328524867;0.0 
 08/31  21:00:00;31.833333333333332;28.94103346696562;5485495.614965629;0.0 
 08/31  22:00:00;30.916666666666668;28.793914792866673;153067362.93407664;0.0 
 08/31  23:00:00;29.916666666666668;28.660585896113066;144469885.02190053;0.0 
 08/31  24:00:00;29.09166666666667;28.539476825391745;118959906.49373996;0.0 
 09/01  01:00:00;28.391666666666666;28.428742779725322;96013267.34295687;0.0 
 09/01  02:00:00;27.983333333333334;28.32681226057416;81671353.62641439;0.0 
 09/01  03:00:00;27.84166666666667;28.23207869607155;75587690.59958787;0.0 
 09/01  04:00:00;27.741666666666664;28.144465318800595;71626340.40236321;0.0 
 09/01  05:00:00;27.7;28.06061544339803;70060110.86187997;0.0 
 09/01  06:00:00;27.991666666666664;27.983815417741095;5239103.092388863;0.0 
 09/01  07:00:00;27.96666666666667;27.916020608961404;3029776.7836817494;0.0 
 09/01  08:00:00;27.916666666666668;27.86294756677013;2421558.969856873;0.0 
 09/01  09:00:00;28.991666666666664;27.75677376675839;2175927.258397306;0.0 
 09/01  10:00:00;30.458333333333332;27.762878769959354;2105834.104752631;0.0 
 09/01  11:00:00;31.0;27.979957422716154;2474705.7529236972;0.0 
 09/01  12:00:00;32.166666666666664;28.30539668736438;3218488.473332097;0.0 
 09/01  13:00:00;32.300000000000004;28.639595389685343;4137470.9740558094;0.0 
 09/01  14:00:00;31.099999999999998;28.916862656083495;5004151.186194483;0.0 
 09/01  15:00:00;29.900000000000002;29.138213223744554;5708717.057816537;0.0 
 09/01  16:00:00;28.7;29.257110453003133;6104605.751448967;0.0 
 09/01  17:00:00;27.5;29.2440718954664;6101607.929674676;0.0 
 09/01  18:00:00;27.0;28.958414408360994;5529822.235489401;0.0 
 09/01  19:00:00;26.708333333333332;28.52192798912651;4133059.852328585;0.0 
 09/01  20:00:00;26.208333333333332;28.25675947429802;3260485.2779152254;0.0 
 09/01  21:00:00;25.708333333333332;28.05709808003181;2850862.5925292335;0.0 
 09/01  22:00:00;25.325;27.56431962529997;0.0;0.0 
 09/01  23:00:00;25.025000000000002;27.165107655809763;0.0;0.0 
 09/01  24:00:00;24.725000000000005;26.823012178917068;0.0;0.0 
 09/02  01:00:00;24.599999999999998;26.667152727852486;0.0;0.0 
 09/02  02:00:00;24.541666666666668;26.542410142694184;0.0;0.0 
 09/02  03:00:00;24.5;26.42931593378572;0.0;0.0 
 09/02  04:00:00;24.5;26.34217765929401;0.0;0.0 
 09/02  05:00:00;24.5;26.25725119415186;0.0;0.0 
 09/02  06:00:00;24.5;26.87224708341731;2118023.468134442;0.0 
 09/02  07:00:00;24.791666666666668;26.878230401931628;1415528.137428535;0.0 
 09/02  08:00:00;25.291666666666668;26.910322671151352;1274808.0944837267;0.0 
 09/02  09:00:00;25.791666666666668;27.009635158785443;1254284.2558296039;0.0 
 09/02  10:00:00;26.875;27.210965636422078;1428940.8844922534;0.0 
 09/02  11:00:00;28.375;27.49835336528119;1925489.1101783458;0.0 
 09/02  12:00:00;29.875;27.841608817892634;2696110.6373513164;0.0 
 09/02  13:00:00;30.90833333333333;28.224847023287698;3694161.577508959;0.0 
 09/02  14:00:00;31.666666666666668;28.6160822763896;4806329.81611611;0.0 
 09/02  15:00:00;32.40833333333333;28.956952227495083;5799007.212547798;0.0 
 09/02  16:00:00;32.81666666666667;29.200649865300026;6480140.889779167;0.0 
 09/02  17:00:00;32.958333333333336;29.332833719855213;6814924.188999949;0.0 
 09/02  18:00:00;33.11666666666667;29.34587736644234;196399341.78066343;0.0 
 09/02  19:00:00;32.55833333333334;29.233620817018082;206155913.0133441;0.0 
 09/02  20:00:00;31.516666666666666;29.046009369497714;180625015.43912762;0.0 
 09/02  21:00:00;30.458333333333332;28.870220771372487;153287852.43668526;0.0 
 09/02  22:00:00;29.708333333333332;28.723140424760803;134579196.67277125;0.0 
 09/02  23:00:00;29.208333333333332;28.599358192185832;122476489.872586;0.0 
 09/02  24:00:00;28.416666666666668;28.484488793514668;98893895.7627707;0.0 
 09/03  01:00:00;27.88333333333334;28.378623927090246;81752820.5551976;0.0 
 09/03  02:00:00;27.741666666666664;28.284642088196136;76430990.73527184;0.0 
 09/03  03:00:00;27.583333333333332;28.19643064736368;70460190.10493378;0.0 
 09/03  04:00:00;27.38333333333334;28.10675758699101;62689783.81785594;0.0 
 09/03  05:00:00;27.241666666666664;28.01886603807034;57159510.57918314;0.0 
 09/03  06:00:00;27.083333333333332;27.899428223510885;50766548.11292058;0.0 
 09/03  07:00:00;27.0;27.740589916394057;46271618.6972369;0.0 
 09/03  08:00:00;28.166666666666668;27.667711274585226;86849278.59376918;0.0 
 09/03  09:00:00;28.53333333333333;27.73328799610137;94666528.5509238;0.0 
 09/03  10:00:00;28.84166666666667;27.908799757874704;99750854.99375299;0.0 
 09/03  11:00:00;30.0;28.18635779783732;129131390.25156392;0.0 
 09/03  12:00:00;31.141666666666666;28.50477965217651;154955273.14098984;0.0 
 09/03  13:00:00;32.125;28.816071915898092;178427641.59447703;0.0 
 09/03  14:00:00;33.083333333333336;29.113713017065816;206361382.70775908;0.0 
 09/03  15:00:00;34.025;29.393980303606494;236086461.67236853;0.0 
 09/03  16:00:00;34.458333333333336;29.609428628517794;250916202.48148423;0.0 
 09/03  17:00:00;34.61666666666667;29.717652250406676;256878158.64484894;0.0 
 09/03  18:00:00;34.75833333333333;29.714580672751765;260026483.50799012;0.0 
 09/03  19:00:00;34.15833333333333;29.60542624555306;244461946.45893693;0.0 
 09/03  20:00:00;33.05833333333334;29.428597987586045;221840035.56367671;0.0 
 09/03  21:00:00;31.958333333333332;29.254109261655227;198018907.56243876;0.0 
 09/03  22:00:00;31.325;29.100138230333908;182965458.04340598;0.0 
 09/03  23:00:00;31.083333333333332;28.96860754641591;176886732.77179837;0.0 
 09/03  24:00:00;30.708333333333332;28.84880559962676;165546512.7134839;0.0 
 09/04  01:00:00;30.150000000000002;28.735145874109353;146218742.10000655;0.0 
 09/04  02:00:00;29.60833333333333;28.62460051915089;130546496.79783355;0.0 
 09/04  03:00:00;29.05;28.51748105081057;114624729.12425764;0.0 
 09/04  04:00:00;28.625;28.414781561624007;101889201.57744333;0.0 
 09/04  05:00:00;28.38333333333334;28.317773975986924;94828789.68586482;0.0 
 09/04  06:00:00;28.125;28.180308809708055;86231970.22527863;0.0 
 09/04  07:00:00;26.833333333333332;27.979568338724494;38382071.49694271;0.0 
 09/04  08:00:00;25.416666666666668;27.598123138999085;109079.4367519482;0.0 
 09/04  09:00:00;24.88333333333334;27.1701280280613;0.0;0.0 
 09/04  10:00:00;24.916666666666668;27.07048806242572;0.0;0.0 
 09/04  11:00:00;25.583333333333332;27.32404816778873;864345.3383048972;0.0 
 09/04  12:00:00;26.175;27.52520613769715;11538660.95200958;0.0 
 09/04  13:00:00;27.058333333333334;27.789321730597905;43359363.20196883;0.0 
 09/04  14:00:00;28.3;28.1495870015508;87272889.19974652;0.0 
 09/04  15:00:00;29.558333333333334;28.487534747679163;130369169.77178228;0.0 
 09/04  16:00:00;30.625;28.721652664536567;165721429.98451763;0.0 
 09/04  17:00:00;31.116666666666664;28.624079157905026;176974399.3683727;0.0 
 09/04  18:00:00;31.375;28.21079366211733;175791293.24793142;0.0 
 09/04  19:00:00;30.625;27.8658092062625;150411899.82503086;0.0 
 09/04  20:00:00;29.358333333333334;27.636524835414388;114032091.36273943;0.0 
 09/04  21:00:00;28.258333333333336;27.438246312658475;78761226.8240921;0.0 
 09/04  22:00:00;27.566666666666666;27.35906917001189;55453918.25523665;0.0 
 09/04  23:00:00;27.166666666666668;27.212462667493853;40736334.70522566;0.0 
 09/04  24:00:00;26.416666666666668;27.081122065654682;16189719.46469996;0.0 
 09/05  01:00:00;25.88333333333334;27.00620323971947;382173.26551703335;0.0 
 09/05  02:00:00;25.741666666666664;26.87029428028049;0.0;0.0 
 09/05  03:00:00;25.583333333333332;26.72018653662295;0.0;0.0 
 09/05  04:00:00;25.441666666666666;26.574843952606955;0.0;0.0 
 09/05  05:00:00;25.28333333333333;26.422556281089328;0.0;0.0 
 09/05  06:00:00;25.141666666666666;26.675247173818363;1470657.3276157274;0.0 
 09/05  07:00:00;25.566666666666666;26.655989112432973;1021173.2165344754;0.0 
 09/05  08:00:00;26.366666666666664;26.69514791975514;896150.434685113;0.0 
 09/05  09:00:00;27.166666666666668;26.81807927586389;1070559.1159695368;0.0 
 09/05  10:00:00;28.958333333333332;27.070909012147826;1408476.5649954728;0.0 
 09/05  11:00:00;30.583333333333332;27.43134986651297;2004510.805584928;0.0 
 09/05  12:00:00;31.875;27.854067506771887;2932647.3044131966;0.0 
 09/05  13:00:00;33.20000000000001;28.298010089117344;4095475.048204054;0.0 
 09/05  14:00:00;34.458333333333336;28.72804413110602;5301299.96307732;0.0 
 09/05  15:00:00;35.699999999999996;29.11800735548731;6408996.536504027;0.0 
 09/05  16:00:00;34.333333333333336;29.38398397113552;7195059.385412879;0.0 
 09/05  17:00:00;31.075;29.481844319846076;7494442.377729567;0.0 
 09/05  18:00:00;27.833333333333332;29.424951528233567;7294398.200167038;0.0 
 09/05  19:00:00;27.608333333333334;29.281190242117727;6732493.969989821;0.0 
 09/05  20:00:00;29.50833333333333;29.11658997550093;6035351.962258743;0.0 
 09/05  21:00:00;31.40833333333333;28.978826457430305;5427195.507789427;0.0 
 09/05  22:00:00;31.849999999999998;28.85644980326561;187166862.7980675;0.0 
 09/05  23:00:00;31.25;28.731634944424854;193785350.78329235;0.0 
 09/05  24:00:00;30.53333333333333;28.610463248129818;172586822.3582261;0.0 
 09/06  01:00:00;29.96666666666667;28.49598750229588;156381563.23902145;0.0 
 09/06  02:00:00;29.566666666666666;28.39057512539814;142310461.3731416;0.0 
 09/06  03:00:00;29.166666666666668;28.288551329880537;128341419.32689531;0.0 
 09/06  04:00:00;28.825;28.191397017523485;115497495.66965693;0.0 
 09/06  05:00:00;28.46666666666667;28.098505574329906;102519704.69878128;0.0 
 09/06  06:00:00;28.125;28.00712856445955;5519036.652614833;0.0 
 09/06  07:00:00;28.0;27.92747887838267;3074616.992315321;0.0 
 09/06  08:00:00;28.583333333333332;27.926068557803735;2502335.9828667883;0.0 
 09/06  09:00:00;29.349999999999998;28.016383947629546;2607184.9850914595;0.0 
 09/06  10:00:00;31.0;28.232528423083995;3065117.5918382835;0.0 
 09/06  11:00:00;32.583333333333336;28.56107629991443;3871612.812995036;0.0 
 09/06  12:00:00;33.875;28.95299198099148;4950163.750536248;0.0 
 09/06  13:00:00;35.20000000000001;29.367114818132304;6173861.099754484;0.0 
 09/06  14:00:00;36.34166666666667;29.76639570556733;7396738.58233354;0.0 
 09/06  15:00:00;37.5;30.12168666767174;8491658.80993809;0.0 
 09/06  16:00:00;38.0;30.38305308252251;9295599.833741117;0.0 
 09/06  17:00:00;37.59166666666667;30.505774683728742;9647926.181095276;0.0 
 09/06  18:00:00;36.949999999999996;30.478370724906682;9485701.622784654;0.0 
 09/06  19:00:00;36.175000000000004;30.318590929930238;8872963.192338275;0.0 
 09/06  20:00:00;35.333333333333336;30.10256866174773;8060288.07139379;0.0 
 09/06  21:00:00;34.00833333333333;29.81988732312182;7162414.214093585;0.0 
 09/06  22:00:00;32.25;29.3884634735652;200145576.94314376;0.0 
 09/06  23:00:00;30.50833333333334;29.09806222056565;159169361.2329438;0.0 
 09/06  24:00:00;28.75;28.807952922583365;94388354.75661977;0.0 
 09/07  01:00:00;27.88333333333334;28.499168369818992;63921415.97832436;0.0 
 09/07  02:00:00;27.741666666666664;28.3926752294842;60175417.98522106;0.0 
 09/07  03:00:00;27.583333333333332;28.20210744276278;55384069.09671245;0.0 
 09/07  04:00:00;27.5;28.044727986765352;52923382.33418994;0.0 
 09/07  05:00:00;27.5;27.98788971126406;53458310.62700105;0.0 
 09/07  06:00:00;27.5;27.832541027846847;4230248.330370407;0.0 
 09/07  07:00:00;27.325;27.723275138782185;2637271.728768324;0.0 
 09/07  08:00:00;27.083333333333332;27.668374330536732;2080310.4251340462;0.0 
 09/07  09:00:00;27.583333333333332;27.573173734938667;1884838.004266259;0.0 
 09/07  10:00:00;29.166666666666668;27.52755734517709;1792829.4992982354;0.0 
 09/07  11:00:00;30.7;27.58665447759852;1824737.6258394723;0.0 
 09/07  12:00:00;31.900000000000002;27.74550721643158;2064547.5509235174;0.0 
 09/07  13:00:00;32.925000000000004;27.788015171083416;2160007.1155897886;0.0 
 09/07  14:00:00;33.766666666666666;28.072944402863396;2690982.72114074;0.0 
 09/07  15:00:00;34.625;28.282332349263836;3393867.8043367723;0.0 
 09/07  16:00:00;34.824999999999996;28.182414755169162;3178285.108303545;0.0 
 09/07  17:00:00;34.46666666666667;28.207106763132415;3122025.9264030573;0.0 
 09/07  18:00:00;34.125;28.239528896352663;3276776.7253847574;0.0 
 09/07  19:00:00;33.300000000000004;28.189887234270696;3237304.8852254087;0.0 
 09/07  20:00:00;32.15833333333333;28.084385226208767;3030742.1191790104;0.0 
 09/07  21:00:00;31.0;27.92578481341634;2724054.7865762133;0.0 
 09/07  22:00:00;30.325;27.732059440192945;138797398.00147012;0.0 
 09/07  23:00:00;29.96666666666667;27.616741915472918;146863691.4102618;0.0 
 09/07  24:00:00;29.625;27.548539926208857;136909353.8246382;0.0 
 09/08  01:00:00;29.441666666666666;27.497017896264953;131384907.35752404;0.0 
 09/08  02:00:00;29.28333333333333;27.44829374227973;124916647.44908956;0.0 
 09/08  03:00:00;29.141666666666666;27.40087418353472;119038267.76786283;0.0 
 09/08  04:00:00;28.866666666666664;27.35276631250754;109490255.59494379;0.0 
 09/08  05:00:00;28.525000000000002;27.30195671353607;99103575.96531141;0.0 
 09/08  06:00:00;28.166666666666668;27.24863033920457;3214284.7653536694;0.0 
 09/08  07:00:00;28.0;27.203458460472405;1892054.2543987762;0.0 
 09/08  08:00:00;28.583333333333332;27.23259315886236;1678083.0220120966;0.0 
 09/08  09:00:00;29.583333333333332;27.354641023057656;1620998.082349594;0.0 
 09/08  10:00:00;30.058333333333337;27.58045470313428;1975300.8761489177;0.0 
 09/08  11:00:00;30.099999999999998;27.893994777676635;2668461.2049990674;0.0 
 09/08  12:00:00;30.15833333333333;28.26127658333702;3616491.5732622934;0.0 
 09/08  13:00:00;31.016666666666666;28.653524319568078;4706732.6358661465;0.0 
 09/08  14:00:00;32.475;29.046047171729608;5820248.191912071;0.0 
 09/08  15:00:00;33.916666666666664;29.391901721788752;6810948.380627283;0.0 
 09/08  16:00:00;34.266666666666666;29.627636479158124;7481120.542416306;0.0 
 09/08  17:00:00;33.925000000000004;29.722006505404167;7701679.142084039;0.0 
 09/08  18:00:00;33.56666666666667;29.682492510031114;7494777.611461885;0.0 
 09/08  19:00:00;32.641666666666666;29.535395487898708;6953094.33854712;0.0 
 09/08  20:00:00;31.28333333333333;29.34267599842235;6273778.6713374555;0.0 
 09/08  21:00:00;29.941666666666666;29.1572092068443;5645257.833152539;0.0 
 09/08  22:00:00;29.166666666666668;28.99774370599752;100178208.20340422;0.0 
 09/08  23:00:00;29.0;28.863604202647696;105087106.26827982;0.0 
 09/08  24:00:00;28.416666666666668;28.740277218016775;82151017.0329561;0.0 
 09/09  01:00:00;27.88333333333334;28.620191411009042;69841901.36170512;0.0 
 09/09  02:00:00;27.741666666666664;28.507550103761663;65363045.68617668;0.0 
 09/09  03:00:00;27.583333333333332;28.279037467511714;59957977.48994134;0.0 
 09/09  04:00:00;27.441666666666666;28.051033563399244;54282546.52939725;0.0 
 09/09  05:00:00;27.34166666666667;27.936961402288834;50444499.99315813;0.0 
 09/09  06:00:00;27.241666666666664;27.7857610645939;4239141.366065824;0.0 
 09/09  07:00:00;27.083333333333332;27.623471133211684;2518740.452941716;0.0 
 09/09  08:00:00;27.583333333333332;27.52569773787221;1886741.418094431;0.0 
 09/09  09:00:00;28.583333333333332;27.462556664904834;1709114.5314991127;0.0 
 09/09  10:00:00;30.166666666666668;27.42973002075499;1634666.4167901983;0.0 
 09/09  11:00:00;32.166666666666664;27.418813439198328;1594173.8377554808;0.0 
 09/09  12:00:00;33.291666666666664;27.409028257555846;1563847.3303668187;0.0 
 09/09  13:00:00;34.083333333333336;27.495886644313927;1662782.2709471066;0.0 
 09/09  14:00:00;35.025;27.86241329583883;2280863.4923632722;0.0 
 09/09  15:00:00;35.983333333333334;28.10394629411725;3021195.688567437;0.0 
 09/09  16:00:00;36.75;27.960040722247783;2791454.15957095;0.0 
 09/09  17:00:00;37.0;27.793375322215;2337525.5109249945;0.0 
 09/09  18:00:00;36.82500000000001;27.822110551635575;272563535.4366552;0.0 
 09/09  19:00:00;35.76666666666667;27.801066357106407;284706646.1959932;0.0 
 09/09  20:00:00;34.225;27.729161886272294;256684078.2508866;0.0 
 09/09  21:00:00;32.666666666666664;27.599219204593982;223466852.93888685;0.0 
 09/09  22:00:00;31.825;27.46835373131732;203288198.0050432;0.0 
 09/09  23:00:00;31.46666666666667;27.407936783045248;191874131.43379763;0.0 
 09/09  24:00:00;31.125;27.364034727191097;180913926.88798064;0.0 
 09/10  01:00:00;30.825;27.32869825064142;171529282.5692699;0.0 
 09/10  02:00:00;30.46666666666667;27.291817171269134;160739281.82873607;0.0 
 09/10  03:00:00;30.125;27.253671929299767;150568057.27103752;0.0 
 09/10  04:00:00;29.825;27.215938710076376;141491167.40529802;0.0 
 09/10  05:00:00;29.46666666666667;27.174791086937798;130923161.39978088;0.0 
 09/10  06:00:00;29.125;27.132109215799755;120419969.82806265;0.0 
 09/10  07:00:00;29.116666666666664;27.102406637115887;120273876.23202813;0.0 
 09/10  08:00:00;29.375;27.139531309168287;126641455.38823402;0.0 
 09/10  09:00:00;29.616666666666664;27.25665898674795;131266605.60604155;0.0 
 09/10  10:00:00;29.875;27.47403590497729;134512151.02092072;0.0 
 09/10  11:00:00;28.25;27.71687558418094;73347143.60203579;0.0 
 09/10  12:00:00;25.308333333333337;27.631703382970617;4095708.9197382573;0.0 
 09/10  13:00:00;25.150000000000002;27.82898511916576;758399.9560431028;0.0 
 09/10  14:00:00;26.95;27.98260912285407;35004795.26760802;0.0 
 09/10  15:00:00;28.75;27.738017386156226;95442689.50531252;0.0 
 09/10  16:00:00;29.791666666666668;27.541438193479063;121854212.11336902;0.0 
 09/10  17:00:00;30.583333333333332;27.368168400028555;137897476.12915623;0.0 
 09/10  18:00:00;30.708333333333332;27.248033444289764;140148694.44952;0.0 
 09/10  19:00:00;29.916666666666668;27.183748669497543;121167460.0794217;0.0 
 09/10  20:00:00;28.916666666666668;27.159445792653106;94150108.90744144;0.0 
 09/10  21:00:00;27.916666666666668;27.04627189418427;65138352.760329664;0.0 
 09/10  22:00:00;27.791666666666668;26.932223403881746;61704322.77402817;0.0 
 09/10  23:00:00;27.416666666666668;26.851395661981584;49078793.057588175;0.0 
 09/10  24:00:00;26.183333333333337;26.76137901244734;11114333.326625517;0.0 
 09/11  01:00:00;25.599999999999998;26.575318817042387;0.0;0.0 
 09/11  02:00:00;25.541666666666668;26.47973277956549;0.0;0.0 
 09/11  03:00:00;25.5;26.391118079298916;0.0;0.0 
 09/11  04:00:00;25.38333333333334;26.26758429754166;0.0;0.0 
 09/11  05:00:00;25.24166666666667;26.1275751539474;0.0;0.0 
 09/11  06:00:00;25.083333333333332;26.416670771182947;722275.9250759225;0.0 
 09/11  07:00:00;25.583333333333332;26.413305562099083;597370.4350000289;0.0 
 09/11  08:00:00;26.583333333333332;26.462775594407415;623895.9564437887;0.0 
 09/11  09:00:00;27.583333333333332;26.606872426643445;879595.0982648575;0.0 
 09/11  10:00:00;29.166666666666668;26.88257975464714;1319638.070185436;0.0 
 09/11  11:00:00;30.583333333333332;27.255533627436364;2163474.4390044827;0.0 
 09/11  12:00:00;31.641666666666666;27.68240433955962;2814535.683484638;0.0 
 09/11  13:00:00;32.449999999999996;28.131726719927443;3857901.2053954797;0.0 
 09/11  14:00:00;33.108333333333334;28.570035621319263;5069780.033181164;0.0 
 09/11  15:00:00;33.75;28.957402439287673;6170017.551678221;0.0 
 09/11  16:00:00;33.88333333333333;29.23145403493739;6932450.22581953;0.0 
 09/11  17:00:00;33.74166666666667;29.356863530233273;7214933.130953052;0.0 
 09/11  18:00:00;33.583333333333336;29.343871523129067;7038379.812277346;0.0 
 09/11  19:00:00;33.03333333333333;29.215441696256374;6508417.452102634;0.0 
 09/11  20:00:00;32.233333333333334;29.039587302665296;5835541.16087449;0.0 
 09/11  21:00:00;31.433333333333334;28.78999895623582;5081160.006344925;0.0 
 09/11  22:00:00;30.458333333333332;28.41580445558048;139743563.15388983;0.0 
 09/11  23:00:00;29.3;28.180315012379964;122822828.98655166;0.0 
 09/11  24:00:00;28.15833333333333;28.008372059126717;85328201.10385947;0.0 
 09/12  01:00:00;27.349999999999998;27.813853850522275;55506874.38934678;0.0 
 09/12  02:00:00;26.808333333333334;27.696723210308992;33983181.91283177;0.0 
 09/12  03:00:00;26.25;27.540877615096466;13337558.242269486;0.0 
 09/12  04:00:00;25.825;27.35738994554789;597105.8989193062;0.0 
 09/12  05:00:00;25.46666666666667;27.110031925294503;0.0;0.0 
 09/12  06:00:00;25.125;27.178302481729858;2823344.762562266;0.0 
 09/12  07:00:00;24.416666666666668;27.02977376627042;1628817.236278026;0.0 
 09/12  08:00:00;25.166666666666668;26.96231666777797;1302476.6020316759;0.0 
 09/12  09:00:00;27.166666666666668;26.97556071054439;1100552.5810655998;0.0 
 09/12  10:00:00;28.583333333333332;26.98426215831765;1054716.9797031558;0.0 
 09/12  11:00:00;30.166666666666668;26.999333716324383;1043071.6115674803;0.0 
 09/12  12:00:00;31.700000000000006;27.035713375003752;1047456.3199949114;0.0 
 09/12  13:00:00;32.958333333333336;27.132218213211697;1154281.594543645;0.0 
 09/12  14:00:00;34.199999999999996;27.48060611208939;1733244.3369006934;0.0 
 09/12  15:00:00;35.458333333333336;27.751157013753737;2477230.7414830197;0.0 
 09/12  16:00:00;36.583333333333336;27.638201032401852;2296993.832127331;0.0 
 09/12  17:00:00;36.416666666666664;27.421506060670755;1804128.6045801125;0.0 
 09/12  18:00:00;35.708333333333336;27.29980722923249;1521938.540506188;0.0 
 09/12  19:00:00;34.800000000000004;27.29350960513061;1477294.680835627;0.0 
 09/12  20:00:00;33.541666666666664;27.234603155976583;1397076.668811899;0.0 
 09/12  21:00:00;32.300000000000004;27.133549524591885;1256111.610292061;0.0 
 09/12  22:00:00;31.508333333333336;27.052158263689872;165990619.90589502;0.0 
 09/12  23:00:00;31.008333333333336;27.018453064822747;173889740.81841055;0.0 
 09/12  24:00:00;30.508333333333336;26.978644502747056;159216655.34178197;0.0 
 09/13  01:00:00;29.95;26.939806825986793;141754240.97535545;0.0 
 09/13  02:00:00;29.349999999999998;26.900205003439364;122052746.25113235;0.0 
 09/13  03:00:00;28.75;26.859926566887808;102358297.28080943;0.0 
 09/13  04:00:00;28.03333333333333;26.81839471296037;78067318.90948531;0.0 
 09/13  05:00:00;27.175;26.772329965682246;46867841.20425512;0.0 
 09/13  06:00:00;26.333333333333332;26.710358018172425;1733414.218450177;0.0 
 09/13  07:00:00;25.88333333333334;26.653447194529434;1123422.7679249262;0.0 
 09/13  08:00:00;25.741666666666664;26.674763531720505;905094.3550566849;0.0 
 09/13  09:00:00;25.583333333333332;26.67358281526849;875401.0084398619;0.0 
 09/13  10:00:00;25.733333333333334;26.688798445090043;845535.3612860702;0.0 
 09/13  11:00:00;26.191666666666666;26.942177753257557;1132842.4233925655;0.0 
 09/13  12:00:00;26.633333333333336;27.15192762800804;1635594.6853106306;0.0 
 09/13  13:00:00;27.09166666666667;27.073821313629598;1403040.6376094194;0.0 
 09/13  14:00:00;27.59166666666667;27.31401470873107;1661749.3315708619;0.0 
 09/13  15:00:00;28.09166666666667;27.69400466975891;2577348.573685992;0.0 
 09/13  16:00:00;28.708333333333332;27.9971419758794;3411172.4886459424;0.0 
 09/13  17:00:00;29.116666666666664;28.033809560534124;3664235.765585278;0.0 
 09/13  18:00:00;29.375;27.70604616739457;2830436.4363178955;0.0 
 09/13  19:00:00;29.03333333333333;27.379942111293403;1887619.0522983598;0.0 
 09/13  20:00:00;28.175;27.218821954699976;1466921.9606693604;0.0 
 09/13  21:00:00;27.333333333333332;27.085038163321126;1255400.4954651336;0.0 
 09/13  22:00:00;26.766666666666666;26.951762268365712;26760323.074435532;0.0 
 09/13  23:00:00;26.366666666666664;26.877980771752927;16318121.09668773;0.0 
 09/13  24:00:00;25.96666666666667;26.804580339318864;2470853.08588392;0.0 
 09/14  01:00:00;25.8;26.698766403411696;0.0;0.0 
 09/14  02:00:00;25.741666666666664;26.616293582191442;0.0;0.0 
 09/14  03:00:00;25.7;26.54035483287503;0.0;0.0 
 09/14  04:00:00;25.291666666666668;26.280290836339095;0.0;0.0 
 09/14  05:00:00;25.0;26.0570651070893;0.0;0.0 
 09/14  06:00:00;24.708333333333332;26.412174089314664;923849.786313503;0.0 
 09/14  07:00:00;25.375;26.372955173369295;640158.4735663669;0.0 
 09/14  08:00:00;26.875;26.4598481350326;666959.1864877781;0.0 
 09/14  09:00:00;28.375;26.517197189561923;744220.6719829262;0.0 
 09/14  10:00:00;29.583333333333332;26.53446345656238;668168.6865831712;0.0 
 09/14  11:00:00;31.166666666666668;26.56142465955884;661327.6174914583;0.0 
 09/14  12:00:00;32.233333333333334;26.56944656621296;674207.8414702805;0.0 
 09/14  13:00:00;32.925000000000004;26.665971778529595;752407.8988054942;0.0 
 09/14  14:00:00;33.766666666666666;27.055440601400065;1358885.946991716;0.0 
 09/14  15:00:00;34.625;27.354154775240715;2064701.265971532;0.0 
 09/14  16:00:00;35.05833333333333;27.318742152336686;1907961.0040934784;0.0 
 09/14  17:00:00;35.1;27.423559712854345;1987138.0569172592;0.0 
 09/14  18:00:00;35.15833333333334;27.55235818731462;2336451.0025247657;0.0 
 09/14  19:00:00;34.324999999999996;27.56896248159694;2426879.8254550933;0.0 
 09/14  20:00:00;32.88333333333333;27.503034865595023;2275761.62232819;0.0 
 09/14  21:00:00;31.425;27.35778251087501;1984877.4514920353;0.0 
 09/14  22:00:00;30.916666666666668;27.15587106119663;145822816.88575366;0.0 
 09/14  23:00:00;30.416666666666668;27.007932468376875;151456768.90457806;0.0 
 09/14  24:00:00;30.0;26.92230138016285;137240354.6247011;0.0 
 09/15  01:00:00;29.766666666666666;26.89970697884615;127649372.08760291;0.0 
 09/15  02:00:00;29.308333333333334;26.872153720839634;115999234.13547823;0.0 
 09/15  03:00:00;28.866666666666664;26.841692685673337;103899657.4088088;0.0 
 09/15  04:00:00;28.058333333333334;26.802472060882526;75443889.705111;0.0 
 09/15  05:00:00;27.016666666666666;26.751538484244975;36667963.749298394;0.0 
 09/15  06:00:00;25.958333333333332;26.695289826211845;1468027.4472240948;0.0 
 09/15  07:00:00;25.208333333333332;26.644940567000294;1005460.1014864171;0.0 
 09/15  08:00:00;25.0;26.660858545140044;852339.0392391093;0.0 
 09/15  09:00:00;25.583333333333332;26.781359286183616;1040311.9231225713;0.0 
 09/15  10:00:00;26.0;27.017024809340203;1378526.4404860572;0.0 
 09/15  11:00:00;25.3;27.297060996494015;1817481.2833553718;0.0 
 09/15  12:00:00;24.041666666666668;27.28309242279545;2001474.6545031532;0.0 
 09/15  13:00:00;24.083333333333332;27.042313507009613;1399113.6606960683;0.0 
 09/15  14:00:00;25.025000000000002;27.231293431593766;1479687.5485429182;0.0 
 09/15  15:00:00;25.983333333333334;27.28012906594995;1854087.9897793957;0.0 
 09/15  16:00:00;27.333333333333332;26.96195856574131;1268043.7548025697;0.0 
 09/15  17:00:00;28.0;26.66048827344154;633432.3154084783;0.0 
 09/15  18:00:00;28.349999999999998;26.424786365030553;288478.83239064395;0.0 
 09/15  19:00:00;28.075;26.349044729127428;50990.90930931886;0.0 
 09/15  20:00:00;27.233333333333334;26.429857093927485;60736.04342928597;0.0 
 09/15  21:00:00;26.375;26.10941244434058;23390.80289699477;0.0 
 09/15  22:00:00;26.0;26.079678286870784;246.3623867162304;0.0 
 09/15  23:00:00;26.0;26.02047644246474;0.0;0.0 
 09/15  24:00:00;26.0;25.95421809761888;0.0;0.0 
 09/16  01:00:00;25.941666666666666;25.978253663446953;0.0;0.0 
 09/16  02:00:00;25.78333333333333;25.867098377152143;0.0;0.0 
 09/16  03:00:00;25.641666666666666;25.747731995393377;0.0;0.0 
 09/16  04:00:00;25.65833333333333;25.70456948171378;0.0;0.0 
 09/16  05:00:00;25.816666666666666;25.739158072087704;0.0;0.0 
 09/16  06:00:00;25.958333333333332;25.42303574592603;0.0;0.0 
 09/16  07:00:00;26.0;25.290105666550033;0.0;0.0 
 09/16  08:00:00;26.0;25.35292038352614;0.0;0.0 
 09/16  09:00:00;26.816666666666666;25.72235884315695;0.0;0.0 
 09/16  10:00:00;28.099999999999998;26.224613394182924;648914.6937846562;0.0 
 09/16  11:00:00;29.300000000000008;26.617458597294586;1961555.9565992183;0.0 
 09/16  12:00:00;30.5;27.073913087839344;2813496.381795384;0.0 
 09/16  13:00:00;31.583333333333332;27.55966322306016;3520896.1735243415;0.0 
 09/16  14:00:00;32.583333333333336;28.0398532587693;4343062.963369649;0.0 
 09/16  15:00:00;33.583333333333336;28.473647121230055;5466154.067435723;0.0 
 09/16  16:00:00;34.0;28.80919661413297;6350631.778727624;0.0 
 09/16  17:00:00;34.0;28.99769699413172;6786443.499394525;0.0 
 09/16  18:00:00;34.0;29.023490993903916;147368488.90295807;0.0 
 09/16  19:00:00;33.35833333333334;28.9123984931999;157780267.8020866;0.0 
 09/16  20:00:00;32.31666666666667;28.743625447762728;174794711.63306153;0.0 
 09/16  21:00:00;31.258333333333336;28.587335276982156;174370001.1700349;0.0 
 09/16  22:00:00;30.333333333333332;28.454261956561627;139625654.97795352;0.0 
 09/16  23:00:00;29.53333333333333;28.33691329775201;130617285.9006646;0.0 
 09/16  24:00:00;28.733333333333334;28.13992358252318;99245084.5302272;0.0 
 09/17  01:00:00;27.991666666666664;27.848688798278218;71726103.33852787;0.0 
 09/17  02:00:00;27.349999999999998;27.686457933067178;49739167.27798719;0.0 
 09/17  03:00:00;26.691666666666666;27.518943641347402;27849674.820862275;0.0 
 09/17  04:00:00;26.224999999999998;27.35510365804875;11760639.900193077;0.0 
 09/17  05:00:00;25.866666666666664;27.24854503491821;1354367.9727819962;0.0 
 09/17  06:00:00;25.525000000000002;26.96249993896628;0.0;0.0 
 09/17  07:00:00;25.866666666666664;26.982465311982136;2637789.5033385567;0.0 
 09/17  08:00:00;26.666666666666668;27.025613836807384;25676161.22978201;0.0 
 09/17  09:00:00;27.875;26.988700476180252;64591128.0338892;0.0 
 09/17  10:00:00;29.375;26.96726507824522;103847346.98200071;0.0 
 09/17  11:00:00;30.583333333333332;26.972292052567543;135399727.79274833;0.0 
 09/17  12:00:00;31.816666666666666;27.014198650110405;178882727.1094231;0.0 
 09/17  13:00:00;32.80833333333333;27.11625512486339;207992343.6653767;0.0 
 09/17  14:00:00;33.50833333333333;27.43288603212626;232988721.3865559;0.0 
 09/17  15:00:00;34.208333333333336;27.765686125880404;256497365.25389856;0.0 
 09/17  16:00:00;34.44166666666667;27.98752689585585;264988900.71657637;0.0 
 09/17  17:00:00;34.34166666666667;28.07975113244572;261719221.12505668;0.0 
 09/17  18:00:00;34.24166666666667;27.98455038282069;257684626.77562255;0.0 
 09/17  19:00:00;33.61666666666667;27.72689743871747;240801319.4759649;0.0 
 09/17  20:00:00;32.616666666666674;27.569759358781145;216784341.24255767;0.0 
 09/17  21:00:00;31.616666666666664;27.43716108179237;190683576.3809393;0.0 
 09/17  22:00:00;30.791666666666668;27.307982736630695;166733170.72400215;0.0 
 09/17  23:00:00;30.03333333333333;27.24055548505412;142853352.8221878;0.0 
 09/17  24:00:00;29.291666666666668;27.184407948122892;119149003.68966937;0.0 
 09/18  01:00:00;28.88333333333334;27.137313170423667;105663993.51216109;0.0 
 09/18  02:00:00;28.683333333333334;27.095651037489517;99860617.97801034;0.0 
 09/18  03:00:00;28.483333333333334;27.053146559959206;94088772.43069302;0.0 
 09/18  04:00:00;28.224999999999998;27.00905931728015;84677599.94214605;0.0 
 09/18  05:00:00;27.925;26.966644062721567;73382871.29137048;0.0 
 09/18  06:00:00;27.625;26.925061619330346;2222991.9215738154;0.0 
 09/18  07:00:00;27.208333333333332;26.886755441937552;1397694.9402591179;0.0 
 09/18  08:00:00;27.46666666666667;26.918573182897234;1265816.5206912914;0.0 
 09/18  09:00:00;28.208333333333332;27.04849419149409;1356885.1684239528;0.0 
 09/18  10:00:00;29.25833333333334;27.281777158957947;1610873.099513181;0.0 
 09/18  11:00:00;30.5;27.584868167269107;2154259.050987412;0.0 
 09/18  12:00:00;31.291666666666668;27.913641470355245;2900777.160703256;0.0 
 09/18  13:00:00;31.908333333333342;28.262032665574978;3794398.1178477407;0.0 
 09/18  14:00:00;32.550000000000004;28.614897519022964;4754651.2115085;0.0 
 09/18  15:00:00;33.208333333333336;28.928932989571013;5626723.258368047;0.0 
 09/18  16:00:00;33.791666666666664;29.1528407329116;6243271.406415863;0.0 
 09/18  17:00:00;34.0;29.25322201815445;6487110.935405866;0.0 
 09/18  18:00:00;33.125;29.211542449057614;6310004.704176213;0.0 
 09/18  19:00:00;32.03333333333333;29.072865966302146;5831435.363346467;0.0 
 09/18  20:00:00;31.175;28.916056657205598;5277966.881795107;0.0 
 09/18  21:00:00;30.333333333333332;28.771934731501393;4776643.46362775;0.0 
 09/18  22:00:00;29.708333333333332;28.643794675849247;113834064.44959341;0.0 
 09/18  23:00:00;29.208333333333332;28.527833903824945;119915266.83878554;0.0 
 09/18  24:00:00;28.416666666666668;28.412760242513226;93866763.39515677;0.0 
 09/19  01:00:00;27.59166666666667;28.297821149823097;61941102.28190452;0.0 
 09/19  02:00:00;26.95;28.188674301459177;40295818.80856317;0.0 
 09/19  03:00:00;26.291666666666668;28.08260743380622;17685334.015856072;0.0 
 09/19  04:00:00;25.825;27.967977200771017;1939938.6381962374;0.0 
 09/19  05:00:00;25.583333333333332;27.767449389547522;0.0;0.0 
 09/19  06:00:00;25.325;27.77454746987947;4441561.509249112;0.0 
 09/19  07:00:00;25.433333333333334;27.697690158370847;2693836.8951392593;0.0 
 09/19  08:00:00;25.833333333333332;27.676753387516886;2111771.9375937562;0.0 
 09/19  09:00:00;27.166666666666668;27.754973369279053;2146963.8515668884;0.0 
 09/19  10:00:00;28.816666666666666;27.95042691609457;2512853.2219614116;0.0 
 09/19  11:00:00;30.15833333333333;28.25249738291861;3208996.914467526;0.0 
 09/19  12:00:00;31.516666666666666;28.63144988687897;4208949.3419864345;0.0 
 09/19  13:00:00;32.68333333333333;29.030331509668997;5360225.759498065;0.0 
 09/19  14:00:00;33.74166666666667;29.404226025978904;6482075.957879167;0.0 
 09/19  15:00:00;34.78333333333334;29.721398672682795;7442419.314967316;0.0 
 09/19  16:00:00;35.666666666666664;29.952672969745034;8129676.841585598;0.0 
 09/19  17:00:00;35.82500000000001;30.061268862556844;8422556.737338193;0.0 
 09/19  18:00:00;35.46666666666667;30.030786221162483;8265606.152505033;0.0 
 09/19  19:00:00;34.483333333333334;29.875239587975305;7709909.719949434;0.0 
 09/19  20:00:00;33.025;29.670052064563453;6988756.105533089;0.0 
 09/19  21:00:00;31.583333333333332;29.477077209312778;6324125.503251992;0.0 
 09/19  22:00:00;30.825;29.3110646567817;148269039.5493729;0.0 
 09/19  23:00:00;30.46666666666667;29.16968798985981;157798148.85675186;0.0 
 09/19  24:00:00;30.125;29.04164621890858;148865602.78823054;0.0 
 09/20  01:00:00;29.3;28.91463178310182;121573463.80968608;0.0 
 09/20  02:00:00;28.15833333333333;28.78461669996472;81435406.71914946;0.0 
 09/20  03:00:00;27.0;28.654355969497306;42078824.4542289;0.0 
 09/20  04:00:00;26.616666666666664;28.53444842508848;28538210.934281394;0.0 
 09/20  05:00:00;26.875;28.428960966316932;36090875.04404986;0.0 
 09/20  06:00:00;27.116666666666664;28.330019352320367;5679644.05009192;0.0 
 09/20  07:00:00;27.433333333333334;28.24289005972098;3340771.5333982627;0.0 
 09/20  08:00:00;27.833333333333332;28.21967202196929;2936241.382284866;0.0 
 09/20  09:00:00;28.75833333333334;28.29800627058312;3053914.379265485;0.0 
 09/20  10:00:00;30.875;28.505247320849218;3503620.781232652;0.0 
 09/20  11:00:00;32.583333333333336;28.816546838109275;4284893.622198901;0.0 
 09/20  12:00:00;33.40833333333333;29.18673763400287;5331700.95673329;0.0 
 09/20  13:00:00;34.166666666666664;29.577825313566535;6522455.244671383;0.0 
 09/20  14:00:00;34.90833333333333;29.936662104263302;7656698.07318763;0.0 
 09/20  15:00:00;35.666666666666664;30.203227870431345;8490260.869619435;0.0 
 09/20  16:00:00;35.94166666666667;30.33332439192944;8848123.44185589;0.0 
 09/20  17:00:00;35.9;30.349005835374268;8830479.707290517;0.0 
 09/20  18:00:00;35.84166666666667;30.273733643219035;8531262.556241231;0.0 
 09/20  19:00:00;34.98333333333333;30.10599986536525;7955147.804863004;0.0 
 09/20  20:00:00;33.583333333333336;29.898818121912928;7255931.886520681;0.0 
 09/20  21:00:00;32.18333333333334;29.703989420591558;6610874.816465374;0.0 
 09/20  22:00:00;31.133333333333336;29.529805365217012;126653117.70657;0.0 
 09/20  23:00:00;30.333333333333332;29.3738446841346;139914605.0630901;0.0 
 09/20  24:00:00;29.416666666666668;29.228985938320793;114302896.84437448;0.0 
 09/21  01:00:00;28.88333333333334;29.095878482774953;99393654.52059752;0.0 
 09/21  02:00:00;28.741666666666664;28.975224587981955;93329963.42877494;0.0 
 09/21  03:00:00;28.583333333333332;28.86367750408624;86744287.204932;0.0 
 09/21  04:00:00;28.38333333333334;28.75682855998552;80305485.14557089;0.0 
 09/21  05:00:00;28.241666666666664;28.649930501396017;76973239.11718927;0.0 
 09/21  06:00:00;28.083333333333332;28.54384049772935;6129676.833931747;0.0 
 09/21  07:00:00;28.0;28.445876303367374;3593129.5009164773;0.0 
 09/21  08:00:00;28.583333333333332;28.41761053189637;3254217.872277049;0.0 
 09/21  09:00:00;29.0;28.48691888664281;3374401.4927350166;0.0 
 09/21  10:00:00;30.166666666666668;28.676472507983462;3807583.7174557406;0.0 
 09/21  11:00:00;31.991666666666664;28.98109508858751;4583806.55902384;0.0 
 09/21  12:00:00;33.63333333333333;29.352645821444764;5634127.824048801;0.0 
 09/21  13:00:00;34.88333333333333;29.742653602375285;6824181.016215912;0.0 
 09/21  14:00:00;35.94166666666667;30.111276142358847;7991697.824693338;0.0 
 09/21  15:00:00;36.983333333333334;30.428259530650923;9001875.040789371;0.0 
 09/21  16:00:00;37.108333333333334;30.633215493059748;9660663.946546935;0.0 
 09/21  17:00:00;36.666666666666664;30.686143675208584;9801397.39123117;0.0 
 09/21  18:00:00;36.208333333333336;30.599910355326358;9463154.867455084;0.0 
 09/21  19:00:00;35.416666666666664;30.414975192075257;8800974.68594882;0.0 
 09/21  20:00:00;34.416666666666664;30.1989163095339;8033171.628063905;0.0 
 09/21  21:00:00;33.416666666666664;29.996051062976367;7332981.026389687;0.0 
 09/21  22:00:00;32.416666666666664;29.815959831431986;183778984.76222098;0.0 
 09/21  23:00:00;31.416666666666668;29.649026296155323;178763669.09089318;0.0 
 09/21  24:00:00;30.708333333333332;29.4917839348395;159723921.92214385;0.0 
 09/22  01:00:00;30.09166666666667;29.342518995763967;144398277.61718324;0.0 
 09/22  02:00:00;29.45;29.19634475279548;125209109.73606417;0.0 
 09/22  03:00:00;28.791666666666668;29.05554051112058;105126534.75341909;0.0 
 09/22  04:00:00;28.325;28.924211166872016;89122743.16633981;0.0 
 09/22  05:00:00;27.96666666666667;28.801106715115637;75777396.28198612;0.0 
 09/22  06:00:00;27.625;28.680810620663745;6740827.566712008;0.0 
 09/22  07:00:00;27.90833333333333;28.57755876667693;3806482.660321039;0.0 
 09/22  08:00:00;28.666666666666668;28.545023188852543;3470942.4473243933;0.0 
 09/22  09:00:00;29.0;28.600081317145825;3565498.9997636518;0.0 
 09/22  10:00:00;29.991666666666664;28.771712460877684;3960673.9163058484;0.0 
 09/22  11:00:00;31.75;29.067417818472247;4715516.415689725;0.0 
 09/22  12:00:00;33.49166666666667;29.436777751101047;5760036.594359303;0.0 
 09/22  13:00:00;35.01666666666667;29.831207595377137;6957782.547119608;0.0 
 09/22  14:00:00;36.416666666666664;30.210943325455684;8159159.116003719;0.0 
 09/22  15:00:00;37.81666666666667;30.542799941510435;9228465.312746989;0.0 
 09/22  16:00:00;38.28333333333333;30.775745202058584;9980835.240800392;0.0 
 09/22  17:00:00;38.083333333333336;30.861720893908938;10250390.055696338;0.0 
 09/22  18:00:00;37.708333333333336;30.79887224732721;10004787.667670477;0.0 
 09/22  19:00:00;36.50833333333333;30.61643558414113;9347209.20772406;0.0 
 09/22  20:00:00;34.86666666666667;30.391866596581707;8544474.787593829;0.0 
 09/22  21:00:00;33.208333333333336;30.17735718788884;7803252.771101657;0.0 
 09/22  22:00:00;32.32500000000001;29.991156422737728;183631578.55613187;0.0 
 09/22  23:00:00;32.083333333333336;29.835707551685648;195509872.11362725;0.0 
 09/22  24:00:00;31.825;29.69342792123243;182668245.83268625;0.0 
 09/23  01:00:00;31.349999999999998;29.55164217701943;166685022.73665375;0.0 
 09/23  02:00:00;30.808333333333334;29.41278504204791;151909444.11273268;0.0 
 09/23  03:00:00;30.25;29.280114255461637;136003201.8663569;0.0 
 09/23  04:00:00;29.825;29.154051363196842;123544949.73313111;0.0 
 09/23  05:00:00;29.525000000000002;29.03376669280128;113082085.04218799;0.0 
 09/23  06:00:00;29.224999999999998;28.915968497191688;6911167.639701379;0.0 
 09/23  07:00:00;29.041666666666668;28.80585881463762;4155644.1589005683;0.0 
 09/23  08:00:00;29.0;28.756049517088183;3878210.445355327;0.0 
 09/23  09:00:00;29.583333333333332;28.807199569773577;3974201.1134801414;0.0 
 09/23  10:00:00;30.816666666666666;28.987657014685954;4402582.458639282;0.0 
 09/23  11:00:00;32.21666666666667;29.279054268953384;5178005.959372818;0.0 
 09/23  12:00:00;33.61666666666667;29.643293844202145;6243883.607936846;0.0 
 09/23  13:00:00;35.01666666666667;30.042695779098548;7490782.539840851;0.0 
 09/23  14:00:00;36.416666666666664;30.435068132992612;8754799.850277934;0.0 
 09/23  15:00:00;37.81666666666667;30.766645211823207;9829902.779504724;0.0 
 09/23  16:00:00;38.4;30.978487527169268;10510569.316188974;0.0 
 09/23  17:00:00;38.4;31.04288745489497;10687795.47541037;0.0 
 09/23  18:00:00;38.4;30.970587580412523;255844448.2622746;0.0 
 09/23  19:00:00;37.35;30.78555893816528;265049452.39377457;0.0 
 09/23  20:00:00;35.550000000000004;30.54859890903538;251649192.9754473;0.0 
 09/23  21:00:00;33.75;30.31933314360874;231930617.1745939;0.0 
 09/23  22:00:00;33.0;30.12462873675194;229326480.09063983;0.0 
 09/23  23:00:00;33.0;29.962044130289016;230413241.58139408;0.0 
 09/23  24:00:00;32.125;29.702339061658552;205382774.2042644;0.0 
 09/24  01:00:00;31.09166666666667;29.36107635202139;174758267.43107712;0.0 
 09/24  02:00:00;30.450000000000003;29.168172251863066;152691313.97987297;0.0 
 09/24  03:00:00;29.791666666666668;28.945684767164447;130596361.87837519;0.0 
 09/24  04:00:00;29.03333333333333;28.728472953447156;104390252.7522235;0.0 
 09/24  05:00:00;28.291666666666668;28.619867940042763;79256734.92431286;0.0 
 09/24  06:00:00;27.53333333333333;28.407680547620632;54825929.82602458;0.0 
 09/24  07:00:00;27.083333333333332;28.177309166291717;40397248.91811627;0.0 
 09/24  08:00:00;28.166666666666668;28.059272498735123;73749216.05257937;0.0 
 09/24  09:00:00;29.291666666666668;27.979337950377595;103679671.77293514;0.0 
 09/24  10:00:00;30.375;27.890752674163252;122693793.70258026;0.0 
 09/24  11:00:00;31.583333333333332;27.813627559109776;143583302.24748716;0.0 
 09/24  12:00:00;33.516666666666666;27.779164118492243;191282491.3486039;0.0 
 09/24  13:00:00;35.00833333333333;27.86447696555275;226284555.60992646;0.0 
 09/24  14:00:00;35.708333333333336;28.224288418520093;231977716.39042127;0.0 
 09/24  15:00:00;36.40833333333333;28.373039389956272;238571026.04606205;0.0 
 09/24  16:00:00;36.291666666666664;28.241949308350716;233940230.05871165;0.0 
 09/24  17:00:00;35.53333333333333;28.320737192539156;230479374.66953605;0.0 
 09/24  18:00:00;34.791666666666664;28.164665283088823;204517670.92997628;0.0 
 09/24  19:00:00;33.74166666666667;27.85422184972028;150023017.0190157;0.0 
 09/24  20:00:00;32.38333333333333;27.76306898301436;125975712.70788585;0.0 
 09/24  21:00:00;31.041666666666668;27.514968533031823;116072900.6241369;0.0 
 09/24  22:00:00;30.90833333333333;27.370991360456344;133573633.73295301;0.0 
 09/24  23:00:00;31.666666666666668;27.302306118408453;169709372.1394866;0.0 
 09/24  24:00:00;31.125;27.221069016430263;148375653.94508463;0.0 
 09/25  01:00:00;30.325;27.218367958436612;129460906.11282618;0.0 
 09/25  02:00:00;29.96666666666667;27.172551808023908;124430373.98992623;0.0 
 09/25  03:00:00;29.625;27.11928078400457;119968859.3091282;0.0 
 09/25  04:00:00;29.325;27.063508444694744;113927103.52588311;0.0 
 09/25  05:00:00;28.96666666666667;27.006244979187567;102380549.06391674;0.0 
 09/25  06:00:00;28.625;26.95068012576189;2092496.8173401412;0.0 
 09/25  07:00:00;28.675;26.910497263603464;1354460.3195614852;0.0 
 09/25  08:00:00;29.03333333333333;26.94107052752675;1281363.0704134605;0.0 
 09/25  09:00:00;29.375;27.070065046762593;1319007.8759503497;0.0 
 09/25  10:00:00;30.375;27.31584089369328;1626326.312439947;0.0 
 09/25  11:00:00;32.166666666666664;27.684219453152405;2341106.220473743;0.0 
 09/25  12:00:00;33.583333333333336;28.120867181834495;3393871.7663940587;0.0 
 09/25  13:00:00;34.75833333333333;28.569875825818993;4619166.824055016;0.0 
 09/25  14:00:00;36.11666666666667;28.99335856778193;5828671.025236585;0.0 
 09/25  15:00:00;37.458333333333336;29.362833029424078;6886531.8510171315;0.0 
 09/25  16:00:00;38.0;29.63793476519686;7667253.460259833;0.0 
 09/25  17:00:00;38.0;29.784943632443994;8049561.265466081;0.0 
 09/25  18:00:00;37.708333333333336;29.789159378283113;7956935.117091177;0.0 
 09/25  19:00:00;35.925000000000004;29.651678191165388;7422508.668571986;0.0 
 09/25  20:00:00;33.225;29.447365648002954;6691695.520988971;0.0 
 09/25  21:00:00;30.525000000000002;29.24969835043612;6006148.359449958;0.0 
 09/25  22:00:00;29.34166666666667;29.085652612491305;79348161.08395451;0.0 
 09/25  23:00:00;29.3;28.957392151566648;87140918.59447658;0.0 
 09/25  24:00:00;29.241666666666664;28.84277351058824;99615728.60433236;0.0 
 09/26  01:00:00;29.141666666666666;28.734360133931727;110564135.72350082;0.0 
 09/26  02:00:00;29.099999999999998;28.633941249733933;104377250.19344099;0.0 
 09/26  03:00:00;29.041666666666668;28.425424476543327;97397801.77485332;0.0 
 09/26  04:00:00;28.650000000000002;28.11094000440235;83205099.26674679;0.0 
 09/26  05:00:00;28.10833333333333;27.918265886794302;68081338.16680823;0.0 
 09/26  06:00:00;27.55;27.84668903931255;4051746.3065796555;0.0 
 09/26  07:00:00;27.650000000000002;27.771188683005494;2641903.7981221946;0.0 
 09/26  08:00:00;28.25;27.76531974695834;2163922.4548682673;0.0 
 09/26  09:00:00;28.849999999999998;27.853530969374727;2240552.526459797;0.0 
 09/26  10:00:00;29.625;28.061701661659658;2647294.5957553685;0.0 
 09/26  11:00:00;31.866666666666664;28.395808224992265;3431429.4926876235;0.0 
 09/26  12:00:00;35.00833333333333;28.827122207387617;4572840.3566259695;0.0 
 09/26  13:00:00;36.53333333333333;29.27563148894811;5893013.70305247;0.0 
 09/26  14:00:00;36.991666666666674;29.68700748444026;7183534.230956285;0.0 
 09/26  15:00:00;37.43333333333334;30.023709672899383;8248266.017664418;0.0 
 09/26  16:00:00;39.0;30.264633606254336;8963381.812813278;0.0 
 09/26  17:00:00;39.358333333333334;30.37246349299595;9241062.384866849;0.0 
 09/26  18:00:00;38.25833333333333;30.326004331430838;9031018.350013047;0.0 
 09/26  19:00:00;36.86666666666667;30.16190835841896;8428978.338344958;0.0 
 09/26  20:00:00;35.26666666666667;29.953305271320634;7669879.00592967;0.0 
 09/26  21:00:00;33.666666666666664;29.75803001103631;6974457.366233868;0.0 
 09/26  22:00:00;32.53333333333333;29.58642714893803;168587083.95834088;0.0 
 09/26  23:00:00;31.675;29.43303111693683;167275896.55222383;0.0 
 09/26  24:00:00;30.833333333333332;29.28689135976715;148245296.01783657;0.0 
 09/27  01:00:00;30.09166666666667;29.14023844579879;131302827.68352884;0.0 
 09/27  02:00:00;29.45;28.99186113376437;114998585.21196292;0.0 
 09/27  03:00:00;28.791666666666668;28.846715013385438;97720615.67182222;0.0 
 09/27  04:00:00;28.38333333333334;28.70985105213401;85155187.5049915;0.0 
 09/27  05:00:00;28.241666666666664;28.58376440593913;77692312.14592294;0.0 
 09/27  06:00:00;28.083333333333332;28.465999473324064;5859011.649951693;0.0 
 09/27  07:00:00;26.833333333333332;28.34501375913167;3433096.03473056;0.0 
 09/27  08:00:00;26.583333333333332;28.29446691888333;3043770.8013717;0.0 
 09/27  09:00:00;27.583333333333332;28.358954706307085;3139449.2315348717;0.0 
 09/27  10:00:00;28.875;28.545610402172244;3549544.7702420875;0.0 
 09/27  11:00:00;30.375;28.838835480890854;4285498.8264575275;0.0 
 09/27  12:00:00;31.933333333333337;29.19269723703646;5274474.370157419;0.0 
 09/27  13:00:00;32.833333333333336;29.568036263942986;6411432.39135807;0.0 
 09/27  14:00:00;33.641666666666666;29.93262032682706;7561593.998797484;0.0 
 09/27  15:00:00;34.74166666666667;30.259791172091905;8600925.24353894;0.0 
 09/27  16:00:00;35.375;30.49938980242578;9366332.400866736;0.0 
 09/27  17:00:00;35.73333333333334;30.609118036968137;9694820.492907993;0.0 
 09/27  18:00:00;36.074999999999996;30.573709380920164;9518330.120971166;0.0 
 09/27  19:00:00;35.26666666666667;30.40252231837448;8893648.997221405;0.0 
 09/27  20:00:00;33.725;30.174926296011666;8083453.397981791;0.0 
 09/27  21:00:00;32.166666666666664;29.95764779904188;7334448.502108069;0.0 
 09/27  22:00:00;31.325;29.766782163493314;146214045.76677394;0.0 
 09/27  23:00:00;31.083333333333332;29.604616025204464;152130439.40171558;0.0 
 09/27  24:00:00;29.833333333333332;29.445345780741608;118776813.23416442;0.0 
 09/28  01:00:00;28.825;29.29166067307922;95011411.13205749;0.0 
 09/28  02:00:00;28.46666666666667;29.15510126192959;85630282.74390714;0.0 
 09/28  03:00:00;28.125;29.02464098868201;76768128.43305932;0.0 
 09/28  04:00:00;27.825;28.898446509168178;69010929.42915618;0.0 
 09/28  05:00:00;27.46666666666667;28.77722287544442;58135062.29426561;0.0 
 09/28  06:00:00;27.125;28.65778514546815;6727063.898363791;0.0 
 09/28  07:00:00;27.0;28.54916225859152;3788351.4473582436;0.0 
 09/28  08:00:00;27.583333333333332;28.514570204472733;3442784.2457920783;0.0 
 09/28  09:00:00;29.458333333333332;28.59534169579575;3576444.1994860214;0.0 
 09/28  10:00:00;31.433333333333334;28.80614672339227;4053769.097920322;0.0 
 09/28  11:00:00;33.09166666666667;29.11482629979874;4858424.703916835;0.0 
 09/28  12:00:00;34.733333333333334;29.487149887802236;5928358.9419724345;0.0 
 09/28  13:00:00;35.80833333333333;29.87297879384694;7123230.169029469;0.0 
 09/28  14:00:00;36.50833333333333;30.22707568506407;8264015.260832311;0.0 
 09/28  15:00:00;37.208333333333336;30.523078144883854;9225085.826237071;0.0 
 09/28  16:00:00;37.38333333333333;30.72260210871451;9868375.124079583;0.0 
 09/28  17:00:00;37.24166666666667;30.79101877242876;10056086.078634892;0.0 
 09/28  18:00:00;37.083333333333336;30.715971531991176;9749215.037811205;0.0 
 09/28  19:00:00;36.300000000000004;30.524983627491263;9050300.545863686;0.0 
 09/28  20:00:00;35.15833333333333;30.300848305141113;8250513.279853898;0.0 
 09/28  21:00:00;34.0;30.09671935432385;7544463.461806832;0.0 
 09/28  22:00:00;33.15;29.918249252599384;175507696.04748493;0.0 
 09/28  23:00:00;32.608333333333334;29.76140498341014;188776472.18256465;0.0 
 09/28  24:00:00;32.050000000000004;29.618196569244688;181018169.60396934;0.0 
 09/29  01:00:00;31.391666666666666;29.481809261327253;166675126.59964824;0.0 
 09/29  02:00:00;30.691666666666666;29.349011014039075;146322118.47193927;0.0 
 09/29  03:00:00;29.991666666666664;29.21991829893108;127137439.45119011;0.0 
 09/29  04:00:00;29.525000000000002;29.096494708239348;114902253.02917191;0.0 
 09/29  05:00:00;29.166666666666668;28.978647391033387;106110628.71004656;0.0 
 09/29  06:00:00;28.825;28.863599017703816;6995589.310638497;0.0 
 09/29  07:00:00;28.525000000000002;28.754844020542446;4087687.2408376792;0.0 
 09/29  08:00:00;28.166666666666668;28.712508923257307;3805615.962118753;0.0 
 09/29  09:00:00;29.05;28.7759918597832;3914823.364486237;0.0 
 09/29  10:00:00;30.675000000000008;28.950033814770197;4303343.398814812;0.0 
 09/29  11:00:00;32.11666666666667;29.210382153298355;4964735.579965973;0.0 
 09/29  12:00:00;33.574999999999996;29.524878234959033;5844795.968439525;0.0 
 09/29  13:00:00;34.958333333333336;29.847933994197433;6813469.140518386;0.0 
 09/29  14:00:00;36.20000000000001;30.140385902085175;7727530.077575879;0.0 
 09/29  15:00:00;37.458333333333336;30.373609867820132;8466225.747612849;0.0 
 09/29  16:00:00;36.71666666666667;30.493168602138727;8868411.684006661;0.0 
 09/29  17:00:00;34.574999999999996;30.460457040499975;8803190.38641121;0.0 
 09/29  18:00:00;32.416666666666664;30.075512295416928;7960107.185711982;0.0 
 09/29  19:00:00;30.683333333333337;29.460821959445628;6062137.243683986;0.0 
 09/29  20:00:00;29.34166666666667;29.16376563238826;4875063.16006984;0.0 
 09/29  21:00:00;27.983333333333334;28.823191578801907;4221300.528365488;0.0 
 09/29  22:00:00;27.166666666666668;28.48454401945483;36574604.97067759;0.0 
 09/29  23:00:00;26.416666666666668;28.27316689786218;21977677.144480236;0.0 
 09/29  24:00:00;25.88333333333334;28.08142650261308;3148326.8598221038;0.0 
 09/30  01:00:00;25.858333333333334;27.9807257691311;1873577.8119874243;0.0 
 09/30  02:00:00;25.900000000000002;27.93347897899172;3030523.1071872576;0.0 
 09/30  03:00:00;25.958333333333332;27.78170643794556;4575664.883782828;0.0 
 09/30  04:00:00;26.0;27.66954268995346;5629260.367141662;0.0 
 09/30  05:00:00;26.0;27.61666357832475;5404390.270239299;0.0 
 09/30  06:00:00;26.0;27.487009801993967;3786509.6413176884;0.0 
 09/30  07:00:00;26.0;27.378939585359802;2228294.9606424565;0.0 
 09/30  08:00:00;26.0;27.256114733997293;1631531.8854822118;0.0 
 09/30  09:00:00;28.333333333333332;27.19334103230587;1363991.3641688055;0.0 
 09/30  10:00:00;30.875;27.301264555276912;1425988.6452959504;0.0 
 09/30  11:00:00;32.375;27.45376934767522;1624207.2914323783;0.0 
 09/30  12:00:00;33.875;27.40582503295391;1594142.8730090398;0.0 
 09/30  13:00:00;34.90833333333333;27.435808567400983;1598905.0358669835;0.0 
 09/30  14:00:00;35.608333333333334;27.792851536190444;2212446.0664644465;0.0 
 09/30  15:00:00;36.30833333333333;27.97641283864407;2862927.106117834;0.0 
 09/30  16:00:00;36.25;27.861842860267398;2625299.297322275;0.0 
 09/30  17:00:00;35.59166666666667;27.915926449730634;2605262.436842279;0.0 
 09/30  18:00:00;34.949999999999996;27.78394310324502;200240256.1525258;0.0 
 09/30  19:00:00;33.300000000000004;27.543284207047734;186050952.06147236;0.0 
 09/30  20:00:00;31.891666666666666;27.445052890815074;163931136.58036318;0.0 
 09/30  21:00:00;31.25;27.300833613357;159940649.82287794;0.0 
 09/30  22:00:00;30.3;27.17986112168116;136656323.53399536;0.0 
 09/30  23:00:00;28.925000000000008;27.06907712890204;96006678.49178106;0.0 
 09/30  24:00:00;27.25;26.948225161329486;43130106.187197685;0.0 
 10/01  01:00:00;25.625;26.70693164467843;2155577.5391099043;0.0 
 10/01  02:00:00;24.650000000000002;26.155613111840818;0.0;0.0 
 10/01  03:00:00;24.166666666666668;25.760397833067216;0.0;0.0 
 10/01  04:00:00;24.058333333333334;25.537499011559373;0.0;0.0 
 10/01  05:00:00;24.275000000000002;25.53534400840714;0.0;0.0 
 10/01  06:00:00;24.516666666666666;25.583561443587943;0.0;0.0 
 10/01  07:00:00;24.541666666666668;25.5639695152045;0.0;0.0 
 10/01  08:00:00;24.791666666666668;25.662244161871353;0.0;0.0 
 10/01  09:00:00;25.0;25.735254899883586;0.0;0.0 
 10/01  10:00:00;25.583333333333332;26.017590061074245;0.0;0.0 
 10/01  11:00:00;27.166666666666668;26.259812659257296;36875655.77248118;0.0 
 10/01  12:00:00;28.0;26.292635443700522;62059560.211905204;0.0 
 10/01  13:00:00;28.75833333333334;26.355140422115763;85997555.84841754;0.0 
 10/01  14:00:00;30.116666666666664;26.651108231844237;120443932.45261438;0.0 
 10/01  15:00:00;31.458333333333332;27.01663108393063;150853282.15491;0.0 
 10/01  16:00:00;31.416666666666668;27.28686336405008;143401302.3460592;0.0 
 10/01  17:00:00;30.416666666666668;27.376346075086484;116852039.50432238;0.0 
 10/01  18:00:00;29.53333333333333;27.068979838840985;94317884.88491642;0.0 
 10/01  19:00:00;29.141666666666666;26.799055477069032;85605523.94715022;0.0 
 10/01  20:00:00;29.099999999999998;26.70684675269612;91675765.58031298;0.0 
 10/01  21:00:00;29.041666666666668;26.652704970014906;98034515.12265798;0.0 
 10/01  22:00:00;28.416666666666668;26.554951189815053;83692430.09665325;0.0 
 10/01  23:00:00;28.0;26.507718863669762;71291923.36542028;0.0 
 10/01  24:00:00;27.88333333333334;26.47397092093408;66931527.59183644;0.0 
 10/02  01:00:00;27.858333333333334;26.44413524955704;64648439.23958858;0.0 
 10/02  02:00:00;27.900000000000002;26.420742379084;62817088.00374141;0.0 
 10/02  03:00:00;27.958333333333332;26.39808625366432;61141516.80224764;0.0 
 10/02  04:00:00;26.833333333333332;26.356850976796878;26261421.027467202;0.0 
 10/02  05:00:00;26.583333333333332;26.317871325980054;19435400.158120964;0.0 
 10/02  06:00:00;27.0;26.294559709482737;474869.36402147124;0.0 
 10/02  07:00:00;27.0;26.270175057060186;383021.4589081916;0.0 
 10/02  08:00:00;27.0;26.27558834300363;360046.7046884714;0.0 
 10/02  09:00:00;27.058333333333337;26.281183784676994;347680.8859889935;0.0 
 10/02  10:00:00;28.208333333333332;26.307514128902966;355908.67146389803;0.0 
 10/02  11:00:00;29.875;26.413956168481207;473169.2399085255;0.0 
 10/02  12:00:00;31.375;26.609894453073125;800177.7335694067;0.0 
 10/02  13:00:00;32.35;26.701657737619698;988968.180871241;0.0 
 10/02  14:00:00;32.949999999999996;26.956501654907203;1357156.6333391191;0.0 
 10/02  15:00:00;33.550000000000004;27.13695512711388;1695228.2243510666;0.0 
 10/02  16:00:00;33.916666666666664;27.03325107606562;1421721.4135922452;0.0 
 10/02  17:00:00;34.05833333333333;26.938912346035973;1123425.589186482;0.0 
 10/02  18:00:00;34.15833333333333;26.89323498392562;1031972.0370303305;0.0 
 10/02  19:00:00;32.916666666666664;26.777041673275686;845387.7023595597;0.0 
 10/02  20:00:00;30.308333333333334;26.68083376902752;672459.966270243;0.0 
 10/02  21:00:00;27.40833333333333;26.55945875477727;518794.7770220428;0.0 
 10/02  22:00:00;26.083333333333332;26.39846251130584;2867258.4344646707;0.0 
 10/02  23:00:00;26.0;26.279385725570524;436806.87380628276;0.0 
 10/02  24:00:00;26.0;26.18410279933671;99731.96873655527;0.0 
 10/03  01:00:00;26.0;26.143571325809017;0.0;0.0 
 10/03  02:00:00;26.0;26.164260614799304;0.0;0.0 
 10/03  03:00:00;26.0;26.074861200204026;0.0;0.0 
 10/03  04:00:00;26.0;25.995050330518165;0.0;0.0 
 10/03  05:00:00;26.0;25.94274131366171;0.0;0.0 
 10/03  06:00:00;25.53333333333333;25.546734568465734;0.0;0.0 
 10/03  07:00:00;25.083333333333332;25.338833244030564;0.0;0.0 
 10/03  08:00:00;25.583333333333332;25.31149117550598;0.0;0.0 
 10/03  09:00:00;26.349999999999998;25.404329711198645;0.0;0.0 
 10/03  10:00:00;27.416666666666668;25.400683847518184;0.0;0.0 
 10/03  11:00:00;29.75;25.37714867193837;0.0;0.0 
 10/03  12:00:00;31.583333333333332;25.555226242741927;0.0;0.0 
 10/03  13:00:00;32.699999999999996;25.93910981506353;84768.95159246413;0.0 
 10/03  14:00:00;33.958333333333336;26.48350022369175;1075932.032940865;0.0 
 10/03  15:00:00;35.20000000000001;26.8388000095286;2037348.0914811473;0.0 
 10/03  16:00:00;35.875;26.769636890005447;1635409.0637871448;0.0 
 10/03  17:00:00;36.0;26.61315974056727;933121.3326417349;0.0 
 10/03  18:00:00;35.88333333333333;26.47157273944441;597106.6490818664;0.0 
 10/03  19:00:00;34.166666666666664;26.34606820602147;374618.4863918343;0.0 
 10/03  20:00:00;32.125;26.296536161923893;274083.464069974;0.0 
 10/03  21:00:00;30.683333333333337;26.249577056748475;203920.40431902072;0.0 
 10/03  22:00:00;29.458333333333332;26.18641715484127;100105872.43233563;0.0 
 10/03  23:00:00;29.0;26.148656988204575;100643442.95262724;0.0 
 10/03  24:00:00;28.474999999999998;26.123746927359832;82733015.93108362;0.0 
 10/04  01:00:00;27.983333333333334;26.11382814011996;65330488.575861104;0.0 
 10/04  02:00:00;27.84166666666667;26.10067627407156;59427969.39116577;0.0 
 10/04  03:00:00;27.683333333333334;26.086303617130778;53220421.70103449;0.0 
 10/04  04:00:00;27.25;26.06691145961339;39241520.06975766;0.0 
 10/04  05:00:00;27.0;26.04231909457525;32659123.69855204;0.0 
 10/04  06:00:00;26.474999999999998;25.960006378171443;0.0;0.0 
 10/04  07:00:00;26.041666666666668;25.878244625031993;0.0;0.0 
 10/04  08:00:00;26.583333333333332;25.936596377191204;0.0;0.0 
 10/04  09:00:00;28.224999999999998;26.19132149056972;303417.9880492932;0.0 
 10/04  10:00:00;30.791666666666668;26.502778279684332;1230973.6237593722;0.0 
 10/04  11:00:00;33.75;26.93613427141756;2205407.7879519216;0.0 
 10/04  12:00:00;35.99166666666667;27.44621091832092;3237944.892257024;0.0 
 10/04  13:00:00;37.34166666666667;27.974460191933833;3954724.4303016663;0.0 
 10/04  14:00:00;38.44166666666667;28.47992747081513;5221013.734502643;0.0 
 10/04  15:00:00;39.541666666666664;28.92270856241055;6436383.9860088825;0.0 
 10/04  16:00:00;39.416666666666664;29.239373010731274;7292569.296883011;0.0 
 10/04  17:00:00;39.0;29.399981487127857;7654451.364201065;0.0 
 10/04  18:00:00;38.125;29.390257352574437;7464582.304540558;0.0 
 10/04  19:00:00;36.041666666666664;29.229091486632342;6803897.936348721;0.0 
 10/04  20:00:00;34.416666666666664;29.037794094591764;6042911.650428764;0.0 
 10/04  21:00:00;33.416666666666664;28.87734633659441;5393201.121112141;0.0 
 10/04  22:00:00;32.416666666666664;28.72996952623991;165642050.9142086;0.0 
 10/04  23:00:00;31.416666666666668;28.59924113879256;166643210.94279903;0.0 
 10/04  24:00:00;30.416666666666668;28.480611387077563;142521953.7232501;0.0 
 10/05  01:00:00;29.825;28.36733248511501;122838000.4625319;0.0 
 10/05  02:00:00;29.583333333333332;28.263523883090585;117056427.19404042;0.0 
 10/05  03:00:00;29.325;28.16533967443893;109580959.26967461;0.0 
 10/05  04:00:00;29.083333333333332;28.07133383012668;99364443.77114631;0.0 
 10/05  05:00:00;29.0;27.981731984675836;94899145.09884799;0.0 
 10/05  06:00:00;28.241666666666664;27.88462587068119;4436875.3781630425;0.0 
 10/05  07:00:00;27.291666666666668;27.783543403693017;2743628.8236747608;0.0 
 10/05  08:00:00;27.0;27.74918279303921;2220465.5492931698;0.0 
 10/05  09:00:00;28.166666666666668;27.8329406484502;2302129.33933777;0.0 
 10/05  10:00:00;30.75;28.067731743235584;2764863.2217884287;0.0 
 10/05  11:00:00;33.166666666666664;28.417202107997237;3588803.550677183;0.0 
 10/05  12:00:00;35.166666666666664;28.834826526536492;4708817.429098242;0.0 
 10/05  13:00:00;36.75833333333333;29.278817567962644;6003137.42445418;0.0 
 10/05  14:00:00;38.0;29.703776615376245;7300831.03602664;0.0 
 10/05  15:00:00;39.25833333333333;30.06854922569217;8421352.383054191;0.0 
 10/05  16:00:00;39.916666666666664;30.3211623712465;9180598.570053447;0.0 
 10/05  17:00:00;39.358333333333334;30.415759989557785;9432422.520859376;0.0 
 10/05  18:00:00;38.25833333333333;30.344997695993584;9144361.379597845;0.0 
 10/05  19:00:00;36.75;30.15909316598906;8455198.059249323;0.0 
 10/05  20:00:00;35.18333333333334;29.940097485521022;7652452.783933188;0.0 
 10/05  21:00:00;33.78333333333333;29.735665184096685;6926783.378836881;0.0 
 10/05  22:00:00;32.5;29.55002808205722;191065484.84505036;0.0 
 10/05  23:00:00;31.416666666666668;29.381738749580254;188687637.7508428;0.0 
 10/05  24:00:00;31.0;29.234601739129857;174290036.5639176;0.0 
 10/06  01:00:00;30.59166666666667;29.10037273249432;158767986.13421988;0.0 
 10/06  02:00:00;29.833333333333332;28.966951467584938;139199309.21048772;0.0 
 10/06  03:00:00;29.09166666666667;28.835893331750857;118182964.01111779;0.0 
 10/06  04:00:00;28.916666666666668;28.71441389615005;114414787.49296615;0.0 
 10/06  05:00:00;28.416666666666668;28.594242713133326;95392009.05182946;0.0 
 10/06  06:00:00;27.650000000000002;28.469355815489152;6384399.799949123;0.0 
 10/06  07:00:00;27.166666666666668;28.355638648928377;3531485.845310266;0.0 
 10/06  08:00:00;27.583333333333332;28.31830470710429;3100422.4573691585;0.0 
 10/06  09:00:00;29.28333333333333;28.401354305506555;3222013.8546698894;0.0 
 10/06  10:00:00;31.833333333333332;28.62925618174731;3713732.3949128054;0.0 
 10/06  11:00:00;34.166666666666664;28.971374664181894;4574877.708519835;0.0 
 10/06  12:00:00;35.93333333333333;29.38073407757224;5735167.978064755;0.0 
 10/06  13:00:00;37.06666666666667;29.811525643622286;7061860.399158932;0.0 
 10/06  14:00:00;37.80833333333333;30.220744724121204;8381224.133828275;0.0 
 10/06  15:00:00;38.56666666666667;30.567241706894873;9507184.410588207;0.0 
 10/06  16:00:00;38.958333333333336;30.79990652917952;10249401.682888588;0.0 
 10/06  17:00:00;39.0;30.882833060902012;10479697.07721231;0.0 
 10/06  18:00:00;38.358333333333334;30.806936622965555;10169684.114552552;0.0 
 10/06  19:00:00;36.791666666666664;30.60336947483545;9420398.285779504;0.0 
 10/06  20:00:00;34.891666666666666;30.35835986419578;8538975.462549036;0.0 
 10/06  21:00:00;32.99166666666667;30.124635311846617;7733860.58844731;0.0 
 10/06  22:00:00;31.5;29.914012891683296;135827071.2501865;0.0 
 10/06  23:00:00;31.0;29.73431689587356;137559470.38101617;0.0 
 10/06  24:00:00;30.358333333333334;29.570349634416143;127913319.12386698;0.0 
 10/07  01:00:00;29.375;29.409016330131454;110897640.83364213;0.0 
 10/07  02:00:00;28.53333333333333;29.254168836212134;87514347.42274514;0.0 
 10/07  03:00:00;27.675;29.10354335885297;62508999.60106644;0.0 
 10/07  04:00:00;27.125;28.959646210016473;45708356.55998345;0.0 
 10/07  05:00:00;27.0;28.8262341596367;41264877.901656516;0.0 
 10/07  06:00:00;26.88333333333334;28.698980153093846;6597149.30056919;0.0 
 10/07  07:00:00;26.333333333333332;28.575290924007334;3785974.0723226257;0.0 
 10/07  08:00:00;26.583333333333332;28.52286012833346;3446694.4663011483;0.0 
 10/07  09:00:00;28.75;28.59863057332049;3559745.6573907295;0.0 
 10/07  10:00:00;32.333333333333336;28.831469302375677;4058600.5147591187;0.0 
 10/07  11:00:00;35.166666666666664;29.17865219566674;4935497.977418084;0.0 
 10/07  12:00:00;36.99166666666667;29.579439026718962;6086103.990338017;0.0 
 10/07  13:00:00;38.166666666666664;29.99877498123367;7393040.428643596;0.0 
 10/07  14:00:00;38.90833333333333;30.398049663109173;8697001.298404321;0.0 
 10/07  15:00:00;39.666666666666664;30.726430641547324;9780953.37557625;0.0 
 10/07  16:00:00;40.0;30.94206849336518;10478754.82070333;0.0 
 10/07  17:00:00;39.416666666666664;31.010413048289564;10680737.271356136;0.0 
 10/07  18:00:00;38.300000000000004;30.913260843097863;218545386.41820437;0.0 
 10/07  19:00:00;35.583333333333336;30.67836092537446;183199604.03532016;0.0 
 10/07  20:00:00;33.59166666666667;30.413339917852024;173213934.12908447;0.0 
 10/07  21:00:00;32.891666666666666;30.186767215337152;198786612.95631722;0.0 
 10/07  22:00:00;32.25;29.986369403923916;179831871.14483947;0.0 
 10/07  23:00:00;31.416666666666668;29.803350273362355;155824565.9035831;0.0 
 10/07  24:00:00;30.53333333333333;29.630617448372416;137163706.69423866;0.0 
 10/08  01:00:00;29.96666666666667;29.470535967501082;125117422.90548232;0.0 
 10/08  02:00:00;29.566666666666666;29.320845938081277;115397496.77852607;0.0 
 10/08  03:00:00;29.166666666666668;29.176976680077313;105215177.07718757;0.0 
 10/08  04:00:00;29.0;29.041947691227392;101687953.06053472;0.0 
 10/08  05:00:00;29.0;28.91684529731296;102007643.92525616;0.0 
 10/08  06:00:00;28.00833333333334;28.78373215311687;72895336.78371677;0.0 
 10/08  07:00:00;27.125;28.651722644286668;47175823.447763145;0.0 
 10/08  08:00:00;27.583333333333332;28.59818318130362;61556646.67292095;0.0 
 10/08  09:00:00;28.933333333333337;28.655796145311413;102053280.2424308;0.0 
 10/08  10:00:00;31.0;28.84758465048552;138149087.55586442;0.0 
 10/08  11:00:00;33.166666666666664;29.15862674160864;151654167.9030944;0.0 
 10/08  12:00:00;35.225;29.524573257516;223055621.59391987;0.0 
 10/08  13:00:00;36.858333333333334;29.911433058950735;288853924.92582244;0.0 
 10/08  14:00:00;38.15833333333333;30.281840795156977;297276566.6122061;0.0 
 10/08  15:00:00;39.458333333333336;30.57103266497297;304312746.9156487;0.0 
 10/08  16:00:00;40.0;30.726438968132708;310795183.42740905;0.0 
 10/08  17:00:00;38.833333333333336;30.725447091852327;294474498.3702242;0.0 
 10/08  18:00:00;37.53333333333333;30.60375746319092;274397990.41458064;0.0 
 10/08  19:00:00;36.324999999999996;30.415726228791286;258713106.4383322;0.0 
 10/08  20:00:00;34.76666666666667;30.207571043691257;233100488.55477765;0.0 
 10/08  21:00:00;33.225;30.014600313857247;203021693.1082766;0.0 
 10/08  22:00:00;32.25;29.843258043921864;184466147.11664635;0.0 
 10/08  23:00:00;31.416666666666668;29.68218104596701;165557847.99401587;0.0 
 10/08  24:00:00;30.766666666666666;29.527626872508126;147231239.99262106;0.0 
 10/09  01:00:00;30.308333333333334;29.385036074910854;133602053.33646668;0.0 
 10/09  02:00:00;29.75;29.248462359798427;119156989.59669273;0.0 
 10/09  03:00:00;29.208333333333332;29.114954159795502;105294455.7263514;0.0 
 10/09  04:00:00;28.708333333333332;28.9883000051553;93149644.79139438;0.0 
 10/09  05:00:00;28.208333333333332;28.869264715488843;79944685.37058485;0.0 
 10/09  06:00:00;28.233333333333334;28.756163556552337;80342871.28896536;0.0 
 10/09  07:00:00;28.575;28.655715819626618;87548033.41278541;0.0 
 10/09  08:00:00;28.875;28.6139229633109;92784517.83265008;0.0 
 10/09  09:00:00;29.583333333333332;28.665211883102916;108329105.1133545;0.0 
 10/09  10:00:00;31.166666666666668;28.847238478906252;130622567.97556338;0.0 
 10/09  11:00:00;33.75;29.163671492240777;169770747.43792665;0.0 
 10/09  12:00:00;35.583333333333336;29.539736530440155;230513049.23218593;0.0 
 10/09  13:00:00;36.583333333333336;29.914256568059347;254913451.54038435;0.0 
 10/09  14:00:00;37.583333333333336;30.25649242586992;257574714.18222958;0.0 
 10/09  15:00:00;38.583333333333336;30.51979281410891;258043302.2028372;0.0 
 10/09  16:00:00;39.0;30.651852192350592;253799629.70732743;0.0 
 10/09  17:00:00;39.0;30.64929089570828;264070819.59511518;0.0 
 10/09  18:00:00;38.358333333333334;30.53922531105739;260681745.03102568;0.0 
 10/09  19:00:00;36.791666666666664;30.34848451745448;218693051.71903446;0.0 
 10/09  20:00:00;35.125;30.145326504530676;193959748.74745932;0.0 
 10/09  21:00:00;33.68333333333334;29.96041505131331;182384881.46151412;0.0 
 10/09  22:00:00;32.458333333333336;29.788979656871565;167953755.7403986;0.0 
 10/09  23:00:00;32.0;29.639324501401763;158137260.1219034;0.0 
 10/09  24:00:00;30.891666666666666;29.496842681588078;132872242.41986749;0.0 
 10/10  01:00:00;29.51666666666667;29.346499253103477;101762856.85614634;0.0 
 10/10  02:00:00;28.516666666666666;29.204394750482553;77317174.79908082;0.0 
 10/10  03:00:00;27.51666666666667;29.065916301644155;52270830.924422935;0.0 
 10/10  04:00:00;27.041666666666668;28.937329943228303;39744271.72765045;0.0 
 10/10  05:00:00;27.0;28.819892752352676;37880600.12906591;0.0 
 10/10  06:00:00;26.650000000000002;28.69985167460025;6263025.423604876;0.0 
 10/10  07:00:00;26.166666666666668;28.58340773035475;3768434.1532467757;0.0 
 10/10  08:00:00;26.583333333333332;28.53676239827388;3463163.478247266;0.0 
 10/10  09:00:00;28.75;28.608590768085964;3574178.615818586;0.0 
 10/10  10:00:00;32.333333333333336;28.83672329251191;4059956.592766632;0.0 
 10/10  11:00:00;35.166666666666664;29.186400067524612;4930657.300505274;0.0 
 10/10  12:00:00;37.166666666666664;29.583941009870653;6059013.691314502;0.0 
 10/10  13:00:00;38.40833333333333;29.986310567880533;7305395.302760805;0.0 
 10/10  14:00:00;39.050000000000004;30.363525446563216;8532391.767942594;0.0 
 10/10  15:00:00;39.708333333333336;30.68315533097197;9582801.74194109;0.0 
 10/10  16:00:00;40.0;30.88566530492793;10254982.039290827;0.0 
 10/10  17:00:00;40.0;30.943101834002423;10430215.454019068;0.0 
 10/10  18:00:00;39.300000000000004;30.85023033490653;10077876.563854719;0.0 
 10/10  19:00:00;36.583333333333336;30.615167707284815;9272283.648189435;0.0 
 10/10  20:00:00;33.949999999999996;30.349548724500107;8374080.556183482;0.0 
 10/10  21:00:00;32.091666666666676;30.117053065675325;7595858.2517919205;0.0 
 10/10  22:00:00;30.541666666666668;29.90913074867916;103216855.80486639;0.0 
 10/10  23:00:00;29.416666666666668;29.72318932207234;95665323.88893098;0.0 
 10/10  24:00:00;28.59166666666667;29.55271157337273;66661173.96394681;0.0 
 10/11  01:00:00;27.89166666666667;29.39237426849849;48293213.29130026;0.0 
 10/11  02:00:00;27.191666666666666;29.23684726546772;34246529.95344476;0.0 
 10/11  03:00:00;26.491666666666664;29.082918161292515;19284216.861798547;0.0 
 10/11  04:00:00;26.083333333333332;28.93486034480287;9823161.284710865;0.0 
 10/11  05:00:00;25.941666666666666;28.795284429434815;5803413.920718562;0.0 
 10/11  06:00:00;25.78333333333333;28.66157504465295;5351084.1682945965;0.0 
 10/11  07:00:00;24.708333333333332;28.523770922100947;3592155.007666666;0.0 
 10/11  08:00:00;24.583333333333332;28.455952116918144;3322204.296492723;0.0 
 10/11  09:00:00;27.858333333333334;28.537433505738633;3418672.3093062835;0.0 
 10/11  10:00:00;31.708333333333332;28.74499576871494;3826537.9129293216;0.0 
 10/11  11:00:00;35.333333333333336;29.04536870623779;4525611.71355735;0.0 
 10/11  12:00:00;37.583333333333336;29.385704706551966;5435415.2090928275;0.0 
 10/11  13:00:00;38.641666666666666;29.72777598590135;6460563.455255872;0.0 
 10/11  14:00:00;39.68333333333333;30.07516835986301;7560493.855764924;0.0 
 10/11  15:00:00;40.74166666666667;30.402088006760746;8626647.100303987;0.0 
 10/11  16:00:00;41.083333333333336;30.640022639417676;9434442.44308298;0.0 
 10/11  17:00:00;40.416666666666664;30.732537075004714;9763922.552689085;0.0 
 10/11  18:00:00;39.300000000000004;30.659223690229094;9519381.555652028;0.0 
 10/11  19:00:00;36.583333333333336;30.444232429918145;8806522.576886721;0.0 
 10/11  20:00:00;34.24166666666667;30.200017404519915;7986412.43466739;0.0 
 10/11  21:00:00;32.94166666666667;29.98816593449476;7267987.782922849;0.0 
 10/11  22:00:00;31.583333333333332;29.796232980005247;111085147.92025653;0.0 
 10/11  23:00:00;30.416666666666668;29.62070838463379;102692324.0257413;0.0 
 10/11  24:00:00;30.0;29.46476782631628;93826678.2400372;0.0 
 10/12  01:00:00;29.59166666666667;29.319621709177813;75113007.87196715;0.0 
 10/12  02:00:00;28.950000000000003;29.175868790963772;60143372.458371736;0.0 
 10/12  03:00:00;28.291666666666668;29.03674882463936;47894804.29756288;0.0 
 10/12  04:00:00;28.0;28.904073112119978;42271597.43836235;0.0 
 10/12  05:00:00;26.833333333333332;28.761642088371033;19964876.599496007;0.0 
 10/12  06:00:00;26.0;28.61994493249124;4125414.4396175584;0.0 
 10/12  07:00:00;24.833333333333332;28.481012671067287;3422707.6310420255;0.0 
 10/12  08:00:00;25.166666666666668;28.415605614863278;3251526.1093243696;0.0 
 10/12  09:00:00;27.516666666666666;28.485990368612445;3339275.9226663625;0.0 
 10/12  10:00:00;30.0;28.693568930867514;3762495.7674177093;0.0 
 10/12  11:00:00;33.333333333333336;29.03552509362197;4578868.189855805;0.0 
 10/12  12:00:00;35.93333333333333;29.445890130489968;5702136.586962841;0.0 
 10/12  13:00:00;37.300000000000004;29.86511088482084;6979913.632333519;0.0 
 10/12  14:00:00;38.44166666666667;30.271171247421695;8277419.502092846;0.0 
 10/12  15:00:00;39.6;30.616615660116793;9396230.357333383;0.0 
 10/12  16:00:00;40.041666666666664;30.83098155832864;10103923.495367028;0.0 
 10/12  17:00:00;40.0;30.894523703430423;10305665.213836621;0.0 
 10/12  18:00:00;38.95000000000001;30.803567978477933;9978304.588939987;0.0 
 10/12  19:00:00;36.916666666666664;30.589218735207538;9228167.618759885;0.0 
 10/12  20:00:00;35.00833333333333;30.349806720593694;8387413.1661083745;0.0 
 10/12  21:00:00;33.30833333333333;30.129433673962605;7635263.407081749;0.0 
 10/12  22:00:00;31.666666666666668;29.927915436290345;115688128.19481961;0.0 
 10/12  23:00:00;30.416666666666668;29.745461384466648;100333597.54100013;0.0 
 10/12  24:00:00;30.058333333333337;29.587842808259087;91877225.21864715;0.0 
 10/13  01:00:00;29.691666666666666;29.442838552484385;85468727.17384532;0.0 
 10/13  02:00:00;28.991666666666664;29.29618166218403;78693147.20405689;0.0 
 10/13  03:00:00;28.291666666666668;29.14979238033274;69184186.92556585;0.0 
 10/13  04:00:00;27.650000000000002;29.003754899576332;56368732.32140762;0.0 
 10/13  05:00:00;27.108333333333334;28.861928955980243;42507553.10359105;0.0 
 10/13  06:00:00;26.55;28.727518850234357;6591868.335187513;0.0 
 10/13  07:00:00;26.125;28.60474572545355;3814261.4634127016;0.0 
 10/13  08:00:00;26.583333333333332;28.554924231190196;3486897.1334757246;0.0 
 10/13  09:00:00;27.875;28.612898081725387;3572397.8557120385;0.0 
 10/13  10:00:00;29.958333333333332;28.800657212947574;3977587.389577396;0.0 
 10/13  11:00:00;32.166666666666664;29.109082200713583;4739713.790608704;0.0 
 10/13  12:00:00;33.70000000000001;29.47320205759293;5763371.795766534;0.0 
 10/13  13:00:00;35.13333333333333;29.858762144469566;6942542.148109022;0.0 
 10/13  14:00:00;36.73333333333333;30.239416890414446;8149821.929853621;0.0 
 10/13  15:00:00;38.333333333333336;30.563966969470044;9194915.77500399;0.0 
 10/13  16:00:00;40.166666666666664;30.781564238598804;9884450.910367547;0.0 
 10/13  17:00:00;40.125;30.84456614220149;10072013.425314363;0.0 
 10/13  18:00:00;38.68333333333334;30.74724253213454;9732195.136402389;0.0 
 10/13  19:00:00;36.875;30.531525658502716;8997077.26461883;0.0 
 10/13  20:00:00;35.00833333333333;30.294004195866847;8187250.334060971;0.0 
 10/13  21:00:00;33.30833333333333;30.0853737925197;7483724.2591730505;0.0 
 10/13  22:00:00;32.25;29.90547931154688;140183937.05226836;0.0 
 10/13  23:00:00;30.833333333333332;29.737344638412537;126273181.04163185;0.0 
 10/13  24:00:00;29.88333333333334;29.579226804147808;109761203.35565448;0.0 
 10/14  01:00:00;29.508333333333336;29.43526493811582;99634928.51526552;0.0 
 10/14  02:00:00;28.950000000000003;29.295177180853887;88057793.51652645;0.0 
 10/14  03:00:00;28.40833333333333;29.1593756074941;75810622.540341;0.0 
 10/14  04:00:00;28.083333333333332;29.026322990870522;65847487.24802849;0.0 
 10/14  05:00:00;27.416666666666668;28.891623872398643;45605676.23122393;0.0 
 10/14  06:00:00;27.0;28.76004583317183;6175023.67411034;0.0 
 10/14  07:00:00;27.0;28.643217317337406;3847381.493341537;0.0 
 10/14  08:00:00;27.0;28.586704298408822;3550843.1257564775;0.0 
 10/14  09:00:00;28.05;28.63606508590229;3626007.266029723;0.0 
 10/14  10:00:00;29.5;28.812116302623025;4014084.815526996;0.0 
 10/14  11:00:00;31.166666666666668;29.094850761426823;4722020.00190827;0.0 
 10/14  12:00:00;32.75833333333333;29.431520382651854;5663078.933633478;0.0 
 10/14  13:00:00;33.883333333333326;29.77932321031865;6720335.751239599;0.0 
 10/14  14:00:00;34.94166666666667;30.112497924150997;7774503.713648334;0.0 
 10/14  15:00:00;35.983333333333334;30.39113990535947;8667207.530313931;0.0 
 10/14  16:00:00;36.166666666666664;30.54754985278935;9187167.066447504;0.0 
 10/14  17:00:00;36.0;30.56093807746433;9226300.843046015;0.0 
 10/14  18:00:00;35.766666666666666;30.449176531760273;227800861.92418358;0.0 
 10/14  19:00:00;34.666666666666664;30.251483829802833;230036669.34172392;0.0 
 10/14  20:00:00;33.35833333333334;30.040268944988537;208281745.08497465;0.0 
 10/14  21:00:00;32.25833333333333;29.848976458797896;181859661.5263063;0.0 
 10/14  22:00:00;31.333333333333332;29.676494878706176;161149460.86380234;0.0 
 10/14  23:00:00;31.0;29.52639622687857;155036100.98152855;0.0 
 10/14  24:00:00;30.650000000000002;29.38780780216577;144025192.5926107;0.0 
 10/15  01:00:00;30.108333333333334;29.25175789253925;127939859.38683407;0.0 
 10/15  02:00:00;29.55;29.120270441848998;111448960.14294735;0.0 
 10/15  03:00:00;29.008333333333336;28.99450643689124;95377453.88602702;0.0 
 10/15  04:00:00;28.916666666666668;28.881537645908836;90043299.16656043;0.0 
 10/15  05:00:00;28.416666666666668;28.770228970349397;75998779.284322;0.0 
 10/15  06:00:00;27.766666666666666;28.657105510796438;60385117.89558784;0.0 
 10/15  07:00:00;27.25;28.554925602672;45465935.13227477;0.0 
 10/15  08:00:00;27.583333333333332;28.514557671202898;58688744.44769515;0.0 
 10/15  09:00:00;28.7;28.56370497592251;93216105.3312798;0.0 
 10/15  10:00:00;30.25;28.720259086352502;134374847.4888623;0.0 
 10/15  11:00:00;32.63333333333333;29.002190671554995;195634242.68264797;0.0 
 10/15  12:00:00;35.43333333333333;29.37004994752661;266829210.2248294;0.0 
 10/15  13:00:00;37.00833333333333;29.746807859062347;297003583.58264005;0.0 
 10/15  14:00:00;37.708333333333336;30.09915552259393;292137391.7642534;0.0 
 10/15  15:00:00;38.40833333333333;30.40233560944812;286259694.95460767;0.0 
 10/15  16:00:00;38.46666666666667;30.59480564089702;283957600.0302367;0.0 
 10/15  17:00:00;38.125;30.645161055131023;293536693.2928664;0.0 
 10/15  18:00:00;36.949999999999996;30.553206325200467;252239895.07247394;0.0 
 10/15  19:00:00;35.55833333333334;30.359157049779892;199106330.97507155;0.0 
 10/15  20:00:00;34.458333333333336;30.151323144976033;207574022.94754413;0.0 
 10/15  21:00:00;33.35833333333334;29.963510614320384;209867245.0755632;0.0 
 10/15  22:00:00;32.375;29.795556743704164;186829426.45627823;0.0 
 10/15  23:00:00;31.416666666666668;29.639179278161603;165468226.6268155;0.0 
 10/15  24:00:00;30.53333333333333;29.494508640424684;140921225.76479858;0.0 
 10/16  01:00:00;30.141666666666666;29.364595518774607;129239344.22285688;0.0 
 10/16  02:00:00;30.041666666666668;29.246298203249513;126653948.11593387;0.0 
 10/16  03:00:00;29.941666666666666;29.131614790315155;123699652.58298361;0.0 
 10/16  04:00:00;29.724999999999998;29.017880705264897;119111755.47670609;0.0 
 10/16  05:00:00;29.425;28.908234130858347;112507002.13966037;0.0 
 10/16  06:00:00;29.125;28.801501075591997;6786395.529275743;0.0 
 10/16  07:00:00;29.0;28.702641953814975;3985692.7077611163;0.0 
 10/16  08:00:00;29.583333333333332;28.67341914235601;3714648.6504495186;0.0 
 10/16  09:00:00;30.933333333333337;28.743618119717784;3838970.1301353024;0.0 
 10/16  10:00:00;33.0;28.939947216686516;4281229.438475748;0.0 
 10/16  11:00:00;34.0;29.232800177438477;5040805.706608777;0.0 
 10/16  12:00:00;35.166666666666664;29.579744468001053;6041934.34801008;0.0 
 10/16  13:00:00;36.583333333333336;29.959750427745153;7210876.075819589;0.0 
 10/16  14:00:00;37.641666666666666;30.32106653473055;8368190.56018067;0.0 
 10/16  15:00:00;38.68333333333333;30.619097692074476;9330186.965375856;0.0 
 10/16  16:00:00;39.041666666666664;30.804690802196887;9931992.687415771;0.0 
 10/16  17:00:00;39.0;30.852900507216493;10078584.05500598;0.0 
 10/16  18:00:00;38.416666666666664;30.760736601425368;9739554.092593627;0.0 
 10/16  19:00:00;36.833333333333336;30.55519694525241;9018544.389358558;0.0 
 10/16  20:00:00;35.24166666666667;30.32980782776563;8236958.310728676;0.0 
 10/16  21:00:00;33.94166666666667;30.127997310740323;7554585.479706367;0.0 
 10/16  22:00:00;33.166666666666664;29.955188498724937;173222698.98693645;0.0 
 10/16  23:00:00;32.416666666666664;29.80163421975355;176568515.53259382;0.0 
 10/16  24:00:00;31.708333333333332;29.6576378424741;153741296.94613844;0.0 
 10/17  01:00:00;31.38333333333334;29.527883757893576;138741172.9505845;0.0 
 10/17  02:00:00;31.125;29.404166120749224;137345176.49017185;0.0 
 10/17  03:00:00;30.88333333333334;29.28666787987001;136283141.44317368;0.0 
 10/17  04:00:00;30.625;29.177116708216108;136925784.91232246;0.0 
 10/17  05:00:00;30.38333333333334;29.067585105819614;143576290.66438812;0.0 
 10/17  06:00:00;30.125;28.95898113573342;7479396.839520099;0.0 
 10/17  07:00:00;28.833333333333332;28.839120059854125;4236186.812353003;0.0 
 10/17  08:00:00;29.166666666666668;28.789252881328594;3939079.7788195712;0.0 
 10/17  09:00:00;30.583333333333332;28.856565246787895;4056389.9480638066;0.0 
 10/17  10:00:00;32.166666666666664;29.04017209593131;4482008.657023685;0.0 
 10/17  11:00:00;34.166666666666664;29.343368057353555;5260570.114598481;0.0 
 10/17  12:00:00;35.875;29.694659806658155;6268181.478433868;0.0 
 10/17  13:00:00;37.199999999999996;30.05065990655143;7365764.310380948;0.0 
 10/17  14:00:00;38.34166666666667;30.403948769996276;8491749.7211139;0.0 
 10/17  15:00:00;39.5;30.720721700056078;9523680.964682454;0.0 
 10/17  16:00:00;39.708333333333336;30.93001608198357;10225089.90031091;0.0 
 10/17  17:00:00;39.208333333333336;30.98876750293624;10432326.921152025;0.0 
 10/17  18:00:00;38.300000000000004;30.90075201140643;10120920.055986889;0.0 
 10/17  19:00:00;36.166666666666664;30.698169342247994;9406204.236117452;0.0 
 10/17  20:00:00;34.125;30.460907491097288;8578809.781449065;0.0 
 10/17  21:00:00;32.625;30.236489123884237;7818366.756100262;0.0 
 10/17  22:00:00;32.0;30.044913820776916;135793421.8919041;0.0 
 10/17  23:00:00;31.416666666666668;29.877922465580273;156025955.09398624;0.0 
 10/17  24:00:00;30.53333333333333;29.7199942755062;137427880.72303686;0.0 
 10/18  01:00:00;30.141666666666666;29.57693964341692;127320581.76175097;0.0 
 10/18  02:00:00;30.099999999999998;29.44973883027202;121762663.32801144;0.0 
 10/18  03:00:00;30.041666666666668;29.327142594063716;117287596.53287822;0.0 
 10/18  04:00:00;30.0;29.205561908463697;113520463.6361022;0.0 
 10/18  05:00:00;29.416666666666668;29.07808361999867;98340207.1822055;0.0 
 10/18  06:00:00;28.416666666666668;28.94220601010554;6636692.945243156;0.0 
 10/18  07:00:00;27.416666666666668;28.809628675814555;4136531.585396534;0.0 
 10/18  08:00:00;27.0;28.73745203932199;3839224.8118037474;0.0 
 10/18  09:00:00;27.933333333333337;28.78024601777184;3903731.1839898955;0.0 
 10/18  10:00:00;30.0;28.954741525123378;4288202.909484144;0.0 
 10/18  11:00:00;33.333333333333336;29.26078823135182;5039573.593516467;0.0 
 10/18  12:00:00;35.699999999999996;29.644458982024705;6110886.609814507;0.0 
 10/18  13:00:00;36.958333333333336;30.038213820286416;7337487.200122556;0.0 
 10/18  14:00:00;38.20000000000001;30.41721752370202;8574588.17557516;0.0 
 10/18  15:00:00;39.458333333333336;30.739518251735458;9637357.989020793;0.0 
 10/18  16:00:00;39.708333333333336;30.932994923870094;10294969.865599597;0.0 
 10/18  17:00:00;39.208333333333336;30.968770102150177;10429476.390631087;0.0 
 10/18  18:00:00;37.891666666666666;30.853944220688714;10037213.109831307;0.0 
 10/18  19:00:00;35.291666666666664;30.610752017357033;9219044.526546689;0.0 
 10/18  20:00:00;33.18333333333333;30.345303409621433;8320071.337403224;0.0 
 10/18  21:00:00;31.78333333333333;30.111216665486566;7536141.581758334;0.0 
 10/18  22:00:00;28.224999999999998;29.869710403971613;34938149.6607441;0.0 
 10/18  23:00:00;28.433333333333334;29.67409868736299;37060770.51236206;0.0 
 10/18  24:00:00;25.84166666666667;29.103842583750133;13502989.7868905;0.0 
 10/19  01:00:00;23.849999999999998;28.29126556009652;0.0;0.0 
 10/19  02:00:00;25.650000000000002;28.896955846908384;2883947.6901303222;0.0 
 10/19  03:00:00;27.45;28.92185753401847;22682862.49522137;0.0 
 10/19  04:00:00;28.083333333333332;28.81373413178405;30463320.28633597;0.0 
 10/19  05:00:00;27.416666666666668;28.678740366488046;21794489.078403674;0.0 
 10/19  06:00:00;26.416666666666668;28.533228820531026;3475926.156824473;0.0 
 10/19  07:00:00;24.833333333333332;28.38040092838773;3207243.2192390086;0.0 
 10/19  08:00:00;24.583333333333332;28.299467326992552;3040287.4796820027;0.0 
 10/19  09:00:00;27.45;28.378461499219764;3132476.833969528;0.0 
 10/19  10:00:00;31.416666666666668;28.630461366112158;3607723.3328685886;0.0 
 10/19  11:00:00;33.583333333333336;28.970753192616446;4414967.109834121;0.0 
 10/19  12:00:00;34.70000000000001;29.331741690619214;5420678.711233102;0.0 
 10/19  13:00:00;35.78333333333333;29.709152923463392;6569743.82204278;0.0 
 10/19  14:00:00;36.84166666666667;30.07639218260945;7737055.974653756;0.0 
 10/19  15:00:00;37.88333333333333;30.39457750562364;8762561.333945733;0.0 
 10/19  16:00:00;37.949999999999996;30.591019585619904;9422244.860923387;0.0 
 10/19  17:00:00;37.291666666666664;30.626020623826246;9561833.451915383;0.0 
 10/19  18:00:00;36.416666666666664;30.51642148857329;9186809.211119007;0.0 
 10/19  19:00:00;34.25;30.279479472021915;8396640.289068662;0.0 
 10/19  20:00:00;31.541666666666668;30.010145607616263;7521711.118039623;0.0 
 10/19  21:00:00;29.041666666666668;29.76287629694444;6749369.221482818;0.0 
 10/19  22:00:00;27.416666666666668;29.54351362040025;24975746.277704097;0.0 
 10/19  23:00:00;26.183333333333337;29.34632848144507;9631781.644466069;0.0 
 10/19  24:00:00;24.783333333333335;28.747405296827633;0.0;0.0 
 10/20  01:00:00;24.141666666666666;28.174232654845596;0.0;0.0 
 10/20  02:00:00;24.099999999999998;27.933226876261255;0.0;0.0 
 10/20  03:00:00;24.041666666666668;27.70919918904689;0.0;0.0 
 10/20  04:00:00;23.53333333333333;27.26726440103231;0.0;0.0 
 10/20  05:00:00;22.791666666666668;26.68093122960931;0.0;0.0 
 10/20  06:00:00;22.03333333333333;27.927638315640593;2428786.5550240143;0.0 
 10/20  07:00:00;21.875;27.91186507735995;2452131.221736759;0.0 
 10/20  08:00:00;23.224999999999998;27.885413420311824;2367884.53776231;0.0 
 10/20  09:00:00;25.325;27.96980634344173;2451549.733303;0.0 
 10/20  10:00:00;29.0;28.210640003311187;2850943.4069212414;0.0 
 10/20  11:00:00;32.75;28.586458102841224;3662278.6663287235;0.0 
 10/20  12:00:00;35.166666666666664;29.008174468213756;4764622.748876502;0.0 
 10/20  13:00:00;36.81666666666667;29.43680192975793;6024683.853718711;0.0 
 10/20  14:00:00;38.21666666666667;29.852170766657817;7317056.560084911;0.0 
 10/20  15:00:00;39.616666666666674;30.21332365218011;8467846.781543797;0.0 
 10/20  16:00:00;40.083333333333336;30.452019900477804;9248833.533153899;0.0 
 10/20  17:00:00;39.416666666666664;30.525077175473644;9495941.840381794;0.0 
 10/20  18:00:00;37.833333333333336;30.43317485235593;9178769.392949503;0.0 
 10/20  19:00:00;34.666666666666664;30.20396309753076;8410571.964528432;0.0 
 10/20  20:00:00;31.891666666666666;29.943262806987402;7536717.322965181;0.0 
 10/20  21:00:00;29.991666666666664;29.710473063837185;6765297.579921898;0.0 
 10/20  22:00:00;28.558333333333334;29.503381368938236;38471416.04142116;0.0 
 10/20  23:00:00;27.458333333333332;29.31770281837412;24569013.662429884;0.0 
 10/20  24:00:00;26.53333333333333;29.145433439153333;12413676.389176205;0.0 
 10/21  01:00:00;25.791666666666668;28.96916395640244;2581565.856929603;0.0 
 10/21  02:00:00;25.150000000000002;28.5671082218648;0.0;0.0 
 10/21  03:00:00;24.491666666666664;28.046250972652917;0.0;0.0 
 10/21  04:00:00;24.083333333333332;27.637336548642836;0.0;0.0 
 10/21  05:00:00;23.416666666666668;27.11260075118655;0.0;0.0 
 10/21  06:00:00;23.116666666666664;28.062484232582918;2666420.069276089;0.0 
 10/21  07:00:00;22.5;28.019761777200557;2640476.032522498;0.0 
 10/21  08:00:00;23.166666666666668;27.978412917816474;2526241.6852054307;0.0 
 10/21  09:00:00;25.166666666666668;28.059579848844333;2617382.0833175555;0.0 
 10/21  10:00:00;28.916666666666668;28.297705294374538;3043517.2548632133;0.0 
 10/21  11:00:00;32.75;28.672857032101703;3885836.5858758586;0.0 
 10/21  12:00:00;35.050000000000004;29.09652716207643;5016933.89257943;0.0 
 10/21  13:00:00;36.38333333333333;29.519026396679536;6277214.446374009;0.0 
 10/21  14:00:00;37.44166666666667;29.914725822873084;7520660.068429016;0.0 
 10/21  15:00:00;38.48333333333333;30.2528702394896;8599246.868410304;0.0 
 10/21  16:00:00;38.958333333333336;30.474910332445365;9312876.599780872;0.0 
 10/21  17:00:00;38.416666666666664;30.531925607026096;9494410.2681584;0.0 
 10/21  18:00:00;37.475;30.432004350950436;156937494.74326622;0.0 
 10/21  19:00:00;34.708333333333336;30.207050157161774;116376544.60614453;0.0 
 10/21  20:00:00;32.125;29.951270243319723;91330415.80883549;0.0 
 10/21  21:00:00;30.625;29.727799499366352;81745146.99845387;0.0 
 10/21  22:00:00;29.416666666666668;29.528732258923515;63662121.071784556;0.0 
 10/21  23:00:00;28.416666666666668;29.349094508939206;51507121.268867515;0.0 
 10/21  24:00:00;27.358333333333334;29.179797245624325;32008704.144911166;0.0 
 10/22  01:00:00;26.900000000000002;29.02460551530108;23071972.936497577;0.0 
 10/22  02:00:00;26.958333333333332;28.884106645516372;23605085.100388836;0.0 
 10/22  03:00:00;27.0;28.748496046666375;23883418.738360565;0.0 
 10/22  04:00:00;27.0;28.614498896659338;23506801.159083914;0.0 
 10/22  05:00:00;26.416666666666668;28.476260952503708;12498966.866232509;0.0 
 10/22  06:00:00;25.941666666666666;28.339883034013187;3405936.0970432777;0.0 
 10/22  07:00:00;25.375;28.016969890433547;0.0;0.0 
 10/22  08:00:00;25.583333333333332;28.007362929942186;1236345.1898249611;0.0 
 10/22  09:00:00;27.224999999999998;28.206482525022903;42357092.403449275;0.0 
 10/22  10:00:00;29.208333333333332;28.41698330931267;94749912.85214114;0.0 
 10/22  11:00:00;31.166666666666668;28.741278665016903;139375657.0286986;0.0 
 10/22  12:00:00;33.166666666666664;29.12829298279425;178801593.80635035;0.0 
 10/22  13:00:00;34.81666666666667;29.534397915777863;200959105.39140242;0.0 
 10/22  14:00:00;36.21666666666667;29.92329904586136;211393765.8957249;0.0 
 10/22  15:00:00;37.61666666666667;30.25410090131797;221777863.11726657;0.0 
 10/22  16:00:00;38.666666666666664;30.47170884255931;235249849.06456771;0.0 
 10/22  17:00:00;38.416666666666664;30.531570179372718;231839181.73495576;0.0 
 10/22  18:00:00;37.416666666666664;30.430780404181434;213703754.6600766;0.0 
 10/22  19:00:00;35.25;30.216650376928396;175749487.50115985;0.0 
 10/22  20:00:00;33.416666666666664;29.985322136262173;143945904.4095736;0.0 
 10/22  21:00:00;32.416666666666664;29.784239307443794;132442505.0784893;0.0 
 10/22  22:00:00;31.416666666666668;29.599486380980352;110243531.03417952;0.0 
 10/22  23:00:00;30.416666666666668;29.427225768454758;95044519.78038517;0.0 
 10/22  24:00:00;29.474999999999998;29.268278356962114;80788506.89797202;0.0 
 10/23  01:00:00;29.099999999999998;29.124950590274196;70530566.90783271;0.0 
 10/23  02:00:00;29.041666666666668;28.993378302371585;64419747.641866386;0.0 
 10/23  03:00:00;29.0;28.86950990284188;60382098.33907482;0.0 
 10/23  04:00:00;28.416666666666668;28.743188389766335;53433381.70496896;0.0 
 10/23  05:00:00;28.0;28.618852659651964;55635984.23219994;0.0 
 10/23  06:00:00;27.183333333333337;28.49282418178056;5398401.362133355;0.0 
 10/23  07:00:00;26.25;28.35691395665965;3380447.005618117;0.0 
 10/23  08:00:00;26.0;28.284202452264626;3029320.3163146363;0.0 
 10/23  09:00:00;27.516666666666666;28.338050479819533;3089920.4155654665;0.0 
 10/23  10:00:00;30.0;28.543706681951466;3505138.9558408977;0.0 
 10/23  11:00:00;32.75;28.87631427195437;4297613.36404362;0.0 
 10/23  12:00:00;35.050000000000004;29.274003963600112;5378912.692822376;0.0 
 10/23  13:00:00;36.5;29.68098931349702;6598071.052480594;0.0 
 10/23  14:00:00;37.70000000000001;30.063593522698586;7799025.026562946;0.0 
 10/23  15:00:00;38.9;30.377309093569718;8796748.389736108;0.0 
 10/23  16:00:00;39.166666666666664;30.56798532746519;9414501.706315994;0.0 
 10/23  17:00:00;38.416666666666664;30.605130652546706;9544210.210036568;0.0 
 10/23  18:00:00;37.18333333333333;30.499623002097536;9181701.191472836;0.0 
 10/23  19:00:00;35.083333333333336;30.283149079449103;8440477.238827908;0.0 
 10/23  20:00:00;33.300000000000004;30.044555254837203;7627558.794444229;0.0 
 10/23  21:00:00;32.1;29.835934300763075;6927344.956122502;0.0 
 10/23  22:00:00;31.25;29.653203242609408;99049575.47712412;0.0 
 10/23  23:00:00;30.416666666666668;29.489234288821823;88916179.98927473;0.0 
 10/23  24:00:00;29.766666666666666;29.339862586923015;75770479.02189195;0.0 
 10/24  01:00:00;29.191666666666666;29.197473735129076;64891342.88667337;0.0 
 10/24  02:00:00;28.433333333333334;29.05689539843839;50761968.29802592;0.0 
 10/24  03:00:00;27.691666666666666;28.918592348185296;36914133.81900222;0.0 
 10/24  04:00:00;27.166666666666668;28.78081021921435;25417686.340870604;0.0 
 10/24  05:00:00;26.416666666666668;28.642874957355527;11357525.730974942;0.0 
 10/24  06:00:00;25.88333333333334;28.508867005596354;4379481.897481693;0.0 
 10/24  07:00:00;25.333333333333332;28.37986111209884;3265754.614832926;0.0 
 10/24  08:00:00;25.583333333333332;28.317095527044614;3071859.985225906;0.0 
 10/24  09:00:00;26.7;28.369583593754573;3139407.6592501616;0.0 
 10/24  10:00:00;28.833333333333332;28.569591833224234;3547147.1278362884;0.0 
 10/24  11:00:00;32.333333333333336;28.910617813345144;4352370.72562296;0.0 
 10/24  12:00:00;34.93333333333333;29.305294062362893;5424160.551079639;0.0 
 10/24  13:00:00;36.416666666666664;29.69889749861393;6609133.499746847;0.0 
 10/24  14:00:00;37.875;30.081551331934065;7814624.0607008245;0.0 
 10/24  15:00:00;39.31666666666667;30.419552621389204;8893847.346500432;0.0 
 10/24  16:00:00;39.958333333333336;30.64331419480756;9625785.494395237;0.0 
 10/24  17:00:00;39.416666666666664;30.707868824636023;9842479.095922612;0.0 
 10/24  18:00:00;37.833333333333336;30.60596752315853;9490635.90274493;0.0 
 10/24  19:00:00;35.833333333333336;30.385923731927907;8726674.797350932;0.0 
 10/24  20:00:00;34.125;30.15057295406203;7903053.557997674;0.0 
 10/24  21:00:00;32.625;29.9392191075907;7181013.937173639;0.0 
 10/24  22:00:00;31.416666666666668;29.74781402271508;98814058.44342598;0.0 
 10/24  23:00:00;30.416666666666668;29.57281133346682;89654600.85473895;0.0 
 10/24  24:00:00;29.59166666666667;29.413903802223967;72277505.0637264;0.0 
 10/25  01:00:00;28.833333333333332;29.263524331761143;52342512.09390059;0.0 
 10/25  02:00:00;28.09166666666667;29.117458062956178;39291808.59602681;0.0 
 10/25  03:00:00;27.333333333333332;28.97452388313626;27374038.301750746;0.0 
 10/25  04:00:00;27.0;28.839539867830762;22047941.624252647;0.0 
 10/25  05:00:00;26.416666666666668;28.706285491414175;12773895.94115368;0.0 
 10/25  06:00:00;25.941666666666666;28.574634667886375;4689018.3838616805;0.0 
 10/25  07:00:00;25.375;28.447160184766904;3405973.8364675487;0.0 
 10/25  08:00:00;25.0;28.37675278031915;3188138.5220163725;0.0 
 10/25  09:00:00;26.925;28.434974846055884;3261463.9008609047;0.0 
 10/25  10:00:00;30.458333333333332;28.656437018190868;3705068.828504234;0.0 
 10/25  11:00:00;33.166666666666664;28.996843791122718;4525722.382809317;0.0 
 10/25  12:00:00;35.458333333333336;29.39621337999149;5630474.680307021;0.0 
 10/25  13:00:00;37.199999999999996;29.81216745803256;6891496.399751602;0.0 
 10/25  14:00:00;38.34166666666667;30.207420023133906;8152773.522174149;0.0 
 10/25  15:00:00;39.5;30.540972633917324;9236173.657591505;0.0 
 10/25  16:00:00;40.0;30.75512315459898;9939085.431222446;0.0 
 10/25  17:00:00;39.416666666666664;30.805102953095144;10100891.747651236;0.0 
 10/25  18:00:00;38.416666666666664;30.69834751644463;9711998.26121403;0.0 
 10/25  19:00:00;36.833333333333336;30.481248810138197;8938791.435271135;0.0 
 10/25  20:00:00;35.24166666666667;30.245556210659412;8107427.5981976;0.0 
 10/25  21:00:00;33.94166666666667;30.035209922329603;7384640.959968461;0.0 
 10/25  22:00:00;32.583333333333336;29.841431684294594;121392933.74898121;0.0 
 10/25  23:00:00;31.416666666666668;29.66159613078804;117018894.09000644;0.0 
 10/25  24:00:00;30.650000000000002;29.502906371117202;100640072.83499132;0.0 
 10/26  01:00:00;30.166666666666668;29.36026893001736;88862014.40796539;0.0 
 10/26  02:00:00;29.708333333333332;29.223161475086993;80978202.09212755;0.0 
 10/26  03:00:00;29.266666666666666;29.089930368432732;71964471.87467143;0.0 
 10/26  04:00:00;29.041666666666668;28.961119368596147;67328193.60796012;0.0 
 10/26  05:00:00;29.0;28.838161804206468;65893525.923623465;0.0 
 10/26  06:00:00;28.241666666666664;28.710257701904954;5211180.663728685;0.0 
 10/26  07:00:00;27.291666666666668;28.5816590393069;3654293.458228802;0.0 
 10/26  08:00:00;27.583333333333332;28.52508499969218;3432141.421877703;0.0 
 10/26  09:00:00;29.05;28.58616200859157;3527208.7643467453;0.0 
 10/26  10:00:00;31.666666666666668;28.796542343515643;3976618.2500131847;0.0 
 10/26  11:00:00;34.75;29.138276816208727;4814295.5314887045;0.0 
 10/26  12:00:00;36.583333333333336;29.53008434387503;5914245.156526647;0.0 
 10/26  13:00:00;37.23333333333334;29.919667960696035;7125978.619273593;0.0 
 10/26  14:00:00;37.63333333333333;30.288896143225855;8331695.490426019;0.0 
 10/26  15:00:00;38.03333333333333;30.602877914865513;9374015.334358862;0.0 
 10/26  16:00:00;38.083333333333336;30.801780290215504;10046184.323702406;0.0 
 10/26  17:00:00;38.0;30.855371312852625;10218829.563768622;0.0 
 10/26  18:00:00;37.416666666666664;30.760404711040508;9865336.772456428;0.0 
 10/26  19:00:00;35.25;30.54255881701398;9101254.318150153;0.0 
 10/26  20:00:00;33.35833333333334;30.299249594130384;8253095.7246711;0.0 
 10/26  21:00:00;32.25833333333333;30.084399759169614;7512623.168146627;0.0 
 10/26  22:00:00;31.333333333333332;29.895003103296265;104608203.49648911;0.0 
 10/26  23:00:00;31.0;29.72923725260021;122078889.4434222;0.0 
 10/26  24:00:00;30.88333333333334;29.581854416513135;121838549.37678042;0.0 
 10/27  01:00:00;30.741666666666664;29.44717037522275;115780647.36509779;0.0 
 10/27  02:00:00;30.583333333333332;29.317155576515308;100381861.63883744;0.0 
 10/27  03:00:00;30.441666666666666;29.18928998854125;86886636.78875092;0.0 
 10/27  04:00:00;30.166666666666668;29.062107868673234;81672937.45933217;0.0 
 10/27  05:00:00;29.416666666666668;28.92713267127786;67940272.30025;0.0 
 10/27  06:00:00;28.53333333333333;28.79183093679004;5013169.481875574;0.0 
 10/27  07:00:00;27.5;28.659076793004385;3752733.703014509;0.0 
 10/27  08:00:00;27.583333333333332;28.594485387776313;3564691.70800546;0.0 
 10/27  09:00:00;29.05;28.652078136372477;3655951.3573738523;0.0 
 10/27  10:00:00;31.666666666666668;28.862362676971703;4110536.119215659;0.0 
 10/27  11:00:00;35.333333333333336;29.213547696883676;4971623.48038688;0.0 
 10/27  12:00:00;37.35;29.609904021461983;6087737.960397004;0.0 
 10/27  13:00:00;38.06666666666667;29.999337464440867;7304406.441090333;0.0 
 10/27  14:00:00;38.86666666666667;30.37282723130483;8514810.885485662;0.0 
 10/27  15:00:00;39.666666666666664;30.689059013323416;9547425.979258971;0.0 
 10/27  16:00:00;40.0;30.88342876514459;10193727.181333087;0.0 
 10/27  17:00:00;39.416666666666664;30.924285997737;10337073.385926435;0.0 
 10/27  18:00:00;38.416666666666664;30.82301948087976;9976587.622360192;0.0 
 10/27  19:00:00;36.25;30.606653300794903;9220621.213632703;0.0 
 10/27  20:00:00;34.125;30.362086022384926;8374432.542658325;0.0 
 10/27  21:00:00;32.625;30.145111065905496;7631903.327517168;0.0 
 10/27  22:00:00;31.416666666666668;29.95297596470515;101346691.9738057;0.0 
 10/27  23:00:00;30.416666666666668;29.784531801209543;88866973.98523298;0.0 
 10/27  24:00:00;29.53333333333333;29.6267177272625;73315619.86341141;0.0 
 10/28  01:00:00;28.96666666666667;29.477360076596742;68720063.07786874;0.0 
 10/28  02:00:00;28.566666666666666;29.336680816474612;62412361.09669869;0.0 
 10/28  03:00:00;28.166666666666668;29.19640889089005;55716068.12498567;0.0 
 10/28  04:00:00;28.583333333333332;29.07265276344262;62379781.58019304;0.0 
 10/28  05:00:00;28.474999999999998;28.953524127502643;57461289.62583894;0.0 
 10/28  06:00:00;27.633333333333336;28.825524608703773;5688571.972894649;0.0 
 10/28  07:00:00;27.125;28.707253541675787;3888768.8333661193;0.0 
 10/28  08:00:00;27.0;28.63896212347362;3645482.53651798;0.0 
 10/28  09:00:00;28.575;28.700917021259546;3735514.3347415715;0.0 
 10/28  10:00:00;32.208333333333336;28.94176351293426;4235568.733164917;0.0 
 10/28  11:00:00;35.75;29.30047718311219;5112762.76849815;0.0 
 10/28  12:00:00;38.108333333333334;29.690238959603352;6204721.666892229;0.0 
 10/28  13:00:00;39.30833333333333;30.07684976898969;7394974.715415707;0.0 
 10/28  14:00:00;40.06666666666667;30.43875451802832;8566221.099160984;0.0 
 10/28  15:00:00;40.80833333333333;30.740494567395015;9557286.146180954;0.0 
 10/28  16:00:00;41.04166666666667;30.918236006447625;10155926.87634134;0.0 
 10/28  17:00:00;40.416666666666664;30.93496618579867;10226846.289125776;0.0 
 10/28  18:00:00;38.95000000000001;30.788564611565832;193748066.18255466;0.0 
 10/28  19:00:00;36.333333333333336;30.556632285163605;147892101.2251514;0.0 
 10/28  20:00:00;34.24166666666667;30.32849959314464;126204529.62847045;0.0 
 10/28  21:00:00;32.88333333333333;30.129798630521034;117406423.90067543;0.0 
 10/28  22:00:00;31.541666666666668;29.948723721127198;98450025.98233277;0.0 
 10/28  23:00:00;30.416666666666668;29.784347886112627;85450698.65240791;0.0 
 10/28  24:00:00;29.825;29.63444835954921;77395195.14798665;0.0 
 10/29  01:00:00;29.641666666666666;29.491800088773317;84749205.47105959;0.0 
 10/29  02:00:00;29.483333333333334;29.352806663808206;84964874.71684463;0.0 
 10/29  03:00:00;29.34166666666667;29.219387090008315;86241973.15676382;0.0 
 10/29  04:00:00;28.541666666666668;29.081699587317008;63589281.13990459;0.0 
 10/29  05:00:00;28.0;28.940180578298342;49943812.51049826;0.0 
 10/29  06:00:00;28.40833333333333;28.814656943256633;74780495.2462493;0.0 
 10/29  07:00:00;28.291666666666668;28.695898559251514;77187114.52834521;0.0 
 10/29  08:00:00;28.0;28.624513555537572;61815338.87112683;0.0 
 10/29  09:00:00;29.166666666666668;28.680475682434935;93502685.03251761;0.0 
 10/29  10:00:00;31.166666666666668;28.89898463473359;148860238.29301634;0.0 
 10/29  11:00:00;33.166666666666664;29.222319193708046;153662994.26689163;0.0 
 10/29  12:00:00;35.925000000000004;29.604589343871762;196318264.941426;0.0 
 10/29  13:00:00;37.94166666666667;30.004725302945292;236993013.53899032;0.0 
 10/29  14:00:00;39.041666666666664;30.37437979700573;246932630.64488596;0.0 
 10/29  15:00:00;40.141666666666666;30.676022555471377;259343982.3905444;0.0 
 10/29  16:00:00;40.25;30.84198617865464;261391868.28176588;0.0 
 10/29  17:00:00;40.0;30.863955659584935;251089138.63988543;0.0 
 10/29  18:00:00;39.18333333333334;30.736208421931888;232702100.86461002;0.0 
 10/29  19:00:00;36.5;30.499424275043726;179082499.79090708;0.0 
 10/29  20:00:00;33.949999999999996;30.252878645656427;142810893.20224953;0.0 
 10/29  21:00:00;32.15;30.035905792628792;120405625.77201326;0.0 
 10/29  22:00:00;30.583333333333332;29.840185931035194;105960572.21763274;0.0 
 10/29  23:00:00;29.416666666666668;29.66437222250904;95324457.97709987;0.0 
 10/29  24:00:00;28.766666666666666;29.508921525422704;73612118.78060403;0.0 
 10/30  01:00:00;28.308333333333334;29.36512049872864;63444272.21218344;0.0 
 10/30  02:00:00;27.866666666666664;29.227089027204585;52640086.42782208;0.0 
 10/30  03:00:00;27.40833333333333;29.091030266407966;41472988.25054556;0.0 
 10/30  04:00:00;27.083333333333332;28.960029196252965;32986801.574372508;0.0 
 10/30  05:00:00;27.0;28.83983183672754;30009244.481189694;0.0 
 10/30  06:00:00;26.183333333333337;28.71220552474067;5542654.907400624;0.0 
 10/30  07:00:00;25.25;28.576858016108392;3683480.606794803;0.0 
 10/30  08:00:00;26.166666666666668;28.517805766935847;3417095.180301062;0.0 
 10/30  09:00:00;27.816666666666666;28.586998532850586;3506429.5957691413;0.0 
 10/30  10:00:00;29.916666666666668;28.800016037442322;3943180.458968049;0.0 
 10/30  11:00:00;33.916666666666664;29.13597346664874;4733162.514462943;0.0 
 10/30  12:00:00;36.81666666666667;29.51597588091727;5759058.087378198;0.0 
 10/30  13:00:00;37.925000000000004;29.9049173873572;6932441.546989465;0.0 
 10/30  14:00:00;38.824999999999996;30.282015729585776;8138460.585161981;0.0 
 10/30  15:00:00;39.725;30.598665910777044;9170881.443232471;0.0 
 10/30  16:00:00;39.75;30.772294485470237;9766141.170540633;0.0 
 10/30  17:00:00;39.208333333333336;30.788375744250235;9842322.26507252;0.0 
 10/30  18:00:00;38.416666666666664;30.66171636541702;9433637.366484893;0.0 
 10/30  19:00:00;36.25;30.435689462282415;8690436.05443745;0.0 
 10/30  20:00:00;33.891666666666666;30.195445650873754;7892817.376852798;0.0 
 10/30  21:00:00;31.991666666666664;29.97878764090038;7188467.860424038;0.0 
 10/30  22:00:00;30.5;29.78402881546003;84991432.5050275;0.0 
 10/30  23:00:00;29.708333333333332;29.61543720596126;85026725.17541681;0.0 
 10/30  24:00:00;29.208333333333332;29.462353927300455;71378723.62651753;0.0 
 10/31  01:00:00;28.88333333333334;29.315315994992673;66485080.04925429;0.0 
 10/31  02:00:00;28.741666666666664;29.175504452433064;70235496.66209179;0.0 
 10/31  03:00:00;28.583333333333332;29.044579115422795;73516561.70096837;0.0 
 10/31  04:00:00;28.208333333333332;28.914536013867465;68889397.9808023;0.0 
 10/31  05:00:00;27.766666666666666;28.783877387785825;56830429.39020307;0.0 
 10/31  06:00:00;27.425;28.66075327813338;5882641.534038657;0.0 
 10/31  07:00:00;27.474999999999998;28.549472374497622;3662390.346583293;0.0 
 10/31  08:00:00;27.833333333333332;28.49570216504375;3355755.698867762;0.0 
 10/31  09:00:00;29.108333333333334;28.567355737074177;3458982.5270317565;0.0 
 10/31  10:00:00;31.125;28.792077315241595;3924893.079278539;0.0 
 10/31  11:00:00;33.166666666666664;29.11526043588547;4710438.621161599;0.0 
 10/31  12:00:00;35.166666666666664;29.477416263579443;5707780.52814832;0.0 
 10/31  13:00:00;36.75833333333333;29.852516455291404;6833084.930990277;0.0 
 10/31  14:00:00;38.11666666666667;30.212049240278333;7961316.235049063;0.0 
 10/31  15:00:00;39.458333333333336;30.504611516250634;8900369.653331302;0.0 
 10/31  16:00:00;39.416666666666664;30.65026894068669;9398404.311625019;0.0 
 10/31  17:00:00;39.0;30.64430069125861;9391461.379499188;0.0 
 10/31  18:00:00;38.125;30.511167860824518;8947818.568531333;0.0 
 10/31  19:00:00;35.28333333333333;30.28440284695643;8217077.755803959;0.0 
 10/31  20:00:00;33.0;30.054322216199694;7474058.768560938;0.0 
 10/31  21:00:00;31.8;29.861455145342443;6847323.803705104;0.0 
 10/31  22:00:00;30.65833333333333;29.685219767823025;101537676.09096433;0.0 
 10/31  23:00:00;29.733333333333334;29.522222346933507;88365178.38506678;0.0 
 10/31  24:00:00;28.991666666666664;29.368689999809874;68971938.57857396;0.0 
 11/01  01:00:00;28.46666666666667;29.222686380069806;54777604.61949333;0.0 
 11/01  02:00:00;27.95;29.082043092854935;43037930.99241524;0.0 
 11/01  03:00:00;27.349999999999998;28.9418402440064;30916582.889570866;0.0 
 11/01  04:00:00;26.691666666666666;28.80279597653687;18388515.57913353;0.0 
 11/01  05:00:00;26.05;28.667617126347285;6280070.139336107;0.0 
 11/01  06:00:00;25.974999999999998;28.54173994638765;4111029.113604348;0.0 
 11/01  07:00:00;25.458333333333332;28.415941817297256;3286137.785210515;0.0 
 11/01  08:00:00;25.0;28.33693802081818;3099019.323616764;0.0 
 11/01  09:00:00;26.866666666666664;28.39656370810789;3165233.61313383;0.0 
 11/01  10:00:00;29.833333333333332;28.624918383187023;3601553.3531326046;0.0 
 11/01  11:00:00;32.75;28.95115864200996;4357490.84928225;0.0 
 11/01  12:00:00;35.166666666666664;29.316403619019507;5330891.965911286;0.0 
 11/01  13:00:00;36.99166666666667;29.686229079111687;6417011.751519614;0.0 
 11/01  14:00:00;38.75;30.026673759843348;7469207.743270491;0.0 
 11/01  15:00:00;40.491666666666674;30.288615873820998;8293829.238315207;0.0 
 11/01  16:00:00;41.083333333333336;30.43445718907509;8758832.363030402;0.0 
 11/01  17:00:00;40.416666666666664;30.462398501378278;8861273.839358374;0.0 
 11/01  18:00:00;37.083333333333336;30.330397918251048;8504754.171106026;0.0 
 11/01  19:00:00;36.166666666666664;30.12517723166157;7848205.54555754;0.0 
 11/01  20:00:00;35.36666666666667;29.933649497105097;7187806.052196033;0.0 
 11/01  21:00:00;32.50833333333333;29.730719629740957;6564836.818696177;0.0 
 11/01  22:00:00;31.125;29.551077957841972;91763633.24006818;0.0 
 11/01  23:00:00;30.416666666666668;29.396537537110195;87666410.20386694;0.0 
 11/01  24:00:00;29.416666666666668;29.249639184438774;69152570.09142497;0.0 
 11/02  01:00:00;28.59166666666667;29.110884970581242;52873032.92572627;0.0 
 11/02  02:00:00;27.95;28.977076172128125;37891068.0211026;0.0 
 11/02  03:00:00;27.291666666666668;28.842334194569933;26927637.101689223;0.0 
 11/02  04:00:00;26.59166666666667;28.705502526897366;13907645.088628693;0.0 
 11/02  05:00:00;25.950000000000003;28.568337639173848;3527183.043709122;0.0 
 11/02  06:00:00;25.291666666666668;28.442163561335224;3689807.477777121;0.0 
 11/02  07:00:00;25.0;28.32402904658684;3126780.083927918;0.0 
 11/02  08:00:00;25.0;28.25732774876911;2964407.3635200895;0.0 
 11/02  09:00:00;27.391666666666666;28.334263890276265;3053250.7028030464;0.0 
 11/02  10:00:00;31.083333333333332;28.58980225086829;3539838.206487018;0.0 
 11/02  11:00:00;34.541666666666664;28.949399068056902;4375446.913711749;0.0 
 11/02  12:00:00;37.75;29.35790174332389;5463434.649353281;0.0 
 11/02  13:00:00;39.11666666666667;29.766173339282066;6678169.631976331;0.0 
 11/02  14:00:00;39.375;30.142019829122358;7879679.603809514;0.0 
 11/02  15:00:00;39.616666666666674;30.451969748325393;8893514.567047447;0.0 
 11/02  16:00:00;39.291666666666664;30.62765162240176;9489963.123366287;0.0 
 11/02  17:00:00;39.0;30.652312579325912;9575867.080632716;0.0 
 11/02  18:00:00;37.891666666666666;30.5192261673959;9138461.464213299;0.0 
 11/02  19:00:00;36.050000000000004;30.29473184155984;8382965.1269562375;0.0 
 11/02  20:00:00;34.30833333333333;30.070893137370927;7615028.297025105;0.0 
 11/02  21:00:00;32.550000000000004;29.86706525241264;6943024.274440397;0.0 
 11/02  22:00:00;31.333333333333332;29.687711420171507;100976269.78787142;0.0 
 11/02  23:00:00;29.833333333333332;29.52000890576353;86148647.8863842;0.0 
 11/02  24:00:00;28.88333333333334;29.364379133523794;65808436.186118215;0.0 
 11/03  01:00:00;28.741666666666664;29.228597833727463;63494505.12654208;0.0 
 11/03  02:00:00;28.583333333333332;29.10098261849721;60833911.44292899;0.0 
 11/03  03:00:00;28.441666666666666;28.97852750743532;58390659.8449008;0.0 
 11/03  04:00:00;28.166666666666668;28.85871685778965;53466807.32496715;0.0 
 11/03  05:00:00;28.0;28.741846384452902;50277109.161864944;0.0 
 11/03  06:00:00;26.95;28.61679814886178;5222694.234458633;0.0 
 11/03  07:00:00;26.083333333333332;28.49046188642393;3527498.0913966345;0.0 
 11/03  08:00:00;26.583333333333332;28.438107416516686;3276750.703127792;0.0 
 11/03  09:00:00;28.05;28.51279343269933;3378996.129700175;0.0 
 11/03  10:00:00;30.666666666666668;28.743669954209043;3844916.604328232;0.0 
 11/03  11:00:00;33.166666666666664;29.076692397974654;4642332.40206808;0.0 
 11/03  12:00:00;35.166666666666664;29.443147553831164;5646263.579797894;0.0 
 11/03  13:00:00;36.46666666666667;29.823287558054734;6786472.816169374;0.0 
 11/03  14:00:00;37.266666666666666;30.166902503639758;7882426.07440765;0.0 
 11/03  15:00:00;38.06666666666667;30.418234502274633;8703604.034382131;0.0 
 11/03  16:00:00;38.166666666666664;30.534632613517747;9091419.937693728;0.0 
 11/03  17:00:00;36.833333333333336;30.504225501097466;9020441.76109426;0.0 
 11/03  18:00:00;35.416666666666664;30.35543555594874;8555387.167902768;0.0 
 11/03  19:00:00;34.416666666666664;30.161691161756767;7901655.359375903;0.0 
 11/03  20:00:00;32.833333333333336;29.966078797307798;7244218.974108864;0.0 
 11/03  21:00:00;30.833333333333332;29.776281135721472;6647707.039839011;0.0 
 11/03  22:00:00;30.0;29.612119671502025;86675267.59369671;0.0 
 11/03  23:00:00;28.833333333333332;29.460362324212525;71607800.78461115;0.0 
 11/03  24:00:00;28.0;29.31167978145648;56710021.67083511;0.0 
 11/04  01:00:00;27.825;29.182383274700644;51111548.784223855;0.0 
 11/04  02:00:00;27.46666666666667;29.0585770177131;41313703.81219288;0.0 
 11/04  03:00:00;27.125;28.934670363951387;32111323.622802418;0.0 
 11/04  04:00:00;26.825;28.812799817188772;25163760.60977814;0.0 
 11/04  05:00:00;26.46666666666667;28.692133489356237;17181305.631815493;0.0 
 11/04  06:00:00;26.125;28.569783382451458;5195614.390570348;0.0 
 11/04  07:00:00;26.0;28.45428843470394;3482919.9051934844;0.0 
 11/04  08:00:00;26.0;28.397264796491513;3210296.666755637;0.0 
 11/04  09:00:00;27.516666666666666;28.470942059078293;3310015.6104077934;0.0 
 11/04  10:00:00;30.0;28.699819065770367;3776199.784838634;0.0 
 11/04  11:00:00;33.333333333333336;29.042222632369445;4591775.762485095;0.0 
 11/04  12:00:00;35.35;29.420260816786566;5629342.7820051545;0.0 
 11/04  13:00:00;36.475;29.792221786639697;6756487.265760435;0.0 
 11/04  14:00:00;37.975;30.15188359270886;7886545.806379321;0.0 
 11/04  15:00:00;39.475;30.44723253758745;8824683.591381377;0.0 
 11/04  16:00:00;40.041666666666664;30.59250576147061;9305335.20247307;0.0 
 11/04  17:00:00;39.416666666666664;30.56643137476854;9232976.081836622;0.0 
 11/04  18:00:00;37.95000000000001;30.412888530047443;213366968.81593528;0.0 
 11/04  19:00:00;37.083333333333336;30.21621479712573;206359871.620116;0.0 
 11/04  20:00:00;35.13333333333333;30.01223480159958;159985919.80540097;0.0 
 11/04  21:00:00;31.875;29.80009947195582;109126075.97601262;0.0 
 11/04  22:00:00;30.208333333333332;29.614546535547323;86653953.42255305;0.0 
 11/04  23:00:00;31.166666666666668;29.47548440830497;121696192.83914557;0.0 
 11/04  24:00:00;28.675;29.31461704995056;61011394.151742;0.0 
 11/05  01:00:00;26.241666666666664;29.1377987065916;11584940.20925221;0.0 
 11/05  02:00:00;26.141666666666666;28.996835792505205;10126081.594098127;0.0 
 11/05  03:00:00;26.041666666666668;28.86278850634501;7240511.574323961;0.0 
 11/05  04:00:00;26.0;28.734080229403855;5934635.405508461;0.0 
 11/05  05:00:00;26.0;28.610894223868456;5400855.083843316;0.0 
 11/05  06:00:00;24.65833333333333;27.943833754849575;0.0;0.0 
 11/05  07:00:00;23.291666666666668;27.029900506870685;0.0;0.0 
 11/05  08:00:00;23.583333333333332;27.005830177473428;0.0;0.0 
 11/05  09:00:00;26.74166666666666;28.074941298780445;15336472.904648233;0.0 
 11/05  10:00:00;30.625;28.497206345390964;64324173.19153089;0.0 
 11/05  11:00:00;33.75;28.874456874386123;101846333.83317167;0.0 
 11/05  12:00:00;36.34166666666667;29.28386983945549;168558635.6497265;0.0 
 11/05  13:00:00;37.94166666666667;29.697649549157674;219855255.15397125;0.0 
 11/05  14:00:00;38.983333333333334;30.0869921963716;235138714.80582875;0.0 
 11/05  15:00:00;40.041666666666664;30.41557164834222;242822431.44683936;0.0 
 11/05  16:00:00;37.40833333333333;30.565916487208256;180884864.8261335;0.0 
 11/05  17:00:00;32.166666666666664;30.506014517871805;86797243.842227;0.0 
 11/05  18:00:00;33.5;30.36897892648854;103383369.3880933;0.0 
 11/05  19:00:00;34.25;30.182422698654435;114427844.2815134;0.0 
 11/05  20:00:00;32.358333333333334;29.953253243761946;87648519.39552745;0.0 
 11/05  21:00:00;31.2;29.752187413466615;89389815.84928477;0.0 
 11/05  22:00:00;30.875;29.581078698051297;96565251.28937244;0.0 
 11/05  23:00:00;29.833333333333332;29.4195369048055;77356078.98431033;0.0 
 11/05  24:00:00;28.708333333333332;29.25902512844289;56575787.58649628;0.0 
 11/06  01:00:00;27.974999999999998;29.10894288197177;39934249.73111445;0.0 
 11/06  02:00:00;27.075;28.95971493673626;19070657.022623412;0.0 
 11/06  03:00:00;26.175;28.811923018370933;6428962.942173098;0.0 
 11/06  04:00:00;25.275000000000002;28.455546201680974;0.0;0.0 
 11/06  05:00:00;24.433333333333337;27.85192682865828;0.0;0.0 
 11/06  06:00:00;23.575;27.220335751678125;0.0;0.0 
 11/06  07:00:00;23.666666666666668;28.10241981899374;2700950.243454545;0.0 
 11/06  08:00:00;24.583333333333332;28.123369046738038;2751003.8332484188;0.0 
 11/06  09:00:00;26.166666666666668;28.205073729392684;2842546.345736985;0.0 
 11/06  10:00:00;28.75;28.4462927152607;3284759.424855358;0.0 
 11/06  11:00:00;32.333333333333336;28.800606931512622;4078884.3497353783;0.0 
 11/06  12:00:00;35.166666666666664;29.199497169936663;5122591.301853622;0.0 
 11/06  13:00:00;36.99166666666667;29.60587848428688;6309465.733043376;0.0 
 11/06  14:00:00;38.63333333333333;29.99654428951241;7514646.254040903;0.0 
 11/06  15:00:00;40.291666666666664;30.32988563974396;8562524.04024626;0.0 
 11/06  16:00:00;41.0;30.531358532710623;9216972.90286332;0.0 
 11/06  17:00:00;40.416666666666664;30.563427987542898;9340980.24189667;0.0 
 11/06  18:00:00;39.53333333333333;30.448790636024025;8971526.877610683;0.0 
 11/06  19:00:00;37.50833333333333;30.239211737727384;8272765.780364448;0.0 
 11/06  20:00:00;34.550000000000004;30.00117378061761;7493893.96366876;0.0 
 11/06  21:00:00;31.60833333333333;29.774607518354724;6784240.586440624;0.0 
 11/06  22:00:00;30.166666666666668;29.58127562283272;6183104.298605609;0.0 
 11/06  23:00:00;28.833333333333332;29.408814721190936;54940667.82213496;0.0 
 11/06  24:00:00;28.0;29.249438297538575;42917646.61300925;0.0 
 11/07  01:00:00;27.59166666666667;29.105516410124523;32638218.810735047;0.0 
 11/07  02:00:00;26.95;28.96316279025992;21267920.60095969;0.0 
 11/07  03:00:00;26.291666666666668;28.821063801099147;10854587.802869529;0.0 
 11/07  04:00:00;25.708333333333332;28.64999627334353;1268917.837336826;0.0 
 11/07  05:00:00;25.26666666666667;28.310748100569096;0.0;0.0 
 11/07  06:00:00;24.808333333333337;27.91943475489876;0.0;0.0 
 11/07  07:00:00;24.25;28.23010145194419;3046908.4733119025;0.0 
 11/07  08:00:00;24.0;28.177333670758028;2848777.600337767;0.0 
 11/07  09:00:00;25.866666666666664;28.24697702960374;2917149.2377011366;0.0 
 11/07  10:00:00;30.0;28.5069626931014;3388115.899688735;0.0 
 11/07  11:00:00;34.333333333333336;28.881483736059618;4229190.997199209;0.0 
 11/07  12:00:00;36.81666666666667;29.277420116549056;5278737.366829489;0.0 
 11/07  13:00:00;37.983333333333334;29.667718278784346;6434390.437350853;0.0 
 11/07  14:00:00;38.925000000000004;30.036737812806575;7585737.125328938;0.0 
 11/07  15:00:00;39.883333333333326;30.3431974030037;8560348.729695586;0.0 
 11/07  16:00:00;40.125;30.5181972064353;9140224.884875793;0.0 
 11/07  17:00:00;39.416666666666664;30.53905271620734;9229347.599656682;0.0 
 11/07  18:00:00;38.358333333333334;30.41644088443573;8836299.397910977;0.0 
 11/07  19:00:00;37.375;30.211795205846993;8138354.73693696;0.0 
 11/07  20:00:00;35.19166666666667;29.990454169214217;7399340.544266827;0.0 
 11/07  21:00:00;32.09166666666667;29.773700779601086;6727201.563663719;0.0 
 11/07  22:00:00;30.566666666666666;29.589516057838537;6159587.318734053;0.0 
 11/07  23:00:00;30.166666666666668;29.43927682038164;78940449.66716784;0.0 
 11/07  24:00:00;29.766666666666666;29.3026666749327;74367297.76802419;0.0 
 11/08  01:00:00;29.133333333333336;29.17157633200546;61807563.1191471;0.0 
 11/08  02:00:00;28.333333333333332;29.041397634213208;47937095.14823164;0.0 
 11/08  03:00:00;27.53333333333333;28.91057487057309;30920491.35243572;0.0 
 11/08  04:00:00;26.96666666666667;28.78539775521845;16762408.506924888;0.0 
 11/08  05:00:00;26.566666666666666;28.66302742404463;11001669.662152506;0.0 
 11/08  06:00:00;26.166666666666668;28.542507517835087;5651512.399662175;0.0 
 11/08  07:00:00;25.416666666666668;28.424045775018133;3290041.5161319687;0.0 
 11/08  08:00:00;25.583333333333332;28.359195797677742;3143019.7845202554;0.0 
 11/08  09:00:00;27.63333333333334;28.432766457492743;3240719.4618342174;0.0 
 11/08  10:00:00;31.25;28.683443730837453;3733748.534286647;0.0 
 11/08  11:00:00;34.166666666666664;29.029233291873805;4553295.801934516;0.0 
 11/08  12:00:00;36.108333333333334;29.398958784279177;5560047.353775029;0.0 
 11/08  13:00:00;37.016666666666666;29.765395541730886;6660073.165592543;0.0 
 11/08  14:00:00;37.275;30.09641831253332;7712813.029943346;0.0 
 11/08  15:00:00;37.516666666666666;30.35072540466675;8539746.084972363;0.0 
 11/08  16:00:00;37.71666666666667;30.465935865437384;8926514.923792966;0.0 
 11/08  17:00:00;37.916666666666664;30.44181682615354;8843661.704537643;0.0 
 11/08  18:00:00;36.833333333333336;30.29070513571484;8357767.729935473;0.0 
 11/08  19:00:00;34.25;30.058879228309564;7636601.92095633;0.0 
 11/08  20:00:00;31.833333333333332;29.828927356977584;6920177.407006047;0.0 
 11/08  21:00:00;29.891666666666666;29.625670148573562;6300231.073734313;0.0 
 11/08  22:00:00;28.458333333333332;29.441150532182377;5761860.072369941;0.0 
 11/08  23:00:00;27.416666666666668;29.27198626906014;23342773.683661312;0.0 
 11/08  24:00:00;27.349999999999998;29.123359774360676;22089166.923496217;0.0 
 11/09  01:00:00;27.25;28.987812143850064;20464397.927419584;0.0 
 11/09  02:00:00;26.650000000000002;28.84985087689694;12507009.539989026;0.0 
 11/09  03:00:00;26.05;28.711427900242043;4541709.054059547;0.0 
 11/09  04:00:00;25.916666666666668;28.581515249364767;2559101.3106057947;0.0 
 11/09  05:00:00;26.0;28.460052481655243;3376258.3291503955;0.0 
 11/09  06:00:00;24.891666666666666;27.902238116807123;0.0;0.0 
 11/09  07:00:00;24.041666666666668;28.139299273134796;2846524.578329799;0.0 
 11/09  08:00:00;24.0;28.103565436561237;2712281.4072391647;0.0 
 11/09  09:00:00;25.808333333333334;28.17966756705023;2794325.1398879457;0.0 
 11/09  10:00:00;29.958333333333332;28.443530940226896;3268933.613467242;0.0 
 11/09  11:00:00;33.75;28.813898195273115;4101513.4080014303;0.0 
 11/09  12:00:00;35.699999999999996;29.20245543113657;5133703.7896232875;0.0 
 11/09  13:00:00;36.725;29.57991438790539;6252425.640251913;0.0 
 11/09  14:00:00;37.68333333333333;29.932617269370496;7350878.071806867;0.0 
 11/09  15:00:00;38.625;30.224391470967685;8274300.677948955;0.0 
 11/09  16:00:00;39.0;30.38862186040466;8812332.800745022;0.0 
 11/09  17:00:00;37.25;30.380799007460855;8830537.586317223;0.0 
 11/09  18:00:00;35.300000000000004;30.22155704269221;8356234.630669488;0.0 
 11/09  19:00:00;34.916666666666664;30.01158605506077;7643133.655179022;0.0 
 11/09  20:00:00;32.725;29.77937161640632;6887559.887856626;0.0 
 11/09  21:00:00;28.825;29.531748073393274;6172772.545352729;0.0 
 11/09  22:00:00;26.5;29.316113797842508;5566877.978884991;0.0 
 11/09  23:00:00;25.416666666666668;29.01668013696464;671201.584156949;0.0 
 11/09  24:00:00;24.3;28.278230935810615;0.0;0.0 
 11/10  01:00:00;23.508333333333336;27.639879847064844;0.0;0.0 
 11/10  02:00:00;23.066666666666666;27.18965486597165;0.0;0.0 
 11/10  03:00:00;22.60833333333333;26.741763789912508;0.0;0.0 
 11/10  04:00:00;22.05;26.24289854705142;0.0;0.0 
 11/10  05:00:00;21.450000000000003;25.71742664821279;0.0;0.0 
 11/10  06:00:00;20.849999999999998;25.188341114288136;0.0;0.0 
 11/10  07:00:00;20.25;27.37761854147878;1550827.292636452;0.0 
 11/10  08:00:00;20.0;27.54386566670516;1857622.9851681266;0.0 
 11/10  09:00:00;22.916666666666668;27.670077508983933;1993727.580745192;0.0 
 11/10  10:00:00;27.916666666666668;27.98353335445594;2465707.924300966;0.0 
 11/10  11:00:00;32.333333333333336;28.39554469278795;3296512.677418842;0.0 
 11/10  12:00:00;34.93333333333333;28.82298136178224;4361237.22649334;0.0 
 11/10  13:00:00;36.06666666666667;29.239036657791562;5550480.85861483;0.0 
 11/10  14:00:00;36.86666666666667;29.63121866620787;6750757.741383079;0.0 
 11/10  15:00:00;37.666666666666664;29.96237794136867;7791947.765065993;0.0 
 11/10  16:00:00;38.0;30.16505424288397;8448398.470809722;0.0 
 11/10  17:00:00;37.416666666666664;30.197250488508633;8568332.838339526;0.0 
 11/10  18:00:00;35.891666666666666;30.06495375759439;8159871.045831928;0.0 
 11/10  19:00:00;32.708333333333336;29.821088942924774;7397422.7631557705;0.0 
 11/10  20:00:00;29.833333333333332;29.56262833534716;6580300.34775751;0.0 
 11/10  21:00:00;27.833333333333332;29.335043738082035;5869411.032921812;0.0 
 11/10  22:00:00;25.833333333333332;29.125126803547587;5258880.813203631;0.0 
 11/10  23:00:00;25.291666666666668;28.7693336997711;0.0;0.0 
 11/10  24:00:00;25.791666666666668;28.77919351066929;1776700.2031192654;0.0 
 11/11  01:00:00;25.358333333333334;28.47048114956941;289446.2650243077;0.0 
 11/11  02:00:00;24.316666666666663;27.771674299258493;0.0;0.0 
 11/11  03:00:00;23.25833333333333;27.020950569396813;0.0;0.0 
 11/11  04:00:00;22.333333333333332;26.313628975784713;0.0;0.0 
 11/11  05:00:00;22.0;25.90356739103655;0.0;0.0 
 11/11  06:00:00;22.291666666666668;25.84761364940364;0.0;0.0 
 11/11  07:00:00;22.208333333333332;25.648775850631054;0.0;0.0 
 11/11  08:00:00;20.833333333333332;24.824976632910396;0.0;0.0 
 11/11  09:00:00;23.5;26.084315198196958;236510.2446314763;0.0 
 11/11  10:00:00;28.333333333333332;27.71066834389876;31644209.53866122;0.0 
 11/11  11:00:00;31.75;28.17645300261127;75125030.78095324;0.0 
 11/11  12:00:00;34.166666666666664;28.63205707360977;105722317.73794812;0.0 
 11/11  13:00:00;35.525;29.07272090266311;123238058.61204992;0.0 
 11/11  14:00:00;36.483333333333334;29.48176284710188;135804109.8502535;0.0 
 11/11  15:00:00;37.425000000000004;29.82325443964476;147906530.3134496;0.0 
 11/11  16:00:00;37.333333333333336;30.019951565347423;147730722.3151056;0.0 
 11/11  17:00:00;36.416666666666664;30.053494616395245;146616741.058915;0.0 
 11/11  18:00:00;34.833333333333336;29.923664961196994;130182710.05895984;0.0 
 11/11  19:00:00;32.25;29.68558581694367;85311959.78330834;0.0 
 11/11  20:00:00;29.71666666666667;29.441034319465228;53263359.53717831;0.0 
 11/11  21:00:00;27.458333333333332;29.21975840973936;24159125.586917378;0.0 
 11/11  22:00:00;25.625;28.932784918363392;2587406.020387839;0.0 
 11/11  23:00:00;24.358333333333334;28.185234038812936;0.0;0.0 
 11/11  24:00:00;23.2;27.362210528318737;0.0;0.0 
 11/12  01:00:00;22.349999999999998;26.673748690595087;0.0;0.0 
 11/12  02:00:00;21.808333333333337;26.1539898797905;0.0;0.0 
 11/12  03:00:00;21.25;25.6367329232673;0.0;0.0 
 11/12  04:00:00;20.533333333333335;25.039018840708835;0.0;0.0 
 11/12  05:00:00;19.733333333333334;24.388309218249702;0.0;0.0 
 11/12  06:00:00;18.933333333333337;23.730565474521395;0.0;0.0 
 11/12  07:00:00;18.25;23.1280023597232;0.0;0.0 
 11/12  08:00:00;18.0;22.80036042713462;0.0;0.0 
 11/12  09:00:00;21.5;24.531291341288295;0.0;0.0 
 11/12  10:00:00;26.916666666666668;27.10307443907691;15804021.301318454;0.0 
 11/12  11:00:00;31.333333333333332;27.780529696898565;69317730.45427296;0.0 
 11/12  12:00:00;33.875;28.291765511199273;101657669.6506151;0.0 
 11/12  13:00:00;35.083333333333336;28.771263780427144;117477907.36734168;0.0 
 11/12  14:00:00;36.083333333333336;29.213716161260084;130628009.21219385;0.0 
 11/12  15:00:00;37.083333333333336;29.580839832904427;143498450.43355212;0.0 
 11/12  16:00:00;37.791666666666664;29.807579219893437;152817016.76822317;0.0 
 11/12  17:00:00;37.416666666666664;29.861468085330102;164220900.07380632;0.0 
 11/12  18:00:00;36.300000000000004;29.75651510692927;152812017.75166664;0.0 
 11/12  19:00:00;33.583333333333336;29.543075955529307;101333900.15860629;0.0 
 11/12  20:00:00;31.00833333333334;29.314200713665254;69122889.80633834;0.0 
 11/12  21:00:00;29.308333333333334;29.11696402442844;47280524.2178141;0.0 
 11/12  22:00:00;28.25;28.945527109392135;33488354.324724257;0.0 
 11/12  23:00:00;26.833333333333332;28.784686188736128;15084019.245414734;0.0 
 11/12  24:00:00;25.766666666666666;28.622224278567483;1319828.4855533915;0.0 
 11/13  01:00:00;25.191666666666663;28.23196485426322;0.0;0.0 
 11/13  02:00:00;24.433333333333337;27.675498016889605;0.0;0.0 
 11/13  03:00:00;23.691666666666663;27.108621360148177;0.0;0.0 
 11/13  04:00:00;23.166666666666668;26.642893676824738;0.0;0.0 
 11/13  05:00:00;22.416666666666668;26.071154839363018;0.0;0.0 
 11/13  06:00:00;21.3;25.29006678668705;0.0;0.0 
 11/13  07:00:00;19.75;27.232380242804595;1351601.6842303579;0.0 
 11/13  08:00:00;19.0;27.37124097272751;1600418.9865029561;0.0 
 11/13  09:00:00;22.383333333333336;27.491542317115375;1731565.5358792753;0.0 
 11/13  10:00:00;27.833333333333332;27.80626836238369;2197320.022290798;0.0 
 11/13  11:00:00;30.0;28.18203464108059;2964453.7092513945;0.0 
 11/13  12:00:00;33.61666666666667;28.60579181197095;3988664.326050641;0.0 
 11/13  13:00:00;37.01666666666667;29.065421913090088;5230482.068105532;0.0 
 11/13  14:00:00;38.416666666666664;29.479667213606287;6459940.5322125815;0.0 
 11/13  15:00:00;39.81666666666667;29.833182841274194;7534470.1309075495;0.0 
 11/13  16:00:00;40.75;30.052731575232546;8220221.8956587585;0.0 
 11/13  17:00:00;39.833333333333336;30.102719666829984;8393194.321218282;0.0 
 11/13  18:00:00;38.18333333333334;29.993293142936427;8049237.466664226;0.0 
 11/13  19:00:00;35.96666666666667;29.788692816835777;7368840.201685426;0.0 
 11/13  20:00:00;33.10833333333333;29.561464599594554;6620295.319194531;0.0 
 11/13  21:00:00;30.266666666666666;29.34695013734654;5944832.993329482;0.0 
 11/13  22:00:00;29.041666666666668;29.16750788417988;5380070.58367695;0.0 
 11/13  23:00:00;27.833333333333332;29.00763618551869;28216314.950897414;0.0 
 11/13  24:00:00;26.88333333333334;28.859001220908315;15754662.468739118;0.0 
 11/14  01:00:00;27.03333333333333;28.73119325135198;17304504.32221582;0.0 
 11/14  02:00:00;27.433333333333334;28.613452629730507;22070671.000524577;0.0 
 11/14  03:00:00;27.833333333333332;28.503816720261366;27076148.86964409;0.0 
 11/14  04:00:00;27.88333333333334;28.392087051020095;29553286.792465847;0.0 
 11/14  05:00:00;27.625;28.276546811355715;25335692.169271566;0.0 
 11/14  06:00:00;27.38333333333334;28.163440852882392;20651733.822739612;0.0 
 11/14  07:00:00;27.125;28.052101658478865;2639835.760462563;0.0 
 11/14  08:00:00;27.0;27.991874783582308;2509124.816075141;0.0 
 11/14  09:00:00;28.400000000000002;28.067325639247418;2604595.621619407;0.0 
 11/14  10:00:00;31.616666666666664;28.32616284175201;3089465.269825091;0.0 
 11/14  11:00:00;35.416666666666664;28.711835752761676;3960586.232781376;0.0 
 11/14  12:00:00;37.93333333333333;29.128850393793968;5059773.385806221;0.0 
 11/14  13:00:00;39.00833333333333;29.53356593944231;6253842.347025097;0.0 
 11/14  14:00:00;39.766666666666666;29.914665444314405;7438772.272896852;0.0 
 11/14  15:00:00;40.50833333333333;30.23688796913322;8453784.100657787;0.0 
 11/14  16:00:00;40.916666666666664;30.43120184412582;9076139.496259822;0.0 
 11/14  17:00:00;39.833333333333336;30.456232746973125;9173473.70321533;0.0 
 11/14  18:00:00;37.833333333333336;30.32870301414208;8766195.298340745;0.0 
 11/14  19:00:00;35.25;30.10226502813308;8015451.937339837;0.0 
 11/14  20:00:00;32.71666666666667;29.85847412897913;7206174.40194139;0.0 
 11/14  21:00:00;30.458333333333332;29.6389076855513;6499512.627880072;0.0 
 11/14  22:00:00;28.625;29.44068430629663;5892008.627479544;0.0 
 11/14  23:00:00;27.416666666666668;29.261675316299108;23414276.71394466;0.0 
 11/14  24:00:00;26.066666666666666;29.07636814705914;6246828.197389467;0.0 
 11/15  01:00:00;25.224999999999998;28.723940321530222;0.0;0.0 
 11/15  02:00:00;24.925;28.40098972540659;0.0;0.0 
 11/15  03:00:00;24.625;28.076663013756725;0.0;0.0 
 11/15  04:00:00;24.558333333333334;27.870087070723674;0.0;0.0 
 11/15  05:00:00;24.65833333333333;27.76714849432599;0.0;0.0 
 11/15  06:00:00;24.758333333333336;27.676583951540024;0.0;0.0 
 11/15  07:00:00;24.916666666666668;28.069423728003823;2695966.3314697803;0.0 
 11/15  08:00:00;24.416666666666668;28.02433602297509;2580861.3049869305;0.0 
 11/15  09:00:00;25.808333333333334;28.094588073386632;2657545.079047458;0.0 
 11/15  10:00:00;30.541666666666668;28.37093435825368;3142774.829818168;0.0 
 11/15  11:00:00;34.516666666666666;28.76062826190523;4011608.3522633486;0.0 
 11/15  12:00:00;37.11666666666667;29.174864118314762;5104324.369435777;0.0 
 11/15  13:00:00;38.725;29.593295128889608;6333987.894932214;0.0 
 11/15  14:00:00;39.68333333333333;29.983385113083273;7553138.457650451;0.0 
 11/15  15:00:00;40.625;30.309357025548234;8588734.735207628;0.0 
 11/15  16:00:00;40.416666666666664;30.49020685649478;9189640.398629682;0.0 
 11/15  17:00:00;39.416666666666664;30.503908145931643;9252436.643915256;0.0 
 11/15  18:00:00;38.125;30.36792669348436;8811096.85333489;0.0 
 11/15  19:00:00;34.875;30.125212352877853;8034669.750807208;0.0 
 11/15  20:00:00;32.00833333333334;29.87448990997116;7224668.65315643;0.0 
 11/15  21:00:00;30.308333333333337;29.660589253624448;6529705.671744311;0.0 
 11/15  22:00:00;29.075;29.471849612483968;5939537.817899684;0.0 
 11/15  23:00:00;28.116666666666664;29.303078080668794;32281685.289889548;0.0 
 11/15  24:00:00;27.175;29.144449322364505;19947684.600064617;0.0 
 11/16  01:00:00;26.39166666666667;28.996078603765806;9603230.816437695;0.0 
 11/16  02:00:00;25.633333333333336;28.79642455587366;1106351.2365798117;0.0 
 11/16  03:00:00;24.89166666666667;28.30662074805504;0.0;0.0 
 11/16  04:00:00;24.308333333333337;27.830116381353353;0.0;0.0 
 11/16  05:00:00;23.75;27.362568996664418;0.0;0.0 
 11/16  06:00:00;23.208333333333332;26.89701128614593;0.0;0.0 
 11/16  07:00:00;23.40833333333333;27.985551631469903;2504492.7723653903;0.0 
 11/16  08:00:00;24.05;28.028133362509987;2592378.7692068443;0.0 
 11/16  09:00:00;24.708333333333332;28.103279892945377;2680188.9227281865;0.0 
 11/16  10:00:00;27.916666666666668;28.338915672758116;3093257.437031316;0.0 
 11/16  11:00:00;32.333333333333336;28.7008555731238;3878982.9165096437;0.0 
 11/16  12:00:00;35.516666666666666;29.10194754306289;4907227.751206376;0.0 
 11/16  13:00:00;37.241666666666674;29.498057973966564;6051394.45834359;0.0 
 11/16  14:00:00;38.4;29.861240085549827;7170176.834200694;0.0 
 11/16  15:00:00;39.541666666666664;30.160256792462857;8109531.308893773;0.0 
 11/16  16:00:00;40.0;30.331270670748562;8663750.663214615;0.0 
 11/16  17:00:00;39.241666666666674;30.335467646416006;8696678.308068378;0.0 
 11/16  18:00:00;37.94166666666667;30.195271618924806;8263557.177723033;0.0 
 11/16  19:00:00;34.25;29.957906892025164;7541963.560043728;0.0 
 11/16  20:00:00;31.416666666666668;29.714399956750114;6786035.473320266;0.0 
 11/16  21:00:00;30.416666666666668;29.51908315503447;6153240.0063129375;0.0 
 11/16  22:00:00;29.416666666666668;29.345020851794146;5615380.634294803;0.0 
 11/16  23:00:00;27.833333333333332;29.176265884407556;31034875.772980984;0.0 
 11/16  24:00:00;26.125;28.997562522957722;6611894.349715361;0.0 
 11/17  01:00:00;24.916666666666668;28.475770816997798;0.0;0.0 
 11/17  02:00:00;23.975000000000005;27.79665186801525;0.0;0.0 
 11/17  03:00:00;23.01666666666667;27.091434592976082;0.0;0.0 
 11/17  04:00:00;22.25;26.465114213132836;0.0;0.0 
 11/17  05:00:00;22.0;26.10556543353349;0.0;0.0 
 11/17  06:00:00;22.0;25.90409246214115;0.0;0.0 
 11/17  07:00:00;22.0;27.601335299040148;1880013.1280422623;0.0 
 11/17  08:00:00;21.416666666666668;27.696123539966052;2073842.0590220066;0.0 
 11/17  09:00:00;23.916666666666668;27.827670230124514;2221454.354831675;0.0 
 11/17  10:00:00;27.75;28.10360822547848;2668848.518285145;0.0 
 11/17  11:00:00;30.75;28.454763190595724;3395261.7645870075;0.0 
 11/17  12:00:00;33.75;28.844909967390564;4353054.299173513;0.0 
 11/17  13:00:00;35.93333333333333;29.25087055376531;5476924.2426130045;0.0 
 11/17  14:00:00;37.53333333333334;29.636368122680313;6624414.688891444;0.0 
 11/17  15:00:00;39.13333333333333;29.968759778380104;7637433.465154132;0.0 
 11/17  16:00:00;39.275;30.17675152329289;8288569.799770338;0.0 
 11/17  17:00:00;38.375;30.20395028409084;8394791.718557764;0.0 
 11/17  18:00:00;36.833333333333336;30.056426271952386;7964485.709029736;0.0 
 11/17  19:00:00;34.25;29.801011601872037;7198457.966842368;0.0 
 11/17  20:00:00;32.06666666666667;29.56583071769344;6456330.638144979;0.0 
 11/17  21:00:00;30.40833333333333;29.368347928001814;5833290.317393993;0.0 
 11/17  22:00:00;29.875;29.20072684942158;5308542.4704382885;0.0 
 11/17  23:00:00;28.25;29.033863469983217;36772641.287614964;0.0 
 11/17  24:00:00;26.416666666666668;28.86481136099881;11380381.790740786;0.0 
 11/18  01:00:00;25.416666666666668;28.57343937921645;402198.65018422715;0.0 
 11/18  02:00:00;24.358333333333334;27.87936826596673;0.0;0.0 
 11/18  03:00:00;23.316666666666663;27.144019572395717;0.0;0.0 
 11/18  04:00:00;22.60833333333333;26.55963582425701;0.0;0.0 
 11/18  05:00:00;22.166666666666668;26.121208463484077;0.0;0.0 
 11/18  06:00:00;21.708333333333332;25.685363045140623;0.0;0.0 
 11/18  07:00:00;21.791666666666668;27.49748593456427;1719972.6791703138;0.0 
 11/18  08:00:00;22.875;27.635115084750524;1970978.2834365084;0.0 
 11/18  09:00:00;24.375;27.767194243128515;2123872.3422664837;0.0 
 11/18  10:00:00;26.75;28.015887180632948;2534517.538822904;0.0 
 11/18  11:00:00;29.166666666666668;28.35276326902437;3224897.3814717303;0.0 
 11/18  12:00:00;31.808333333333337;28.72886064441775;4140704.94070295;0.0 
 11/18  13:00:00;34.03333333333333;29.132586261501903;5245547.802308599;0.0 
 11/18  14:00:00;35.574999999999996;29.516437300941572;6379681.837811327;0.0 
 11/18  15:00:00;37.13333333333333;29.845065697701415;7373796.258139898;0.0 
 11/18  16:00:00;37.916666666666664;30.057791114081784;8018058.058167439;0.0 
 11/18  17:00:00;38.0;30.095232288343656;8127365.763154637;0.0 
 11/18  18:00:00;36.833333333333336;29.950362350245253;7694296.903297309;0.0 
 11/18  19:00:00;34.25;29.69592027896019;109552052.62762728;0.0 
 11/18  20:00:00;31.775000000000002;29.460057968404467;78717127.509805;0.0 
 11/18  21:00:00;29.675;29.25788355072839;53784836.036255434;0.0 
 11/18  22:00:00;28.275000000000002;29.08175500631482;41020212.4468608;0.0 
 11/18  23:00:00;27.375;28.927266850877952;31444247.23641805;0.0 
 11/18  24:00:00;26.183333333333337;28.77232787302268;8902917.020591466;0.0 
 11/19  01:00:00;25.483333333333334;28.531209908612357;0.0;0.0 
 11/19  02:00:00;25.28333333333333;28.282130487716852;0.0;0.0 
 11/19  03:00:00;25.083333333333332;28.03408522679003;0.0;0.0 
 11/19  04:00:00;24.708333333333332;27.697169911669107;0.0;0.0 
 11/19  05:00:00;24.150000000000002;27.253229539462122;0.0;0.0 
 11/19  06:00:00;23.60833333333333;26.803117520878725;0.0;0.0 
 11/19  07:00:00;23.691666666666663;26.667740706117286;0.0;0.0 
 11/19  08:00:00;24.13333333333333;26.817681215070838;0.0;0.0 
 11/19  09:00:00;24.59166666666667;27.11774356518933;0.0;0.0 
 11/19  10:00:00;26.083333333333332;27.840753904791825;5703726.851133669;0.0 
 11/19  11:00:00;28.34166666666667;28.204106463905617;32650032.979148872;0.0 
 11/19  12:00:00;30.641666666666666;28.5278644011392;62176606.510715425;0.0 
 11/19  13:00:00;32.358333333333334;28.869449206865145;95142314.53854243;0.0 
 11/19  14:00:00;33.71666666666667;29.18265388860456;116832203.98454407;0.0 
 11/19  15:00:00;35.05833333333333;29.419158626786366;128233598.7326673;0.0 
 11/19  16:00:00;36.416666666666664;29.558471766400114;170014991.96987176;0.0 
 11/19  17:00:00;36.416666666666664;29.5731053487127;170434394.87889826;0.0 
 11/19  18:00:00;34.71666666666667;29.450680179640397;128163423.34784433;0.0 
 11/19  19:00:00;32.75;29.257235114727518;90173443.60510884;0.0 
 11/19  20:00:00;31.241666666666664;29.081001926352442;71167236.62641573;0.0 
 11/19  21:00:00;29.941666666666666;28.928985196539355;62590829.97188926;0.0 
 11/19  22:00:00;29.28333333333333;28.794101627105633;63085248.131891295;0.0 
 11/19  23:00:00;29.083333333333332;28.681683247265852;58661001.05398234;0.0 
 11/19  24:00:00;28.88333333333334;28.57634876075367;54343143.05016444;0.0 
 11/20  01:00:00;28.099999999999998;28.46391343197159;41688621.44817675;0.0 
 11/20  02:00:00;26.900000000000002;28.344581312010288;21062293.591085326;0.0 
 11/20  03:00:00;25.7;27.877385866371814;2114858.584560376;0.0 
 11/20  04:00:00;25.141666666666666;27.2591389506573;0.0;0.0 
 11/20  05:00:00;24.983333333333334;27.109486105301666;0.0;0.0 
 11/20  06:00:00;24.841666666666665;26.735206532346524;0.0;0.0 
 11/20  07:00:00;24.916666666666668;26.937668320807074;1101677.9900538058;0.0 
 11/20  08:00:00;24.416666666666668;26.79919242469838;451416.80431755475;0.0 
 11/20  09:00:00;24.583333333333332;26.712204658044367;143726.1905778685;0.0 
 11/20  10:00:00;25.583333333333332;26.508447268885956;6824.213414568327;0.0 
 11/20  11:00:00;27.75;26.142967977407483;0.0;0.0 
 11/20  12:00:00;30.75;26.123366169033318;0.0;0.0 
 11/20  13:00:00;32.233333333333334;26.512480317542735;106108.2159112429;0.0 
 11/20  14:00:00;32.63333333333333;27.147627543047907;1204465.3496490573;0.0 
 11/20  15:00:00;33.03333333333333;27.129046763792157;1347233.7651063676;0.0 
 11/20  16:00:00;33.083333333333336;26.720259431690526;744072.8246850215;0.0 
 11/20  17:00:00;32.416666666666664;26.41501200289405;287191.359961466;0.0 
 11/20  18:00:00;31.241666666666664;26.013677942472977;4042.3931242989274;0.0 
 11/20  19:00:00;30.291666666666668;25.365696323513124;0.0;0.0 
 11/20  20:00:00;29.416666666666668;25.07807709552858;0.0;0.0 
 11/20  21:00:00;28.416666666666668;24.814015196093226;0.0;0.0 
 11/20  22:00:00;27.416666666666668;24.27710252041835;0.0;0.0 
 11/20  23:00:00;26.416666666666668;25.237176683965817;4256090.477753065;0.0 
 11/20  24:00:00;25.416666666666668;24.913405993119095;0.0;0.0 
 11/21  01:00:00;24.825;24.71828527340182;0.0;0.0 
 11/21  02:00:00;24.46666666666667;24.50245381390874;0.0;0.0 
 11/21  03:00:00;24.125;24.276519602716025;0.0;0.0 
 11/21  04:00:00;24.0;24.148315810047112;0.0;0.0 
 11/21  05:00:00;24.0;24.088380251115012;0.0;0.0 
 11/21  06:00:00;22.833333333333332;23.44873155718385;0.0;0.0 
 11/21  07:00:00;22.0;23.542825069132743;0.0;0.0 
 11/21  08:00:00;22.0;23.56817133198163;0.0;0.0 
 11/21  09:00:00;22.583333333333332;23.843986420890044;0.0;0.0 
 11/21  10:00:00;24.75;24.561369218153782;0.0;0.0 
 11/21  11:00:00;27.166666666666668;25.52022637113021;28748.393238982375;0.0 
 11/21  12:00:00;29.458333333333332;26.15376191456619;785519.2672006169;0.0 
 11/21  13:00:00;31.25833333333334;26.60019738317668;1710617.701440226;0.0 
 11/21  14:00:00;32.61666666666667;27.039686528945044;2503296.2438961975;0.0 
 11/21  15:00:00;33.958333333333336;27.45754644757083;3346127.6333988477;0.0 
 11/21  16:00:00;34.791666666666664;27.783136049297358;4042613.5746826534;0.0 
 11/21  17:00:00;35.0;27.93347675273507;4317771.754510086;0.0 
 11/21  18:00:00;34.06666666666667;27.89183074516363;4102224.808039843;0.0 
 11/21  19:00:00;31.416666666666668;27.73931501698922;3599759.694485955;0.0 
 11/21  20:00:00;29.3;27.601289399334206;3104258.614035247;0.0 
 11/21  21:00:00;28.099999999999998;27.497051240554697;2696799.2969385963;0.0 
 11/21  22:00:00;27.25;27.413642341904136;2366895.5597413015;0.0 
 11/21  23:00:00;26.416666666666668;27.33948849241851;9988472.047556287;0.0 
 11/21  24:00:00;25.53333333333333;27.101969415764568;62625.72455692533;0.0 
 11/22  01:00:00;25.025000000000002;26.748438826661296;0.0;0.0 
 11/22  02:00:00;24.78333333333333;26.528889677944207;0.0;0.0 
 11/22  03:00:00;24.525000000000002;26.304245919602256;0.0;0.0 
 11/22  04:00:00;24.225000000000005;26.05616266981296;0.0;0.0 
 11/22  05:00:00;23.86666666666667;25.775728523064377;0.0;0.0 
 11/22  06:00:00;23.525000000000002;25.495601293628564;0.0;0.0 
 11/22  07:00:00;23.691666666666663;26.53683999078267;691506.0834209924;0.0 
 11/22  08:00:00;24.25;26.66746179593673;861548.7008911506;0.0 
 11/22  09:00:00;24.791666666666668;26.805246349200576;946737.1757788681;0.0 
 11/22  10:00:00;25.583333333333332;27.040686540237505;1261087.3483109835;0.0 
 11/22  11:00:00;27.166666666666668;27.36345216147703;1816789.4386077882;0.0 
 11/22  12:00:00;28.7;27.715224133084632;2570619.252440073;0.0 
 11/22  13:00:00;29.84166666666667;28.07157943154368;3450642.241018032;0.0 
 11/22  14:00:00;30.883333333333336;28.419116786475445;4362225.845577573;0.0 
 11/22  15:00:00;31.941666666666666;28.716590379258296;5166801.743553627;0.0 
 11/22  16:00:00;32.75;28.91652019136538;5692957.4091264885;0.0 
 11/22  17:00:00;32.416666666666664;28.956073950191684;5783917.895818631;0.0 
 11/22  18:00:00;31.3;28.842386810918878;5448414.586545158;0.0 
 11/22  19:00:00;30.333333333333332;28.673084196318886;4912964.991649377;0.0 
 11/22  20:00:00;29.125;28.511574383252537;4385797.986989592;0.0 
 11/22  21:00:00;27.625;28.36388674619904;3923332.584541239;0.0 
 11/22  22:00:00;26.416666666666668;28.229276332080076;3527487.989781298;0.0 
 11/22  23:00:00;25.416666666666668;27.93213140554754;196982.93900337594;0.0 
 11/22  24:00:00;25.0;27.582938687580537;0.0;0.0 
 11/23  01:00:00;24.88333333333334;27.395203793211625;0.0;0.0 
 11/23  02:00:00;24.741666666666664;27.199486974940886;0.0;0.0 
 11/23  03:00:00;24.583333333333332;27.002896229063072;0.0;0.0 
 11/23  04:00:00;24.383333333333336;26.78646306744505;0.0;0.0 
 11/23  05:00:00;24.241666666666664;26.598263300313278;0.0;0.0 
 11/23  06:00:00;24.083333333333332;26.406319215148027;0.0;0.0 
 11/23  07:00:00;23.416666666666668;25.95637088458442;0.0;0.0 
 11/23  08:00:00;23.583333333333332;25.94069877364899;0.0;0.0 
 11/23  09:00:00;24.46666666666667;26.445818054840117;0.0;0.0 
 11/23  10:00:00;26.083333333333332;27.25222425282894;6228384.55896068;0.0 
 11/23  11:00:00;27.583333333333332;27.608937250662326;27121194.45963459;0.0 
 11/23  12:00:00;28.816666666666666;27.8677455248735;53372545.515665255;0.0 
 11/23  13:00:00;29.866666666666664;28.123326951135738;74450031.43379797;0.0 
 11/23  14:00:00;30.724999999999998;28.352716361079406;90540214.24908522;0.0 
 11/23  15:00:00;31.566666666666666;28.556924228373436;106166352.03134784;0.0 
 11/23  16:00:00;31.958333333333332;28.69585183633754;113604206.77427104;0.0 
 11/23  17:00:00;31.416666666666668;28.69941348728618;104119934.82671621;0.0 
 11/23  18:00:00;30.416666666666668;28.59117063501347;83259735.16975887;0.0 
 11/23  19:00:00;29.416666666666668;28.44455244885387;54923164.70289366;0.0 
 11/23  20:00:00;28.416666666666668;28.31160301977485;39094452.92412762;0.0 
 11/23  21:00:00;27.416666666666668;28.18983504656876;25839287.52624072;0.0 
 11/23  22:00:00;27.0;28.081737255497945;21993389.127875637;0.0 
 11/23  23:00:00;26.416666666666668;27.98163128752992;12044081.40925633;0.0 
 11/23  24:00:00;25.53333333333333;27.744377159338196;235095.01907116352;0.0 
 11/24  01:00:00;24.96666666666667;27.345889767374004;0.0;0.0 
 11/24  02:00:00;24.625;27.047958027288164;0.0;0.0 
 11/24  03:00:00;24.266666666666666;26.742757537974224;0.0;0.0 
 11/24  04:00:00;24.041666666666668;26.500399338503886;0.0;0.0 
 11/24  05:00:00;23.941666666666666;26.331025874726123;0.0;0.0 
 11/24  06:00:00;23.84166666666667;26.167727494727966;0.0;0.0 
 11/24  07:00:00;23.916666666666668;27.068458870189158;1372678.0988548351;0.0 
 11/24  08:00:00;24.0;27.133770392259038;1310432.2795518588;0.0 
 11/24  09:00:00;24.75833333333334;27.244832876013476;1368166.668036915;0.0 
 11/24  10:00:00;25.125;27.443822327172995;1661062.2623750572;0.0 
 11/24  11:00:00;27.041666666666668;27.729634041446293;2198147.788111516;0.0 
 11/24  12:00:00;30.541666666666668;28.074538240757803;2949761.2772788247;0.0 
 11/24  13:00:00;32.875;28.420237987543004;3804465.0575248376;0.0 
 11/24  14:00:00;34.31666666666667;28.72768324812351;4630163.415770869;0.0 
 11/24  15:00:00;35.775000000000006;28.97755013175497;5321783.673863606;0.0 
 11/24  16:00:00;36.166666666666664;29.11886906355402;5726627.760049827;0.0 
 11/24  17:00:00;36.0;29.124154811459107;5748152.7277134;0.0 
 11/24  18:00:00;35.06666666666667;29.022704005318616;5454920.446277022;0.0 
 11/24  19:00:00;33.0;28.86323360646415;4997500.944210382;0.0 
 11/24  20:00:00;31.183333333333334;28.71076485322577;4543026.545322885;0.0 
 11/24  21:00:00;29.78333333333333;28.57743188001065;4144233.1568028494;0.0 
 11/24  22:00:00;28.5;28.45456481248438;3794874.362479476;0.0 
 11/24  23:00:00;28.0;28.35094420652007;39301045.09406044;0.0 
 11/24  24:00:00;27.650000000000002;28.25673134155292;34344221.55352601;0.0 
 11/25  01:00:00;26.933333333333334;28.155701506416563;20334212.29964089;0.0 
 11/25  02:00:00;26.133333333333336;28.053170122133277;6187933.694738847;0.0 
 11/25  03:00:00;25.333333333333332;27.721060022018364;0.0;0.0 
 11/25  04:00:00;24.708333333333332;27.2750883373012;0.0;0.0 
 11/25  05:00:00;24.266666666666666;26.916149606396274;0.0;0.0 
 11/25  06:00:00;23.808333333333337;26.549393034924766;0.0;0.0 
 11/25  07:00:00;23.833333333333332;27.423222160184825;2022928.048762673;0.0 
 11/25  08:00:00;24.0;27.477302021190052;1808964.7831275784;0.0 
 11/25  09:00:00;24.933333333333334;27.582262050298286;1860300.244467484;0.0 
 11/25  10:00:00;25.833333333333332;27.7572688553156;2151751.829047397;0.0 
 11/25  11:00:00;30.083333333333332;28.036696991452427;2694407.3331629303;0.0 
 11/25  12:00:00;33.35;28.397769690248094;3507773.597468268;0.0 
 11/25  13:00:00;34.125;28.750794901159225;4448284.036721641;0.0 
 11/25  14:00:00;35.025;29.090172388124426;5420172.955384202;0.0 
 11/25  15:00:00;35.925000000000004;29.365564469213798;6231610.045883484;0.0 
 11/25  16:00:00;36.125;29.514701055557282;6681836.046439724;0.0 
 11/25  17:00:00;35.416666666666664;29.514416935418243;6694313.087888008;0.0 
 11/25  18:00:00;34.416666666666664;29.390843560114874;6337398.445663473;0.0 
 11/25  19:00:00;32.833333333333336;29.206437894308593;92939851.85259208;0.0 
 11/25  20:00:00;31.066666666666666;29.030103390878683;69134684.62958235;0.0 
 11/25  21:00:00;29.40833333333333;28.870404495853695;50360154.13793913;0.0 
 11/25  22:00:00;27.708333333333332;28.719555991448104;32398279.846591882;0.0 
 11/25  23:00:00;27.0;28.586102553208306;23914344.19899082;0.0 
 11/25  24:00:00;26.708333333333332;28.465050778850298;18147577.399463635;0.0 
 11/26  01:00:00;26.38333333333334;28.345695481440373;11798561.904873332;0.0 
 11/26  02:00:00;26.241666666666664;28.233859574056495;8837629.689344501;0.0 
 11/26  03:00:00;26.083333333333332;28.126835243327054;5612178.991283368;0.0 
 11/26  04:00:00;25.766666666666666;27.989452631219233;709336.4428551203;0.0 
 11/26  05:00:00;25.366666666666664;27.69078580106928;0.0;0.0 
 11/26  06:00:00;24.96666666666667;27.361169651946337;0.0;0.0 
 11/26  07:00:00;24.916666666666668;27.20288051433134;0.0;0.0 
 11/26  08:00:00;24.416666666666668;26.89009760522543;0.0;0.0 
 11/26  09:00:00;26.333333333333332;27.52741468984102;12794341.068112548;0.0 
 11/26  10:00:00;29.75;27.960846019878996;60037062.24419444;0.0 
 11/26  11:00:00;32.166666666666664;28.307827542523096;80978081.70606604;0.0 
 11/26  12:00:00;34.34166666666667;28.684861787674805;128933226.85420692;0.0 
 11/26  13:00:00;35.824999999999996;29.076912740750483;172292539.6647075;0.0 
 11/26  14:00:00;36.725;29.447203268039285;185650645.35203034;0.0 
 11/26  15:00:00;37.625;29.765829960607533;198908494.09458736;0.0 
 11/26  16:00:00;37.416666666666664;29.967954077741368;197559356.36326578;0.0 
 11/26  17:00:00;36.416666666666664;29.997622024557092;191679416.8152378;0.0 
 11/26  18:00:00;35.416666666666664;29.8661612658105;177781853.45283026;0.0 
 11/26  19:00:00;33.833333333333336;29.642522294641022;140973903.9152256;0.0 
 11/26  20:00:00;31.95;29.427744390571405;93263980.74756412;0.0 
 11/26  21:00:00;30.150000000000002;29.237653564470175;67882701.61834922;0.0 
 11/26  22:00:00;29.166666666666668;29.07503884512656;50705982.89417406;0.0 
 11/26  23:00:00;28.416666666666668;28.92727626351464;39405662.29395817;0.0 
 11/26  24:00:00;27.416666666666668;28.777318661041935;23763455.373130262;0.0 
 11/27  01:00:00;26.241666666666664;28.62662996931866;6998764.179118999;0.0 
 11/27  02:00:00;24.883333333333336;28.06288786438695;0.0;0.0 
 11/27  03:00:00;23.541666666666668;27.185966280855713;0.0;0.0 
 11/27  04:00:00;22.650000000000002;26.50449356015324;0.0;0.0 
 11/27  05:00:00;22.10833333333333;26.0088893593921;0.0;0.0 
 11/27  06:00:00;21.55;25.51273878054528;0.0;0.0 
 11/27  07:00:00;21.183333333333337;27.384949449376517;1602718.3374249656;0.0 
 11/27  08:00:00;21.041666666666668;27.516174658223395;1810595.735793391;0.0 
 11/27  09:00:00;23.45;27.651083041174473;1948574.3516156839;0.0 
 11/27  10:00:00;27.416666666666668;27.926821509468425;2385010.337795016;0.0 
 11/27  11:00:00;30.166666666666668;28.27431283188056;3088585.894393184;0.0 
 11/27  12:00:00;32.458333333333336;28.6475286888888;3993320.1349065257;0.0 
 11/27  13:00:00;34.083333333333336;29.035068162912186;5054299.387617138;0.0 
 11/27  14:00:00;35.083333333333336;29.39515538955054;6117263.370615292;0.0 
 11/27  15:00:00;36.083333333333336;29.689971572161156;7010678.931198966;0.0 
 11/27  16:00:00;35.625;29.840675929540627;7490442.981289486;0.0 
 11/27  17:00:00;34.416666666666664;29.810586838792194;7432052.84890089;0.0 
 11/27  18:00:00;33.18333333333333;29.64838869896988;6962440.7149125505;0.0 
 11/27  19:00:00;31.491666666666664;29.431866570368527;6306337.236725822;0.0 
 11/27  20:00:00;29.53333333333333;29.22541893367848;5667904.9090118725;0.0 
 11/27  21:00:00;27.59166666666667;29.03585386966174;5105409.608452095;0.0 
 11/27  22:00:00;26.333333333333332;28.866508467587952;4622718.514309351;0.0 
 11/27  23:00:00;26.0;28.719495607928156;4213915.7426672755;0.0 
 11/27  24:00:00;25.766666666666666;28.573482509476374;1192050.4301417056;0.0 
 11/28  01:00:00;25.308333333333337;28.24183671238137;0.0;0.0 
 11/28  02:00:00;24.75;27.791671511380457;0.0;0.0 
 11/28  03:00:00;24.208333333333332;27.336704464960647;0.0;0.0 
 11/28  04:00:00;23.416666666666668;26.752947275983562;0.0;0.0 
 11/28  05:00:00;22.416666666666668;26.036688198509978;0.0;0.0 
 11/28  06:00:00;21.416666666666668;25.30232926145112;0.0;0.0 
 11/28  07:00:00;21.40833333333333;27.215005501435424;1380683.009268345;0.0 
 11/28  08:00:00;22.05;27.380340746253967;1613042.7632868956;0.0 
 11/28  09:00:00;22.708333333333332;27.492221338141388;1714909.1069311453;0.0 
 11/28  10:00:00;25.333333333333332;27.73284406404288;2080090.044793862;0.0 
 11/28  11:00:00;28.75;28.081343846574455;2744912.707514355;0.0 
 11/28  12:00:00;31.166666666666668;28.457396276721635;3625021.0436483733;0.0 
 11/28  13:00:00;32.699999999999996;28.843858135279223;4662737.556269383;0.0 
 11/28  14:00:00;33.84166666666667;29.207701655203508;5717312.4362999275;0.0 
 11/28  15:00:00;35.0;29.511831526786064;6621328.300376566;0.0 
 11/28  16:00:00;35.791666666666664;29.699795719038136;7178827.492878423;0.0 
 11/28  17:00:00;34.833333333333336;29.70747398056872;7216830.674515916;0.0 
 11/28  18:00:00;33.88333333333333;29.554184428448455;6774158.332943925;0.0 
 11/28  19:00:00;32.166666666666664;29.324848708705332;6092311.662260089;0.0 
 11/28  20:00:00;30.183333333333337;29.106734216547224;5432578.591215737;0.0 
 11/28  21:00:00;28.84166666666667;28.923928145243362;4880796.136294125;0.0 
 11/28  22:00:00;27.541666666666668;28.75806493179304;4408578.500700439;0.0 
 11/28  23:00:00;26.416666666666668;28.60120323822676;9711834.029032383;0.0 
 11/28  24:00:00;25.416666666666668;28.2952834796898;275475.10744288977;0.0 
 11/29  01:00:00;24.53333333333333;27.68450328389069;0.0;0.0 
 11/29  02:00:00;23.675;27.05500365684868;0.0;0.0 
 11/29  03:00:00;22.833333333333332;26.419321478573476;0.0;0.0 
 11/29  04:00:00;22.09166666666667;25.828030922660584;0.0;0.0 
 11/29  05:00:00;21.391666666666666;25.25651429745444;0.0;0.0 
 11/29  06:00:00;20.691666666666666;24.682483418083127;0.0;0.0 
 11/29  07:00:00;20.166666666666668;26.938569323247194;1149534.867817197;0.0 
 11/29  08:00:00;20.0;27.160700179773766;1382924.8249389392;0.0 
 11/29  09:00:00;21.166666666666668;27.279082846208208;1439160.3518639263;0.0 
 11/29  10:00:00;22.583333333333332;27.503411929175698;1747502.745980918;0.0 
 11/29  11:00:00;24.166666666666668;27.812134391069396;2312554.3886224353;0.0 
 11/29  12:00:00;25.933333333333337;28.16019650773721;3084866.087254328;0.0 
 11/29  13:00:00;27.183333333333334;28.52209120556327;4019849.2869938277;0.0 
 11/29  14:00:00;28.125;28.86539749600385;4988800.482957723;0.0 
 11/29  15:00:00;29.083333333333332;29.15482323247703;5832890.282240113;0.0 
 11/29  16:00:00;29.791666666666668;29.339983803093556;6375877.861455619;0.0 
 11/29  17:00:00;30.0;29.369482921785465;6473578.811346107;0.0 
 11/29  18:00:00;29.650000000000002;29.232705671880463;6097136.947104385;0.0 
 11/29  19:00:00;28.0;28.99335861883578;5422209.441585169;0.0 
 11/29  20:00:00;26.3;28.771548943392602;4769587.14099537;0.0 
 11/29  21:00:00;25.041666666666668;28.58568506379061;4230426.165384794;0.0 
 11/29  22:00:00;24.208333333333332;28.423498068621523;3782050.7961636344;0.0 
 11/29  23:00:00;23.416666666666668;27.1088282767775;0.0;0.0 
 11/29  24:00:00;22.708333333333332;26.499588330452013;0.0;0.0 
 11/30  01:00:00;22.558333333333334;26.206132564887962;0.0;0.0 
 11/30  02:00:00;22.599999999999998;26.04861457516129;0.0;0.0 
 11/30  03:00:00;22.658333333333335;25.914624270224653;0.0;0.0 
 11/30  04:00:00;22.349999999999998;25.607830712564645;0.0;0.0 
 11/30  05:00:00;21.808333333333337;25.163206218154468;0.0;0.0 
 11/30  06:00:00;21.25;24.70764557173467;0.0;0.0 
 11/30  07:00:00;20.416666666666668;26.72191751725727;994543.4591245627;0.0 
 11/30  08:00:00;20.0;26.941652601974468;1322364.8052929358;0.0 
 11/30  09:00:00;21.283333333333335;27.077019336493397;1279978.924242053;0.0 
 11/30  10:00:00;23.833333333333332;27.335296025369615;1562261.7259727449;0.0 
 11/30  11:00:00;25.583333333333332;27.66424989528511;2122975.5726264073;0.0 
 11/30  12:00:00;27.516666666666666;28.025853710709598;2911571.9955617934;0.0 
 11/30  13:00:00;29.300000000000008;28.411720866533074;3889139.746180537;0.0 
 11/30  14:00:00;30.558333333333337;28.776672975108113;4902985.108472043;0.0 
 11/30  15:00:00;31.8;29.089020796436643;5797258.739032211;0.0 
 11/30  16:00:00;32.125;29.28572316549588;6368624.652422713;0.0 
 11/30  17:00:00;32.0;29.312665842211782;6444760.6797167435;0.0 
 11/30  18:00:00;31.416666666666668;29.175509925566757;6041931.553980694;0.0 
 11/30  19:00:00;28.666666666666668;28.924334263129083;5336623.936482767;0.0 
 11/30  20:00:00;26.241666666666664;28.69018479980288;4662563.763168945;0.0 
 11/30  21:00:00;25.0;28.503351743929713;4121159.9228262547;0.0 
 11/30  22:00:00;24.09166666666667;28.340565229441456;3669913.2814461533;0.0 
 11/30  23:00:00;23.566666666666666;27.096935434821315;0.0;0.0 
 11/30  24:00:00;23.166666666666668;26.66555704356972;0.0;0.0 
 12/01  01:00:00;22.825000000000003;26.30815236100823;0.0;0.0 
 12/01  02:00:00;22.291666666666668;25.870569709708178;0.0;0.0 
 12/01  03:00:00;21.474999999999998;25.26532779316567;0.0;0.0 
 12/01  04:00:00;20.51666666666667;24.56864497796708;0.0;0.0 
 12/01  05:00:00;19.75;23.948298600779452;0.0;0.0 
 12/01  06:00:00;19.791666666666668;23.74311436252586;0.0;0.0 
 12/01  07:00:00;19.416666666666668;26.419198914624555;426420.9588398271;0.0 
 12/01  08:00:00;19.0;26.77882464631132;769598.409687383;0.0 
 12/01  09:00:00;20.983333333333334;26.92316202544602;925804.0810845209;0.0 
 12/01  10:00:00;25.666666666666668;27.20064563649864;1287781.369190251;0.0 
 12/01  11:00:00;28.0;27.543956832215724;1883581.739569093;0.0 
 12/01  12:00:00;32.083333333333336;27.95027179941407;2735103.6862109937;0.0 
 12/01  13:00:00;35.699999999999996;28.394857224050952;3814063.761171168;0.0 
 12/01  14:00:00;36.84166666666667;28.782783251666842;4886141.263661225;0.0 
 12/01  15:00:00;38.0;29.123839909515223;5858916.883010722;0.0 
 12/01  16:00:00;38.208333333333336;29.35211325426502;6523454.600567183;0.0 
 12/01  17:00:00;36.833333333333336;29.401082217001857;6687744.505479458;0.0 
 12/01  18:00:00;34.25;29.267825938501556;6331231.869993662;0.0 
 12/01  19:00:00;31.25;29.032024957715834;5657937.234580031;0.0 
 12/01  20:00:00;28.71666666666667;28.81070992497567;4985850.519996151;0.0 
 12/01  21:00:00;26.458333333333332;28.613977945482276;4404734.579133107;0.0 
 12/01  22:00:00;24.74166666666667;28.437057418490372;3911327.911523619;0.0 
 12/01  23:00:00;23.5;27.159417829229927;0.0;0.0 
 12/01  24:00:00;22.125;26.20824136992428;0.0;0.0 
 12/02  01:00:00;21.5;25.626095499323494;0.0;0.0 
 12/02  02:00:00;21.5;25.40832718995459;0.0;0.0 
 12/02  03:00:00;21.5;25.215585203785228;0.0;0.0 
 12/02  04:00:00;21.208333333333332;24.89533078860598;0.0;0.0 
 12/02  05:00:00;20.416666666666668;24.308647809409972;0.0;0.0 
 12/02  06:00:00;19.125;23.437410825886104;0.0;0.0 
 12/02  07:00:00;18.208333333333332;26.372299869392922;539376.2091451074;0.0 
 12/02  08:00:00;19.283333333333335;26.74927870589441;723675.7562635908;0.0 
 12/02  09:00:00;21.483333333333334;26.92093318986531;923508.9011923951;0.0 
 12/02  10:00:00;25.666666666666668;27.2223867950279;1322685.6849396916;0.0 
 12/02  11:00:00;30.333333333333332;27.633953513309574;2025895.4093171642;0.0 
 12/02  12:00:00;33.925000000000004;28.07184955018018;2976361.225193239;0.0 
 12/02  13:00:00;35.883333333333326;28.51435958183283;4104210.808354654;0.0 
 12/02  14:00:00;36.82500000000001;28.925809513273283;5265821.912414812;0.0 
 12/02  15:00:00;37.78333333333334;29.281075142164173;6303830.075347078;0.0 
 12/02  16:00:00;37.5;29.51013729329919;6988093.395659456;0.0 
 12/02  17:00:00;35.25;29.54103482279122;7109598.096139932;0.0 
 12/02  18:00:00;32.833333333333336;29.39073019948719;6691148.317511048;0.0 
 12/02  19:00:00;30.25;29.14648406061782;59391389.95669788;0.0 
 12/02  20:00:00;27.95;28.91716518234084;30008013.66880036;0.0 
 12/02  21:00:00;26.150000000000002;28.700362795901924;7090219.255790038;0.0 
 12/02  22:00:00;24.991666666666664;28.203390698435943;0.0;0.0 
 12/02  23:00:00;24.291666666666668;27.65342803456319;0.0;0.0 
 12/02  24:00:00;23.416666666666668;27.010745991078576;0.0;0.0 
 12/03  01:00:00;22.708333333333332;26.433992010474068;0.0;0.0 
 12/03  02:00:00;22.208333333333332;25.971106391075423;0.0;0.0 
 12/03  03:00:00;21.708333333333332;25.512166019387774;0.0;0.0 
 12/03  04:00:00;21.325000000000003;25.114053044844287;0.0;0.0 
 12/03  05:00:00;21.025000000000002;24.76806793317076;0.0;0.0 
 12/03  06:00:00;20.724999999999998;24.428883370826156;0.0;0.0 
 12/03  07:00:00;20.425;24.09578530276056;0.0;0.0 
 12/03  08:00:00;20.125;23.814909591563065;0.0;0.0 
 12/03  09:00:00;20.875;24.200753632158424;0.0;0.0 
 12/03  10:00:00;24.125;26.0569149047836;190247.66823441314;0.0 
 12/03  11:00:00;28.333333333333332;27.470518236272245;31397125.393732317;0.0 
 12/03  12:00:00;31.866666666666664;27.959551610060387;76199017.53426662;0.0 
 12/03  13:00:00;33.84166666666667;28.42281212081085;101240036.478072;0.0 
 12/03  14:00:00;34.94166666666667;28.84363642656569;115531068.38328941;0.0 
 12/03  15:00:00;36.041666666666664;29.197368426783687;129573188.37580664;0.0 
 12/03  16:00:00;36.208333333333336;29.427484446848386;132739177.5596472;0.0 
 12/03  17:00:00;34.25;29.463112346349067;109640983.49980876;0.0 
 12/03  18:00:00;31.308333333333337;29.308163777557592;72934234.48259029;0.0 
 12/03  19:00:00;28.291666666666668;29.05856756790095;34709755.531726226;0.0 
 12/03  20:00:00;27.875;28.854411401324995;28864372.421171345;0.0 
 12/03  21:00:00;29.433333333333337;28.720116856781917;49685358.97255838;0.0 
 12/03  22:00:00;28.0;28.58139922420251;36185378.09669901;0.0 
 12/03  23:00:00;24.458333333333332;27.782938497509335;606582.3717466048;0.0 
 12/03  24:00:00;22.125;26.364937212336333;0.0;0.0 
 12/04  01:00:00;21.791666666666668;25.91460470099172;0.0;0.0 
 12/04  02:00:00;22.291666666666668;25.967886872990434;0.0;0.0 
 12/04  03:00:00;22.791666666666668;26.069485247433292;0.0;0.0 
 12/04  04:00:00;22.416666666666668;25.760495839771934;0.0;0.0 
 12/04  05:00:00;21.416666666666668;25.081496274461756;0.0;0.0 
 12/04  06:00:00;20.3;24.311766186636095;0.0;0.0 
 12/04  07:00:00;20.150000000000002;26.723223232839477;728283.6656354319;0.0 
 12/04  08:00:00;20.75;27.03754882888066;1104111.2575268776;0.0 
 12/04  09:00:00;21.7;27.17027200929884;1248169.2880921212;0.0 
 12/04  10:00:00;24.416666666666668;27.40796009041742;1589852.412120894;0.0 
 12/04  11:00:00;28.333333333333332;27.7435120233925;2187673.172550664;0.0 
 12/04  12:00:00;31.400000000000002;28.104218939323914;2976543.1570856646;0.0 
 12/04  13:00:00;33.21666666666667;28.456134265748975;3867472.2458271766;0.0 
 12/04  14:00:00;34.55833333333333;28.788001752138076;4775615.16565201;0.0 
 12/04  15:00:00;35.916666666666664;29.064074563919903;5552178.246950041;0.0 
 12/04  16:00:00;36.208333333333336;29.244479854212173;6058382.9347202;0.0 
 12/04  17:00:00;34.833333333333336;29.2784790727862;6173527.678341732;0.0 
 12/04  18:00:00;32.36666666666666;29.147131960510336;5850350.121036425;0.0 
 12/04  19:00:00;29.333333333333332;28.92338948110255;5252739.541293008;0.0 
 12/04  20:00:00;27.53333333333333;28.7200248503305;4659732.304614241;0.0 
 12/04  21:00:00;26.791666666666668;28.556882258883196;4164392.418129652;0.0 
 12/04  22:00:00;26.208333333333332;28.415687091744726;3752587.428969429;0.0 
 12/04  23:00:00;25.416666666666668;28.118413296464244;234041.7142146238;0.0 
 12/04  24:00:00;24.416666666666668;27.46133494241099;0.0;0.0 
 12/05  01:00:00;23.825;26.97502370298845;0.0;0.0 
 12/05  02:00:00;23.46666666666667;26.62261253124234;0.0;0.0 
 12/05  03:00:00;23.125;26.281565845422254;0.0;0.0 
 12/05  04:00:00;22.825000000000003;25.966529884104677;0.0;0.0 
 12/05  05:00:00;22.46666666666667;25.62441854683735;0.0;0.0 
 12/05  06:00:00;22.125;25.28938386221593;0.0;0.0 
 12/05  07:00:00;22.0;26.9503348657833;947315.2065950665;0.0 
 12/05  08:00:00;22.0;27.098251026418954;1180097.5009078921;0.0 
 12/05  09:00:00;23.51666666666667;27.22738687010134;1317511.7770247075;0.0 
 12/05  10:00:00;26.583333333333332;27.47885031407017;1679087.4928316246;0.0 
 12/05  11:00:00;30.333333333333332;27.818450395845243;2308484.6685488936;0.0 
 12/05  12:00:00;33.75;28.201848000327615;3162789.677653576;0.0 
 12/05  13:00:00;35.40833333333333;28.597722409964465;4185596.648309822;0.0 
 12/05  14:00:00;36.050000000000004;28.977312983835763;5268124.262608858;0.0 
 12/05  15:00:00;36.708333333333336;29.308393535460052;6249940.109547595;0.0 
 12/05  16:00:00;37.0;29.53175396245148;6917933.039740129;0.0 
 12/05  17:00:00;35.833333333333336;29.58037504629282;7077968.189359504;0.0 
 12/05  18:00:00;34.416666666666664;29.457871150689773;6728029.782140486;0.0 
 12/05  19:00:00;31.666666666666668;29.230901881869954;6061268.760700168;0.0 
 12/05  20:00:00;29.766666666666666;29.019896140964605;5396246.436079846;0.0 
 12/05  21:00:00;29.425;28.858952390897215;4855202.2433690755;0.0 
 12/05  22:00:00;28.599999999999998;28.71540975462692;4402328.622638273;0.0 
 12/05  23:00:00;27.458333333333332;28.579535184855754;25044168.922147784;0.0 
 12/05  24:00:00;25.833333333333332;28.352138729005798;4695384.983293811;0.0 
 12/06  01:00:00;24.708333333333332;27.780512589097523;0.0;0.0 
 12/06  02:00:00;24.266666666666666;27.390711596118155;0.0;0.0 
 12/06  03:00:00;23.808333333333337;26.997016979564112;0.0;0.0 
 12/06  04:00:00;23.191666666666663;26.51622244868209;0.0;0.0 
 12/06  05:00:00;22.491666666666664;25.980936331479626;0.0;0.0 
 12/06  06:00:00;21.791666666666668;25.439461569463912;0.0;0.0 
 12/06  07:00:00;21.208333333333332;27.212127811766873;1579351.0002402049;0.0 
 12/06  08:00:00;21.0;27.343590529857437;1632518.5476124447;0.0 
 12/06  09:00:00;22.75;27.472289108882524;1704117.956715601;0.0 
 12/06  10:00:00;26.916666666666668;27.747365724583066;2118652.128933436;0.0 
 12/06  11:00:00;30.75;28.118068009775328;2851179.282499647;0.0 
 12/06  12:00:00;33.75;28.514669169600808;3790599.5306922253;0.0 
 12/06  13:00:00;35.75833333333333;28.924311181313985;4890151.265923436;0.0 
 12/06  14:00:00;37.11666666666667;29.310519957142606;6010513.160011431;0.0 
 12/06  15:00:00;38.458333333333336;29.644224487833696;7005668.99433321;0.0 
 12/06  16:00:00;38.416666666666664;29.857779773913013;7658059.054775283;0.0 
 12/06  17:00:00;36.65833333333333;29.886389513632952;7771362.778305292;0.0 
 12/06  18:00:00;34.300000000000004;29.73950847698329;7356967.132455923;0.0 
 12/06  19:00:00;31.958333333333332;29.50436715341617;6645520.005097088;0.0 
 12/06  20:00:00;30.183333333333337;29.291878069734977;5953952.284451283;0.0 
 12/06  21:00:00;28.78333333333333;29.110685696205906;5366722.285114556;0.0 
 12/06  22:00:00;27.791666666666668;28.952634282075184;4873899.584998163;0.0 
 12/06  23:00:00;27.03333333333333;28.814250157726196;23631205.4913103;0.0 
 12/06  24:00:00;26.291666666666668;28.682557319391645;11186198.15045931;0.0 
 12/07  01:00:00;25.708333333333332;28.522789063742295;1225404.0013243086;0.0 
 12/07  02:00:00;25.208333333333332;28.16619903696842;0.0;0.0 
 12/07  03:00:00;24.708333333333332;27.761817189797046;0.0;0.0 
 12/07  04:00:00;24.208333333333332;27.347767014788513;0.0;0.0 
 12/07  05:00:00;23.708333333333332;26.928229393505926;0.0;0.0 
 12/07  06:00:00;23.208333333333332;26.503988466614455;0.0;0.0 
 12/07  07:00:00;22.416666666666668;27.60993139504397;2822229.0116536636;0.0 
 12/07  08:00:00;22.583333333333332;27.6552283980995;2381298.4369700365;0.0 
 12/07  09:00:00;24.633333333333336;27.779182117897317;2204020.0652022185;0.0 
 12/07  10:00:00;28.25;28.024129782140914;2571076.877223977;0.0 
 12/07  11:00:00;32.333333333333336;28.371585957159997;3281749.2927746926;0.0 
 12/07  12:00:00;35.34166666666667;28.754307671236035;4212178.775261913;0.0 
 12/07  13:00:00;37.05833333333333;29.146131106855975;5286353.414179456;0.0 
 12/07  14:00:00;38.358333333333334;29.517222982143952;6377194.953651392;0.0 
 12/07  15:00:00;39.65833333333333;29.841995700687946;7351141.128272062;0.0 
 12/07  16:00:00;40.083333333333336;30.06307414878367;8015806.426024013;0.0 
 12/07  17:00:00;38.833333333333336;30.101506991519454;8153979.6575867785;0.0 
 12/07  18:00:00;36.775;29.96034636274452;7761331.19188888;0.0 
 12/07  19:00:00;33.625;29.712149846111462;7037952.474224217;0.0 
 12/07  20:00:00;31.3;29.484000842408193;6324791.382582029;0.0 
 12/07  21:00:00;30.041666666666668;29.30023945195711;5730280.156540358;0.0 
 12/07  22:00:00;28.741666666666664;29.137503854271966;5226072.488080764;0.0 
 12/07  23:00:00;27.5;28.984026061542806;31966242.256422002;0.0 
 12/07  24:00:00;26.59166666666667;28.83928757927481;17038523.30929979;0.0 
 12/08  01:00:00;25.950000000000003;28.70472814545862;4644878.000459581;0.0 
 12/08  02:00:00;25.40833333333333;28.42805060759611;0.0;0.0 
 12/08  03:00:00;24.849999999999998;27.994452787365443;0.0;0.0 
 12/08  04:00:00;24.25;27.523187044037712;0.0;0.0 
 12/08  05:00:00;24.0;27.218239697849516;0.0;0.0 
 12/08  06:00:00;23.825;26.972693850335848;0.0;0.0 
 12/08  07:00:00;23.291666666666668;27.795961254289562;3239930.845321338;0.0 
 12/08  08:00:00;23.0;27.799904275464325;2444009.918551745;0.0 
 12/08  09:00:00;24.633333333333336;27.9056817363728;2371980.4860428376;0.0 
 12/08  10:00:00;28.25;28.143146524453964;2750663.682592835;0.0 
 12/08  11:00:00;32.333333333333336;28.485675102707194;3459107.849122801;0.0 
 12/08  12:00:00;35.75;28.870281858616135;4397608.443106766;0.0 
 12/08  13:00:00;37.81666666666667;29.269560391065365;5498816.563174281;0.0 
 12/08  14:00:00;39.21666666666667;29.65277110196053;6635930.544002862;0.0 
 12/08  15:00:00;40.61666666666667;29.99045082451622;7662283.740572363;0.0 
 12/08  16:00:00;40.5;30.21308116925769;8353135.038504621;0.0 
 12/08  17:00:00;39.416666666666664;30.253704307287734;8497021.881151251;0.0 
 12/08  18:00:00;37.833333333333336;30.10920529129557;8080594.133477621;0.0 
 12/08  19:00:00;34.083333333333336;29.84006825767926;7301637.104689653;0.0 
 12/08  20:00:00;31.066666666666666;29.589496112542395;6535143.643509513;0.0 
 12/08  21:00:00;29.46666666666667;29.388990860082355;5899215.198930414;0.0 
 12/08  22:00:00;28.275000000000002;29.214020369884164;5363721.798740302;0.0 
 12/08  23:00:00;27.375;29.057810749577495;29442961.802202426;0.0 
 12/08  24:00:00;26.183333333333337;28.900553719621083;9881390.675176373;0.0 
 12/09  01:00:00;25.308333333333337;28.5763618108432;0.0;0.0 
 12/09  02:00:00;24.75;28.128059790196403;0.0;0.0 
 12/09  03:00:00;24.208333333333332;27.673126657328577;0.0;0.0 
 12/09  04:00:00;23.416666666666668;27.087483391869558;0.0;0.0 
 12/09  05:00:00;23.0;26.66424046413469;0.0;0.0 
 12/09  06:00:00;22.883333333333336;26.423186840400092;0.0;0.0 
 12/09  07:00:00;23.5;27.706666726511575;2421012.2336532115;0.0 
 12/09  08:00:00;24.0;27.77176648189547;2231780.462155229;0.0 
 12/09  09:00:00;24.233333333333334;27.869927281136224;2294230.154115609;0.0 
 12/09  10:00:00;27.083333333333332;28.09623721998587;2665274.763958887;0.0 
 12/09  11:00:00;31.333333333333332;28.43845891790728;3356420.9191388986;0.0 
 12/09  12:00:00;34.80833333333334;28.822891179689055;4281503.409966107;0.0 
 12/09  13:00:00;36.74166666666667;29.21986934938148;5369840.685041453;0.0 
 12/09  14:00:00;37.9;29.594188470367403;6481997.463439324;0.0 
 12/09  15:00:00;39.041666666666664;29.920887085534293;7478670.489871651;0.0 
 12/09  16:00:00;37.458333333333336;30.113842900280744;8106923.802797953;0.0 
 12/09  17:00:00;35.416666666666664;30.118885459984497;8173018.467478225;0.0 
 12/09  18:00:00;33.949999999999996;29.962849191328175;7732163.5818415955;0.0 
 12/09  19:00:00;31.333333333333332;29.698213887509358;73919903.54495786;0.0 
 12/09  20:00:00;29.183333333333337;29.455367126292458;46772820.582399175;0.0 
 12/09  21:00:00;27.78333333333333;29.254765072494138;28953699.857284326;0.0 
 12/09  22:00:00;26.675;29.077705633319535;13723628.61577664;0.0 
 12/09  23:00:00;25.833333333333332;28.904745389534174;2913185.9617294315;0.0 
 12/09  24:00:00;24.974999999999998;28.418168857616113;0.0;0.0 
 12/10  01:00:00;24.133333333333336;27.79886055825068;0.0;0.0 
 12/10  02:00:00;23.39166666666667;27.2153772558629;0.0;0.0 
 12/10  03:00:00;22.633333333333336;26.617930725450574;0.0;0.0 
 12/10  04:00:00;21.833333333333332;25.988678251412253;0.0;0.0 
 12/10  05:00:00;21.09166666666667;25.38043280103697;0.0;0.0 
 12/10  06:00:00;20.333333333333332;24.76237103119067;0.0;0.0 
 12/10  07:00:00;20.46666666666667;24.59033034816278;0.0;0.0 
 12/10  08:00:00;21.325;24.908539098237213;0.0;0.0 
 12/10  09:00:00;22.166666666666668;25.407827906154154;0.0;0.0 
 12/10  10:00:00;25.708333333333332;27.12418302823508;7877580.943610143;0.0 
 12/10  11:00:00;30.916666666666668;27.996253542084748;64445998.62443223;0.0 
 12/10  12:00:00;34.34166666666667;28.446614923470392;107484320.52550495;0.0 
 12/10  13:00:00;36.0;28.87992370122362;132299324.31922092;0.0 
 12/10  14:00:00;37.25833333333333;29.28564487069798;152700800.50722072;0.0 
 12/10  15:00:00;38.5;29.638271921286748;161795662.2113077;0.0 
 12/10  16:00:00;39.0;29.8843067549531;186093066.15703523;0.0 
 12/10  17:00:00;37.833333333333336;29.938158297249675;162758578.92507353;0.0 
 12/10  18:00:00;34.958333333333336;29.784757636015815;118545465.53746538;0.0 
 12/10  19:00:00;31.458333333333332;29.51630676016894;75130461.7401199;0.0 
 12/10  20:00:00;29.125;29.27531440270569;45479317.87508076;0.0 
 12/10  21:00:00;27.625;29.074137636236312;25950600.026250698;0.0 
 12/10  22:00:00;26.53333333333333;28.895594757471244;11545104.012871522;0.0 
 12/10  23:00:00;25.675;28.681315855128485;1552229.556585033;0.0 
 12/10  24:00:00;24.833333333333332;28.146062841549277;0.0;0.0 
 12/11  01:00:00;24.03333333333333;27.549334525602006;0.0;0.0 
 12/11  02:00:00;23.175;26.909611783457862;0.0;0.0 
 12/11  03:00:00;22.333333333333332;26.263452174645238;0.0;0.0 
 12/11  04:00:00;21.416666666666668;25.572148612913228;0.0;0.0 
 12/11  05:00:00;20.533333333333335;24.880820517309445;0.0;0.0 
 12/11  06:00:00;19.791666666666668;24.25862384387305;0.0;0.0 
 12/11  07:00:00;19.208333333333332;26.90767427458623;964799.9135924893;0.0 
 12/11  08:00:00;19.0;27.184055402569054;1322174.8000404593;0.0 
 12/11  09:00:00;21.041666666666668;27.32988617067224;1485363.9058133792;0.0 
 12/11  10:00:00;26.291666666666668;27.620864145916787;1899893.3285992448;0.0 
 12/11  11:00:00;31.333333333333332;28.014198803088565;2608368.793814426;0.0 
 12/11  12:00:00;34.225;28.418261078403688;3518831.8625518703;0.0 
 12/11  13:00:00;36.03333333333334;28.830548655798196;4602416.562456226;0.0 
 12/11  14:00:00;37.63333333333333;29.230923376380673;5746416.377802944;0.0 
 12/11  15:00:00;39.233333333333334;29.58392122521143;6788030.516921658;0.0 
 12/11  16:00:00;39.375;29.82324348714218;7507248.118185345;0.0 
 12/11  17:00:00;37.833333333333336;29.86759532584139;7667575.3042318;0.0 
 12/11  18:00:00;35.95000000000001;29.725526327360953;7273467.339985324;0.0 
 12/11  19:00:00;33.333333333333336;29.474648811024338;6543530.408980103;0.0 
 12/11  20:00:00;31.416666666666668;29.246336318467883;5828580.855598815;0.0 
 12/11  21:00:00;30.416666666666668;29.062285807487882;5236003.007515074;0.0 
 12/11  22:00:00;28.541666666666668;28.88572384006507;4720058.843014093;0.0 
 12/11  23:00:00;26.041666666666668;28.630674831312433;6785012.753276366;0.0 
 12/11  24:00:00;23.541666666666668;27.43687735659407;0.0;0.0 
 12/12  01:00:00;22.208333333333332;26.468550640721006;0.0;0.0 
 12/12  02:00:00;21.76666666666667;25.986131950345058;0.0;0.0 
 12/12  03:00:00;21.308333333333337;25.519756878331805;0.0;0.0 
 12/12  04:00:00;20.633333333333336;24.949542130091668;0.0;0.0 
 12/12  05:00:00;19.775000000000002;24.273960377640364;0.0;0.0 
 12/12  06:00:00;18.933333333333337;23.593845589590135;0.0;0.0 
 12/12  07:00:00;18.25;26.585299745669783;630191.8822132519;0.0 
 12/12  08:00:00;17.416666666666668;26.96863978063391;1029372.1827133491;0.0 
 12/12  09:00:00;20.616666666666667;27.14024389878836;1224303.3330990525;0.0 
 12/12  10:00:00;26.583333333333332;27.462599497011244;1671257.0001792973;0.0 
 12/12  11:00:00;30.75;27.854385290445716;2336083.2879252816;0.0 
 12/12  12:00:00;33.63333333333333;28.256471419234686;3204887.254903007;0.0 
 12/12  13:00:00;35.44166666666667;28.659181098177864;4228832.519072765;0.0 
 12/12  14:00:00;36.483333333333334;29.0334551973838;5279594.588410495;0.0 
 12/12  15:00:00;37.541666666666664;29.3614994525457;6232078.76409822;0.0 
 12/12  16:00:00;38.0;29.592153108071113;6902879.155291204;0.0 
 12/12  17:00:00;36.541666666666664;29.62950787832051;7037734.869325478;0.0 
 12/12  18:00:00;34.041666666666664;29.466965407612992;6614039.17174326;0.0 
 12/12  19:00:00;30.083333333333332;29.181933074271424;5852734.833469667;0.0 
 12/12  20:00:00;26.71666666666667;28.914534820540155;5111685.0228608055;0.0 
 12/12  21:00:00;24.516666666666666;28.69444076364243;4496793.685569361;0.0 
 12/12  22:00:00;22.84166666666667;28.499350411655318;3973913.3643787825;0.0 
 12/12  23:00:00;21.483333333333334;26.19255525605251;0.0;0.0 
 12/12  24:00:00;20.141666666666666;25.142686845786255;0.0;0.0 
 12/13  01:00:00;19.308333333333337;24.391926529296843;0.0;0.0 
 12/13  02:00:00;18.75;23.819725587159937;0.0;0.0 
 12/13  03:00:00;18.208333333333332;23.2714909726578;0.0;0.0 
 12/13  04:00:00;17.59166666666667;22.697705791894577;0.0;0.0 
 12/13  05:00:00;16.95;22.108344667551467;0.0;0.0 
 12/13  06:00:00;16.291666666666668;21.514211006087212;0.0;0.0 
 12/13  07:00:00;16.7;25.597994850777834;0.0;0.0 
 12/13  08:00:00;17.958333333333332;26.39579500148498;67822.76540261773;0.0 
 12/13  09:00:00;19.2;26.60746858963027;331997.8222582693;0.0 
 12/13  10:00:00;25.941666666666663;26.958614650968325;949080.2603669846;0.0 
 12/13  11:00:00;27.65833333333333;27.349494928334938;1580157.5259791194;0.0 
 12/13  12:00:00;27.391666666666666;27.703205363784676;2301819.4064461323;0.0 
 12/13  13:00:00;30.349999999999998;28.130373063345065;3298511.0314611;0.0 
 12/13  14:00:00;33.35;28.556175113599902;4395733.393283121;0.0 
 12/13  15:00:00;36.35;28.943671145856822;5431804.396081831;0.0 
 12/13  16:00:00;37.25;29.2070914173916;6154285.015178028;0.0 
 12/13  17:00:00;35.833333333333336;29.2586413435925;6314032.38902944;0.0 
 12/13  18:00:00;34.125;29.118594950582608;5937411.34206569;0.0 
 12/13  19:00:00;30.875;28.864026943225124;5250201.579347016;0.0 
 12/13  20:00:00;27.599999999999998;28.621202371621475;4575824.3307030015;0.0 
 12/13  21:00:00;25.2;28.416964188264345;4009537.4973703744;0.0 
 12/13  22:00:00;23.558333333333334;28.24009902496991;3531879.4072940294;0.0 
 12/13  23:00:00;22.400000000000002;26.398888529034675;0.0;0.0 
 12/13  24:00:00;21.258333333333333;25.51734189452846;0.0;0.0 
 12/14  01:00:00;20.333333333333332;24.773855001879312;0.0;0.0 
 12/14  02:00:00;19.59166666666667;24.135007061682842;0.0;0.0 
 12/14  03:00:00;18.833333333333332;23.49603622134377;0.0;0.0 
 12/14  04:00:00;18.325;22.981435497278955;0.0;0.0 
 12/14  05:00:00;17.966666666666665;22.565509023515563;0.0;0.0 
 12/14  06:00:00;17.625;22.1679853472325;0.0;0.0 
 12/14  07:00:00;17.208333333333332;25.727679450255376;0.0;0.0 
 12/14  08:00:00;16.416666666666668;26.33674495917218;60976.20190273701;0.0 
 12/14  09:00:00;18.508333333333333;26.526672050444944;284861.5129104099;0.0 
 12/14  10:00:00;24.208333333333332;26.859487612188932;841879.8845160261;0.0 
 12/14  11:00:00;30.5;27.308914185906616;1524137.521667569;0.0 
 12/14  12:00:00;34.516666666666666;27.77508284919683;2445722.87063145;0.0 
 12/14  13:00:00;36.125;28.223303448889343;3529217.48407045;0.0 
 12/14  14:00:00;36.96666666666667;28.636658598755545;4647282.613353396;0.0 
 12/14  15:00:00;37.824999999999996;28.995324123891177;5655874.133960965;0.0 
 12/14  16:00:00;38.083333333333336;29.245595406418072;6351906.769775067;0.0 
 12/14  17:00:00;36.833333333333336;29.295297482272314;6487661.608847798;0.0 
 12/14  18:00:00;35.125;29.15403494412378;6084810.242147854;0.0 
 12/14  19:00:00;31.291666666666668;28.889155788260023;5358720.92020656;0.0 
 12/14  20:00:00;27.71666666666667;28.631313535481734;4636544.635194786;0.0 
 12/14  21:00:00;25.51666666666667;28.422950163170256;4042014.619507229;0.0 
 12/14  22:00:00;23.84166666666667;28.244048171693862;3548881.442477037;0.0 
 12/14  23:00:00;22.541666666666668;26.4730213619854;0.0;0.0 
 12/14  24:00:00;20.95;25.36774853792672;0.0;0.0 
 12/15  01:00:00;20.375;24.768794148168624;0.0;0.0 
 12/15  02:00:00;20.616666666666667;24.662689430078448;0.0;0.0 
 12/15  03:00:00;20.875;24.607217029712245;0.0;0.0 
 12/15  04:00:00;21.0;24.51175065069161;0.0;0.0 
 12/15  05:00:00;20.416666666666668;24.06195064846611;0.0;0.0 
 12/15  06:00:00;18.833333333333332;23.06117254052894;0.0;0.0 
 12/15  07:00:00;16.833333333333332;26.06588236580268;163365.04975070097;0.0 
 12/15  08:00:00;16.0;26.482793092524442;288559.9998753874;0.0 
 12/15  09:00:00;18.333333333333332;26.64979843832697;479508.8544505362;0.0 
 12/15  10:00:00;24.083333333333332;26.966813512773413;986785.2171989908;0.0 
 12/15  11:00:00;30.5;27.403782848945568;1657372.3565013912;0.0 
 12/15  12:00:00;34.75;27.866150534920862;2587582.766031675;0.0 
 12/15  13:00:00;36.525;28.313286196118327;3682231.020616204;0.0 
 12/15  14:00:00;37.483333333333334;28.730342121846718;4824356.002733639;0.0 
 12/15  15:00:00;38.425000000000004;29.097005000096388;5872399.363165434;0.0 
 12/15  16:00:00;37.63333333333333;29.3424253883795;6593365.630612595;0.0 
 12/15  17:00:00;35.633333333333326;29.390480019710683;6756391.208652504;0.0 
 12/15  18:00:00;33.633333333333326;29.251742061779115;6372899.796621743;0.0 
 12/15  19:00:00;30.0;28.987073657735916;5637277.700319713;0.0 
 12/15  20:00:00;26.71666666666667;28.72792627779958;4894794.773844898;0.0 
 12/15  21:00:00;24.516666666666666;28.514071327840128;4271148.8063272955;0.0 
 12/15  22:00:00;23.133333333333336;28.330435687815903;3751474.4044001335;0.0 
 12/15  23:00:00;22.275000000000002;26.422011895513034;0.0;0.0 
 12/15  24:00:00;21.433333333333337;25.693507285003978;0.0;0.0 
 12/16  01:00:00;20.633333333333336;25.026216448459305;0.0;0.0 
 12/16  02:00:00;19.775000000000002;24.335438186836274;0.0;0.0 
 12/16  03:00:00;18.933333333333337;23.647594888648474;0.0;0.0 
 12/16  04:00:00;18.133333333333336;22.980001730896998;0.0;0.0 
 12/16  05:00:00;17.333333333333332;22.310144055509383;0.0;0.0 
 12/16  06:00:00;16.825;21.787031368605387;0.0;0.0 
 12/16  07:00:00;18.041666666666668;25.71012585005556;6067.764237160372;0.0 
 12/16  08:00:00;19.0;26.40689830451086;169818.91444872745;0.0 
 12/16  09:00:00;19.0;26.587258743647343;377729.7665888528;0.0 
 12/16  10:00:00;23.083333333333332;26.887174347991998;881198.1191588428;0.0 
 12/16  11:00:00;29.5;27.325983865917223;1546931.5856484135;0.0 
 12/16  12:00:00;33.86666666666667;27.789166054999388;2458140.4625409995;0.0 
 12/16  13:00:00;35.78333333333333;28.24030086832089;3544313.828441578;0.0 
 12/16  14:00:00;36.78333333333333;28.66021826759194;4677280.143784008;0.0 
 12/16  15:00:00;37.78333333333334;29.02991229457083;5716577.852424763;0.0 
 12/16  16:00:00;38.666666666666664;29.301162974600075;6468471.537387158;0.0 
 12/16  17:00:00;36.666666666666664;29.352136320723588;6629257.531317742;0.0 
 12/16  18:00:00;33.833333333333336;29.192984282023954;6205620.30516598;0.0 
 12/16  19:00:00;30.083333333333332;28.923707063217005;56818566.485132955;0.0 
 12/16  20:00:00;26.71666666666667;28.659164414428705;13850979.629101846;0.0 
 12/16  21:00:00;24.458333333333332;27.842121409834977;0.0;0.0 
 12/16  22:00:00;23.03333333333333;26.851237187530575;0.0;0.0 
 12/16  23:00:00;22.175;26.16581017475696;0.0;0.0 
 12/16  24:00:00;21.333333333333332;25.493952814095888;0.0;0.0 
 12/17  01:00:00;20.533333333333335;24.84499853994531;0.0;0.0 
 12/17  02:00:00;19.675;24.164225072742294;0.0;0.0 
 12/17  03:00:00;18.833333333333332;23.483010085892484;0.0;0.0 
 12/17  04:00:00;18.208333333333332;22.90892460937752;0.0;0.0 
 12/17  05:00:00;17.416666666666668;22.26268119839844;0.0;0.0 
 12/17  06:00:00;17.0;21.789135933455203;0.0;0.0 
 12/17  07:00:00;15.833333333333334;20.97316312955188;0.0;0.0 
 12/17  08:00:00;15.583333333333334;20.58854550461128;0.0;0.0 
 12/17  09:00:00;17.166666666666668;21.383972208616772;0.0;0.0 
 12/17  10:00:00;22.666666666666668;24.39768773172835;98244.67959398346;0.0 
 12/17  11:00:00;29.5;26.750769637406012;44997570.67772491;0.0 
 12/17  12:00:00;33.34166666666667;27.334410507590665;93363068.06108506;0.0 
 12/17  13:00:00;35.0;27.847910837471485;114440392.58464643;0.0 
 12/17  14:00:00;36.141666666666666;28.317772017651436;129166416.41015895;0.0 
 12/17  15:00:00;37.300000000000004;28.726550724849698;143888611.98103714;0.0 
 12/17  16:00:00;37.333333333333336;29.019411151932644;145430599.604274;0.0 
 12/17  17:00:00;35.833333333333336;29.10840797283369;128042922.73255683;0.0 
 12/17  18:00:00;33.949999999999996;28.995982687699563;104747962.1144548;0.0 
 12/17  19:00:00;30.166666666666668;28.750930677041538;57585324.38752193;0.0 
 12/17  20:00:00;26.833333333333332;28.506823920257307;15116611.484555861;0.0 
 12/17  21:00:00;24.891666666666666;27.918546245778582;14960.735432009096;0.0 
 12/17  22:00:00;24.625;27.5540284294629;0.0;0.0 
 12/17  23:00:00;24.76666666666667;27.479598252596134;0.0;0.0 
 12/17  24:00:00;24.36666666666667;27.128518922745812;0.0;0.0 
 12/18  01:00:00;23.96666666666667;26.770377607950223;0.0;0.0 
 12/18  02:00:00;23.566666666666666;26.408117705097748;0.0;0.0 
 12/18  03:00:00;23.166666666666668;26.042634007468877;0.0;0.0 
 12/18  04:00:00;21.833333333333332;25.198598488334948;0.0;0.0 
 12/18  05:00:00;19.891666666666666;23.970095292745697;0.0;0.0 
 12/18  06:00:00;17.933333333333337;22.685834963682385;0.0;0.0 
 12/18  07:00:00;16.458333333333332;26.070906033429768;215912.47238190245;0.0 
 12/18  08:00:00;16.0;26.528835091824607;393720.2097883423;0.0 
 12/18  09:00:00;18.099999999999998;26.679373513781375;563289.8480314816;0.0 
 12/18  10:00:00;23.333333333333332;26.98029424808229;1001481.7874331034;0.0 
 12/18  11:00:00;28.333333333333332;27.382427723042984;1614519.4088078707;0.0 
 12/18  12:00:00;32.1;27.81194383537546;2468297.985994487;0.0 
 12/18  13:00:00;34.358333333333334;28.232667014110547;3476031.3763122517;0.0 
 12/18  14:00:00;35.71666666666667;28.616727449785028;4508186.911487737;0.0 
 12/18  15:00:00;37.05833333333333;28.96278047336534;5472628.156851784;0.0 
 12/18  16:00:00;37.25;29.201826766159655;6153748.24356287;0.0 
 12/18  17:00:00;35.833333333333336;29.258456403979846;6335813.322902891;0.0 
 12/18  18:00:00;33.25;29.114528615255693;5968296.086600138;0.0 
 12/18  19:00:00;29.666666666666668;28.85072066126662;5262180.167991872;0.0 
 12/18  20:00:00;26.833333333333332;28.60648461293985;4571100.164472322;0.0 
 12/18  21:00:00;24.833333333333332;28.406518867760997;3998821.0399111896;0.0 
 12/18  22:00:00;23.416666666666668;28.231822819115965;3518511.821047534;0.0 
 12/18  23:00:00;22.416666666666668;26.39661152409364;0.0;0.0 
 12/18  24:00:00;21.76666666666667;25.781304393569297;0.0;0.0 
 12/19  01:00:00;21.483333333333334;25.404145459992275;0.0;0.0 
 12/19  02:00:00;21.283333333333335;25.100064515362337;0.0;0.0 
 12/19  03:00:00;21.083333333333332;24.81362992952476;0.0;0.0 
 12/19  04:00:00;21.0;24.59307492501273;0.0;0.0 
 12/19  05:00:00;20.416666666666668;24.131316865663038;0.0;0.0 
 12/19  06:00:00;18.950000000000003;23.185752275190566;0.0;0.0 
 12/19  07:00:00;17.5;26.166009308667316;348536.57656786713;0.0 
 12/19  08:00:00;16.416666666666668;26.55206807351942;428149.957941075;0.0 
 12/19  09:00:00;17.866666666666667;26.684833235359545;574659.7146701661;0.0 
 12/19  10:00:00;23.75;26.987986418736956;1008501.8257977373;0.0 
 12/19  11:00:00;29.333333333333332;27.4037818931799;1641827.200805806;0.0 
 12/19  12:00:00;33.1;27.833663477321114;2499645.716157258;0.0 
 12/19  13:00:00;35.06666666666667;28.250798193497094;3501778.940709645;0.0 
 12/19  14:00:00;35.86666666666667;28.624276134139198;4511890.197586477;0.0 
 12/19  15:00:00;36.666666666666664;28.949149036023844;5423562.421299529;0.0 
 12/19  16:00:00;37.0;29.16223227192678;6025104.163102611;0.0 
 12/19  17:00:00;35.833333333333336;29.186554899057047;6108907.958462444;0.0 
 12/19  18:00:00;34.00833333333333;29.04484061810537;5730369.384170277;0.0 
 12/19  19:00:00;31.375;28.821162832067362;5111592.83785823;0.0 
 12/19  20:00:00;29.125;28.61446569113251;4507486.845948734;0.0 
 12/19  21:00:00;27.683333333333337;28.443634909708678;3999523.797744363;0.0 
 12/19  22:00:00;27.041666666666668;28.303096840835668;3582933.858587645;0.0 
 12/19  23:00:00;26.53333333333333;28.17576599022;10046199.292741127;0.0 
 12/19  24:00:00;25.791666666666668;28.00828188592312;1283025.9948788737;0.0 
 12/20  01:00:00;25.09166666666667;27.562658611449407;0.0;0.0 
 12/20  02:00:00;24.450000000000003;27.07191881321111;0.0;0.0 
 12/20  03:00:00;23.791666666666668;26.563800422508177;0.0;0.0 
 12/20  04:00:00;23.325;26.142172001796478;0.0;0.0 
 12/20  05:00:00;23.083333333333332;25.84682409327119;0.0;0.0 
 12/20  06:00:00;22.475000000000005;25.377445619178445;0.0;0.0 
 12/20  07:00:00;22.39166666666667;26.833282320980047;813290.475968219;0.0 
 12/20  08:00:00;22.95;26.96014295874448;1010326.6957578517;0.0 
 12/20  09:00:00;23.491666666666664;27.07141293355835;1124901.9259199821;0.0 
 12/20  10:00:00;26.208333333333332;27.317049839261546;1460775.4619918682;0.0 
 12/20  11:00:00;29.75;27.665019504764718;2046937.8847248908;0.0 
 12/20  12:00:00;32.63333333333333;28.04420099490866;2851525.2970188535;0.0 
 12/20  13:00:00;34.266666666666666;28.439772470026075;3839507.674502721;0.0 
 12/20  14:00:00;35.06666666666667;28.81655724929932;4884136.485109728;0.0 
 12/20  15:00:00;35.86666666666667;29.149097964410416;5840926.567791158;0.0 
 12/20  16:00:00;35.5;29.374515287912544;6502176.900049382;0.0 
 12/20  17:00:00;34.416666666666664;29.42050640942507;6652143.949736973;0.0 
 12/20  18:00:00;33.125;29.285621233838842;6281346.8829002725;0.0 
 12/20  19:00:00;29.875;29.021411503016367;5562793.772993049;0.0 
 12/20  20:00:00;26.833333333333332;28.76319049102148;4843113.831497006;0.0 
 12/20  21:00:00;24.833333333333332;28.550817242027254;4243306.82961301;0.0 
 12/20  22:00:00;23.241666666666664;28.36131030188264;3733657.9155251426;0.0 
 12/20  23:00:00;22.0;26.308626830031727;0.0;0.0 
 12/20  24:00:00;20.741666666666667;25.330976388088626;0.0;0.0 
 12/21  01:00:00;20.666666666666668;24.980532091111723;0.0;0.0 
 12/21  02:00:00;21.40833333333333;25.142677225183963;0.0;0.0 
 12/21  03:00:00;22.166666666666668;25.36782581140182;0.0;0.0 
 12/21  04:00:00;22.208333333333332;25.26532879483715;0.0;0.0 
 12/21  05:00:00;21.416666666666668;24.70325465746213;0.0;0.0 
 12/21  06:00:00;21.0;24.289311842089322;0.0;0.0 
 12/21  07:00:00;21.0;26.399841887729185;331718.9129746825;0.0 
 12/21  08:00:00;20.416666666666668;26.666110649063352;499628.2521531903;0.0 
 12/21  09:00:00;20.291666666666668;26.77480857238019;607607.5261178914;0.0 
 12/21  10:00:00;22.541666666666668;27.01563242213179;1043350.4799388389;0.0 
 12/21  11:00:00;27.5;27.388480629197037;1612607.6880292413;0.0 
 12/21  12:00:00;31.34166666666667;27.813758635943866;2440065.936443637;0.0 
 12/21  13:00:00;33.0;28.227574239753906;3437517.9463575236;0.0 
 12/21  14:00:00;34.141666666666666;28.61780483593689;4492529.499406445;0.0 
 12/21  15:00:00;35.300000000000004;28.967722015590795;5482301.261817004;0.0 
 12/21  16:00:00;35.333333333333336;29.217051267082194;6199517.545997806;0.0 
 12/21  17:00:00;33.833333333333336;29.274184513173438;6389279.851395918;0.0 
 12/21  18:00:00;32.125;29.133631915431796;6020018.580886483;0.0 
 12/21  19:00:00;28.875;28.867385288315422;5307570.211575422;0.0 
 12/21  20:00:00;25.833333333333332;28.608171628027293;4594467.5267789895;0.0 
 12/21  21:00:00;23.833333333333332;28.39414414068108;3990092.7285125274;0.0 
 12/21  22:00:00;22.416666666666668;28.205363801393947;3482404.9513322674;0.0 
 12/21  23:00:00;22.233333333333334;26.257813762024966;0.0;0.0 
 12/21  24:00:00;22.575;26.153527376782005;0.0;0.0 
 12/22  01:00:00;22.291666666666668;25.820998152347936;0.0;0.0 
 12/22  02:00:00;21.53333333333333;25.233689717085586;0.0;0.0 
 12/22  03:00:00;20.791666666666668;24.638717942708897;0.0;0.0 
 12/22  04:00:00;19.508333333333333;23.765087176024053;0.0;0.0 
 12/22  05:00:00;17.75;22.597183722331092;0.0;0.0 
 12/22  06:00:00;16.416666666666668;21.601483918875484;0.0;0.0 
 12/22  07:00:00;16.408333333333335;25.573139817072857;0.0;0.0 
 12/22  08:00:00;17.166666666666668;26.326755051435313;27287.45307184327;0.0 
 12/22  09:00:00;17.908333333333335;26.502317541037357;222038.67055880657;0.0 
 12/22  10:00:00;22.166666666666668;26.79558151647761;737864.5442229809;0.0 
 12/22  11:00:00;27.916666666666668;27.20470194966785;1352569.8659998104;0.0 
 12/22  12:00:00;30.75833333333334;27.611248251494217;2116222.928337672;0.0 
 12/22  13:00:00;31.76666666666667;27.995746811122917;3014910.566593985;0.0 
 12/22  14:00:00;32.625;28.357741935955335;3952902.501151662;0.0 
 12/22  15:00:00;33.46666666666667;28.669092192529018;4795898.327954936;0.0 
 12/22  16:00:00;33.916666666666664;28.883213942489245;5372143.623935248;0.0 
 12/22  17:00:00;32.833333333333336;28.914113032632695;5466768.454875153;0.0 
 12/22  18:00:00;31.00833333333334;28.76138348549758;5080386.521994735;0.0 
 12/22  19:00:00;29.541666666666668;28.524988091702127;4449810.333523657;0.0 
 12/22  20:00:00;27.366666666666664;28.302876923954926;3847252.022759533;0.0 
 12/22  21:00:00;24.625;28.09789003655433;3325518.688652387;0.0 
 12/22  22:00:00;23.208333333333332;27.92302820303601;2890075.9020719593;0.0 
 12/22  23:00:00;22.416666666666668;26.0683002537733;0.0;0.0 
 12/22  24:00:00;20.95;25.041788207674795;0.0;0.0 
 12/23  01:00:00;20.141666666666666;24.335272749021836;0.0;0.0 
 12/23  02:00:00;19.983333333333334;24.01340494424201;0.0;0.0 
 12/23  03:00:00;19.841666666666665;23.72652927449893;0.0;0.0 
 12/23  04:00:00;19.683333333333337;23.44825669945237;0.0;0.0 
 12/23  05:00:00;19.483333333333334;23.155563816540788;0.0;0.0 
 12/23  06:00:00;19.283333333333335;22.86908813936114;0.0;0.0 
 12/23  07:00:00;18.5;25.3951757612045;0.0;0.0 
 12/23  08:00:00;17.416666666666668;25.941679127007074;0.0;0.0 
 12/23  09:00:00;17.99166666666667;26.1823745847236;0.0;0.0 
 12/23  10:00:00;22.375;26.60034249148768;439369.2476730714;0.0 
 12/23  11:00:00;26.75;26.998049034710544;1090476.0961617308;0.0 
 12/23  12:00:00;29.34166666666667;27.407817526441306;1824938.4848376517;0.0 
 12/23  13:00:00;30.825;27.815022442052538;2752078.52116719;0.0 
 12/23  14:00:00;31.724999999999998;28.19856964664156;3735325.176128271;0.0 
 12/23  15:00:00;32.625;28.543624911675394;4660625.459663316;0.0 
 12/23  16:00:00;33.0;28.792967128354547;5337295.42711269;0.0 
 12/23  17:00:00;31.833333333333332;28.852537283828422;5517784.611289671;0.0 
 12/23  18:00:00;30.358333333333334;28.727776352310055;5196733.660151712;0.0 
 12/23  19:00:00;27.041666666666668;28.4236534409812;19178373.724468026;0.0 
 12/23  20:00:00;23.89166666666667;27.316580197014492;0.0;0.0 
 12/23  21:00:00;21.99166666666667;26.055417382596627;0.0;0.0 
 12/23  22:00:00;20.5;24.981156309702797;0.0;0.0 
 12/23  23:00:00;19.766666666666666;24.305388707143294;0.0;0.0 
 12/23  24:00:00;19.425;23.870276253976417;0.0;0.0 
 12/24  01:00:00;19.416666666666668;23.631356338165613;0.0;0.0 
 12/24  02:00:00;19.675;23.56606643536922;0.0;0.0 
 12/24  03:00:00;19.916666666666668;23.521326650537492;0.0;0.0 
 12/24  04:00:00;19.416666666666668;23.114865666775852;0.0;0.0 
 12/24  05:00:00;18.416666666666668;22.408877781243643;0.0;0.0 
 12/24  06:00:00;17.416666666666668;21.676078759989537;0.0;0.0 
 12/24  07:00:00;16.416666666666668;20.928869017620105;0.0;0.0 
 12/24  08:00:00;15.416666666666666;20.206741571505304;0.0;0.0 
 12/24  09:00:00;17.45;21.15699913158654;0.0;0.0 
 12/24  10:00:00;22.583333333333332;24.054599742799812;0.0;0.0 
 12/24  11:00:00;27.333333333333332;26.35232046292404;18051046.380693547;0.0 
 12/24  12:00:00;29.583333333333332;26.923205335241846;46544796.740575485;0.0 
 12/24  13:00:00;30.7;27.404544903469652;61435901.01230863;0.0 
 12/24  14:00:00;31.84166666666667;27.849436259526403;76601714.00760482;0.0 
 12/24  15:00:00;33.0;28.24493339538569;91798805.39985956;0.0 
 12/24  16:00:00;33.208333333333336;28.526818421714736;95055279.53796196;0.0 
 12/24  17:00:00;32.416666666666664;28.618381302177823;85569297.23544547;0.0 
 12/24  18:00:00;30.833333333333332;28.512174289061907;65728918.039375775;0.0 
 12/24  19:00:00;27.666666666666668;28.276802056678534;25405806.93644971;0.0 
 12/24  20:00:00;25.3;27.842343762984456;217830.98390511298;0.0 
 12/24  21:00:00;24.041666666666668;26.995992524994477;0.0;0.0 
 12/24  22:00:00;22.041666666666668;25.73649389487115;0.0;0.0 
 12/24  23:00:00;21.0;24.895705893800397;0.0;0.0 
 12/24  24:00:00;20.533333333333335;24.4200267576747;0.0;0.0 
 12/25  01:00:00;19.733333333333334;23.7797076747807;0.0;0.0 
 12/25  02:00:00;18.933333333333337;23.135413195722734;0.0;0.0 
 12/25  03:00:00;18.133333333333336;22.48801878509943;0.0;0.0 
 12/25  04:00:00;17.333333333333332;21.837105979327827;0.0;0.0 
 12/25  05:00:00;17.0;21.41929613453779;0.0;0.0 
 12/25  06:00:00;17.0;21.2077857527227;0.0;0.0 
 12/25  07:00:00;17.058333333333334;21.048813803432257;0.0;0.0 
 12/25  08:00:00;17.099999999999998;20.932467845674843;0.0;0.0 
 12/25  09:00:00;17.158333333333335;20.983491649844474;0.0;0.0 
 12/25  10:00:00;20.349999999999998;22.75894772702188;0.0;0.0 
 12/25  11:00:00;25.75;25.73445881325426;7156920.29345431;0.0 
 12/25  12:00:00;29.516666666666666;26.744550155645317;45542877.614108704;0.0 
 12/25  13:00:00;31.358333333333334;27.265216678848663;69493082.70707723;0.0 
 12/25  14:00:00;32.65833333333333;27.73770423887798;86499992.16701339;0.0 
 12/25  15:00:00;33.958333333333336;28.1545070516938;103275437.81245883;0.0 
 12/25  16:00:00;34.208333333333336;28.460030462697063;107109239.85760605;0.0 
 12/25  17:00:00;32.833333333333336;28.56448778667676;90662692.3905404;0.0 
 12/25  18:00:00;30.541666666666668;28.45577273493164;62049935.09707879;0.0 
 12/25  19:00:00;26.875;28.15562692489428;16784789.964112137;0.0 
 12/25  20:00:00;23.833333333333332;27.022842003486627;0.0;0.0 
 12/25  21:00:00;21.833333333333332;25.72283466894476;0.0;0.0 
 12/25  22:00:00;20.416666666666668;24.692874934626293;0.0;0.0 
 12/25  23:00:00;19.416666666666668;23.899641160859286;0.0;0.0 
 12/25  24:00:00;18.416666666666668;23.11616583471476;0.0;0.0 
 12/26  01:00:00;17.416666666666668;22.332573856874493;0.0;0.0 
 12/26  02:00:00;16.416666666666668;21.545368342478003;0.0;0.0 
 12/26  03:00:00;15.416666666666666;20.75342681639864;0.0;0.0 
 12/26  04:00:00;14.883333333333333;20.193316629041394;0.0;0.0 
 12/26  05:00:00;14.625;19.810588275719773;0.0;0.0 
 12/26  06:00:00;14.325000000000001;19.42501044725852;0.0;0.0 
 12/26  07:00:00;14.083333333333334;23.48296164355068;0.0;0.0 
 12/26  08:00:00;15.283333333333333;24.27416177814996;0.0;0.0 
 12/26  09:00:00;17.541666666666668;24.69179301381058;0.0;0.0 
 12/26  10:00:00;21.708333333333332;25.50318783705931;0.0;0.0 
 12/26  11:00:00;26.916666666666668;26.389301574656354;419551.8900379197;0.0 
 12/26  12:00:00;29.816666666666666;26.869745606393888;1163435.1446388203;0.0 
 12/26  13:00:00;31.275000000000002;27.333395115523615;2123658.6480648685;0.0 
 12/26  14:00:00;32.833333333333336;27.780975690843025;3187217.036260702;0.0 
 12/26  15:00:00;34.375;28.179711356072477;4186384.1671694564;0.0 
 12/26  16:00:00;34.416666666666664;28.46263833539112;4909907.723236501;0.0 
 12/26  17:00:00;32.833333333333336;28.547474975400263;5124258.614331147;0.0 
 12/26  18:00:00;30.541666666666668;28.43317587407148;4814903.4060903005;0.0 
 12/26  19:00:00;28.041666666666668;28.212482654057013;4208863.495981132;0.0 
 12/26  20:00:00;25.833333333333332;28.00272544461755;3602323.9935797267;0.0 
 12/26  21:00:00;23.833333333333332;27.822424372855135;3079911.5565331657;0.0 
 12/26  22:00:00;22.416666666666668;27.66383092550439;2638200.3049037764;0.0 
 12/26  23:00:00;21.416666666666668;25.312604316911017;0.0;0.0 
 12/26  24:00:00;20.650000000000002;24.60710264046008;0.0;0.0 
 12/27  01:00:00;20.05;24.058895667579403;0.0;0.0 
 12/27  02:00:00;19.391666666666666;23.49843327072415;0.0;0.0 
 12/27  03:00:00;18.75;22.947400000266587;0.0;0.0 
 12/27  04:00:00;18.091666666666665;22.394231364561694;0.0;0.0 
 12/27  05:00:00;17.333333333333332;21.786774870202958;0.0;0.0 
 12/27  06:00:00;16.708333333333332;21.237830624092705;0.0;0.0 
 12/27  07:00:00;16.208333333333332;24.77629786221137;0.0;0.0 
 12/27  08:00:00;16.758333333333333;25.4704257588914;0.0;0.0 
 12/27  09:00:00;18.058333333333334;25.771692132674104;0.0;0.0 
 12/27  10:00:00;21.166666666666668;26.302574187473994;184311.6332670892;0.0 
 12/27  11:00:00;25.333333333333332;26.71596780278854;754548.3391072404;0.0 
 12/27  12:00:00;29.041666666666668;27.146466088956505;1488343.1791116633;0.0 
 12/27  13:00:00;31.25833333333334;27.593704197147513;2461491.931470593;0.0 
 12/27  14:00:00;32.61666666666667;28.019150463409602;3518091.364108255;0.0 
 12/27  15:00:00;33.958333333333336;28.39418397978463;4500309.813990414;0.0 
 12/27  16:00:00;33.625;28.65113723032952;5194394.534727834;0.0 
 12/27  17:00:00;33.0;28.73284424588824;5406581.790570291;0.0 
 12/27  18:00:00;32.00833333333334;28.638212870398785;5132443.1483827755;0.0 
 12/27  19:00:00;29.958333333333332;28.42772626947135;4538477.875135266;0.0 
 12/27  20:00:00;28.183333333333334;28.22649085087649;3933704.93370686;0.0 
 12/27  21:00:00;26.78333333333333;28.060837604239865;3433857.5463576717;0.0 
 12/27  22:00:00;25.5;27.913472506700256;3013238.703845991;0.0 
 12/27  23:00:00;24.00833333333334;26.88559349943741;0.0;0.0 
 12/27  24:00:00;22.541666666666668;25.9208376428907;0.0;0.0 
 12/28  01:00:00;21.825;25.32239261816782;0.0;0.0 
 12/28  02:00:00;21.46666666666667;24.936605087087262;0.0;0.0 
 12/28  03:00:00;21.125;24.57338129225595;0.0;0.0 
 12/28  04:00:00;20.825;24.24226892579855;0.0;0.0 
 12/28  05:00:00;20.466666666666665;23.888380579383995;0.0;0.0 
 12/28  06:00:00;20.125;23.54955895669893;0.0;0.0 
 12/28  07:00:00;20.0;25.9496615946266;125029.892733769;0.0 
 12/28  08:00:00;20.0;26.431270798718213;309596.818305206;0.0 
 12/28  09:00:00;20.583333333333332;26.564671411750965;450620.2862168375;0.0 
 12/28  10:00:00;21.583333333333332;26.75960825651353;723110.3773521496;0.0 
 12/28  11:00:00;23.166666666666668;27.019586442537413;1104084.5935365462;0.0 
 12/28  12:00:00;25.34166666666667;27.308884937340654;1631932.5425173745;0.0 
 12/28  13:00:00;26.766666666666666;27.565987845133638;2192476.014227203;0.0 
 12/28  14:00:00;27.508333333333336;27.769868145822084;2682217.230328122;0.0 
 12/28  15:00:00;28.266666666666666;27.9385954868858;3089986.250134537;0.0 
 12/28  16:00:00;28.25;28.064941369196294;3387219.4743643478;0.0 
 12/28  17:00:00;26.833333333333332;28.08755573844312;3468452.936185104;0.0 
 12/28  18:00:00;25.416666666666668;27.981435972508887;3266609.5567828435;0.0 
 12/28  19:00:00;24.416666666666668;27.828998910058104;2919723.968085967;0.0 
 12/28  20:00:00;23.708333333333332;27.69096277448831;2566504.454642334;0.0 
 12/28  21:00:00;23.208333333333332;27.575200472709707;2264197.8111040005;0.0 
 12/28  22:00:00;22.708333333333332;27.473326788376358;2013912.295549856;0.0 
 12/28  23:00:00;22.266666666666666;25.564167515807103;0.0;0.0 
 12/28  24:00:00;21.925;25.166064219539596;0.0;0.0 
 12/29  01:00:00;21.625;24.841857638828063;0.0;0.0 
 12/29  02:00:00;21.383333333333336;24.556938414308416;0.0;0.0 
 12/29  03:00:00;21.125;24.276610729545748;0.0;0.0 
 12/29  04:00:00;20.416666666666668;23.575305223258223;0.0;0.0 
 12/29  05:00:00;20.116666666666667;23.049728783265394;0.0;0.0 
 12/29  06:00:00;20.375;22.902443242075265;0.0;0.0 
 12/29  07:00:00;20.791666666666668;24.163131206067558;0.0;0.0 
 12/29  08:00:00;21.0;24.087256316140355;0.0;0.0 
 12/29  09:00:00;21.46666666666667;23.837657735849405;0.0;0.0 
 12/29  10:00:00;23.083333333333332;23.62106936224481;0.0;0.0 
 12/29  11:00:00;25.166666666666668;23.458508755531536;0.0;0.0 
 12/29  12:00:00;26.349999999999998;23.364797692016932;0.0;0.0 
 12/29  13:00:00;27.125;23.541709760851727;0.0;0.0 
 12/29  14:00:00;27.96666666666667;24.530391249929142;0.0;0.0 
 12/29  15:00:00;28.825;24.816777449004874;0.0;0.0 
 12/29  16:00:00;28.558333333333334;24.511367950739956;0.0;0.0 
 12/29  17:00:00;27.458333333333332;24.25502148707356;0.0;0.0 
 12/29  18:00:00;26.416666666666668;23.433263424179632;0.0;0.0 
 12/29  19:00:00;24.833333333333332;22.998844875049656;0.0;0.0 
 12/29  20:00:00;23.708333333333332;23.005740487740354;0.0;0.0 
 12/29  21:00:00;23.208333333333332;22.542291233219856;0.0;0.0 
 12/29  22:00:00;22.708333333333332;22.111751191548425;0.0;0.0 
 12/29  23:00:00;22.266666666666666;22.424855237249442;0.0;0.0 
 12/29  24:00:00;21.458333333333332;21.75409349267754;0.0;0.0 
 12/30  01:00:00;20.883333333333333;21.281363126904022;0.0;0.0 
 12/30  02:00:00;20.683333333333334;21.244829806384853;0.0;0.0 
 12/30  03:00:00;20.541666666666668;21.124296456580385;0.0;0.0 
 12/30  04:00:00;20.383333333333333;20.9952334107935;0.0;0.0 
 12/30  05:00:00;20.183333333333337;20.839910237822735;0.0;0.0 
 12/30  06:00:00;19.983333333333334;20.4465534320555;0.0;0.0 
 12/30  07:00:00;19.958333333333332;20.34717620304178;0.0;0.0 
 12/30  08:00:00;20.058333333333337;20.512060295100387;0.0;0.0 
 12/30  09:00:00;20.158333333333335;20.34530438678397;0.0;0.0 
 12/30  10:00:00;20.666666666666668;20.049821813536447;0.0;0.0 
 12/30  11:00:00;21.0;19.881349883224498;0.0;0.0 
 12/30  12:00:00;22.166666666666668;19.818858370688528;0.0;0.0 
 12/30  13:00:00;23.816666666666666;20.140162040988418;0.0;0.0 
 12/30  14:00:00;25.15833333333333;21.324647996142666;0.0;0.0 
 12/30  15:00:00;26.516666666666666;21.897559521441178;0.0;0.0 
 12/30  16:00:00;26.458333333333332;21.4881482043134;0.0;0.0 
 12/30  17:00:00;25.416666666666668;21.07732072619449;0.0;0.0 
 12/30  18:00:00;24.53333333333333;20.57531075443322;0.0;0.0 
 12/30  19:00:00;23.791666666666668;21.987488348684533;0.0;0.0 
 12/30  20:00:00;23.03333333333333;21.797469501508164;0.0;0.0 
 12/30  21:00:00;22.291666666666668;21.2314536367653;0.0;0.0 
 12/30  22:00:00;21.416666666666668;20.574989606477896;0.0;0.0 
 12/30  23:00:00;21.175;20.449464519868325;0.0;0.0 
 12/30  24:00:00;20.308333333333337;20.114604828746707;0.0;0.0 
 12/31  01:00:00;19.308333333333337;19.564093766901756;0.0;0.0 
 12/31  02:00:00;18.808333333333337;19.25745029596092;0.0;0.0 
 12/31  03:00:00;18.25;18.91931086920522;0.0;0.0 
 12/31  04:00:00;17.708333333333332;18.57888060369184;0.0;0.0 
 12/31  05:00:00;17.208333333333332;18.258840508376984;0.0;0.0 
 12/31  06:00:00;16.416666666666668;17.78518570998097;0.0;0.0 
 12/31  07:00:00;16.0;17.471040066291245;0.0;0.0 
 12/31  08:00:00;16.0;17.41792355047221;0.0;0.0 
 12/31  09:00:00;16.875;17.963240950639964;0.0;0.0 
 12/31  10:00:00;20.591666666666665;20.12711205727535;0.0;0.0 
 12/31  11:00:00;25.833333333333332;23.127375149719143;5685862.0172609;0.0 
 12/31  12:00:00;29.516666666666666;24.256693885834565;42354023.44858646;0.0 
 12/31  13:00:00;31.3;24.839311724404865;65623924.008925065;0.0 
 12/31  14:00:00;32.55833333333333;25.370076823854237;82216171.0818425;0.0 
 12/31  15:00:00;33.800000000000004;25.853862728455056;98440381.68090671;0.0 
 12/31  16:00:00;34.708333333333336;26.253757773644576;110390165.86241132;0.0 
 12/31  17:00:00;33.833333333333336;26.46475680894226;100256394.49772519;0.0 
 12/31  18:00:00;32.53333333333333;26.468157112433673;84256220.5263117;0.0 
 12/31  19:00:00;29.166666666666668;26.324271699149264;42029982.04298271;0.0 
 12/31  20:00:00;25.95;26.075921687479056;3390058.986653894;0.0 
 12/31  21:00:00;24.208333333333332;25.203524761086328;0.0;0.0 
 12/31  22:00:00;22.625;24.26285634156707;0.0;0.0 
 12/31  23:00:00;21.88333333333334;23.73311314213943;0.0;0.0 
 12/31  24:00:00;22.5;23.921160598069296;0.0;0.0 
